{
"type": "FeatureCollection",
"name": "buildings",
"crs": { "type": "name", "properties": { "name": "urn:ogc:def:crs:OGC:1.3:CRS84" } },
"features": [
{ "type": "Feature", "properties": { "place_id": 0, "height_m": 9.0, "area_m2": 21364.94461525833 }, "geometry": { "type": "Polygon", "coordinates": [ [ [ 116.21375, 39.84975 ], [ 116.21525, 39.84975 ], [ 116.21525, 39.85125 ], [ 116.21375, 39.85125 ], [ 116.21375, 39.84975 ] ] ] } },
{ "type": "Feature", "properties": { "place_id": 1, "height_m": 9.0, "area_m2": 21363.412631463281 }, "geometry": { "type": "Polygon", "coordinates": [ [ [ 116.21375, 39.85475 ], [ 116.21525, 39.85475 ], [ 116.21525, 39.85625 ], [ 116.21375, 39.85625 ], [ 116.21375, 39.85475 ] ] ] } },
{ "type": "Feature", "properties": { "place_id": 2, "height_m": 9.0, "area_m2": 21361.880482442248 }, "geometry": { "type": "Polygon", "coordinates": [ [ [ 116.21375, 39.85975 ], [ 116.21525, 39.85975 ], [ 116.21525, 39.86125 ], [ 116.21375, 39.86125 ], [ 116.21375, 39.85975 ] ] ] } },
{ "type": "Feature", "properties": { "place_id": 3, "height_m": 9.0, "area_m2": 21360.348168114764 }, "geometry": { "type": "Polygon", "coordinates": [ [ [ 116.21375, 39.86475 ], [ 116.21525, 39.86475 ], [ 116.21525, 39.86625 ], [ 116.21375, 39.86625 ], [ 116.21375, 39.86475 ] ] ] } },
{ "type": "Feature", "properties": { "place_id": 4, "height_m": 9.0, "area_m2": 21358.815688155697 }, "geometry": { "type": "Polygon", "coordinates": [ [ [ 116.21375, 39.86975 ], [ 116.21525, 39.86975 ], [ 116.21525, 39.87125 ], [ 116.21375, 39.87125 ], [ 116.21375, 39.86975 ] ] ] } },
{ "type": "Feature", "properties": { "place_id": 5, "height_m": 9.0, "area_m2": 21357.283042868767 }, "geometry": { "type": "Polygon", "coordinates": [ [ [ 116.21375, 39.87475 ], [ 116.21525, 39.87475 ], [ 116.21525, 39.87625 ], [ 116.21375, 39.87625 ], [ 116.21375, 39.87475 ] ] ] } },
{ "type": "Feature", "properties": { "place_id": 6, "height_m": 9.0, "area_m2": 21355.75023208198 }, "geometry": { "type": "Polygon", "coordinates": [ [ [ 116.21375, 39.87975 ], [ 116.21525, 39.87975 ], [ 116.21525, 39.88125 ], [ 116.21375, 39.88125 ], [ 116.21375, 39.87975 ] ] ] } },
{ "type": "Feature", "properties": { "place_id": 7, "height_m": 9.0, "area_m2": 21354.21725605561 }, "geometry": { "type": "Polygon", "coordinates": [ [ [ 116.21375, 39.88475 ], [ 116.21525, 39.88475 ], [ 116.21525, 39.88625 ], [ 116.21375, 39.88625 ], [ 116.21375, 39.88475 ] ] ] } },
{ "type": "Feature", "properties": { "place_id": 8, "height_m": 9.0, "area_m2": 21352.684114486347 }, "geometry": { "type": "Polygon", "coordinates": [ [ [ 116.21375, 39.88975 ], [ 116.21525, 39.88975 ], [ 116.21525, 39.89125 ], [ 116.21375, 39.89125 ], [ 116.21375, 39.88975 ] ] ] } },
{ "type": "Feature", "properties": { "place_id": 9, "height_m": 9.0, "area_m2": 21351.150807825783 }, "geometry": { "type": "Polygon", "coordinates": [ [ [ 116.21375, 39.89475 ], [ 116.21525, 39.89475 ], [ 116.21525, 39.89625 ], [ 116.21375, 39.89625 ], [ 116.21375, 39.89475 ] ] ] } },
{ "type": "Feature", "properties": { "place_id": 10, "height_m": 9.0, "area_m2": 21349.617335585011 }, "geometry": { "type": "Polygon", "coordinates": [ [ [ 116.21375, 39.89975 ], [ 116.21525, 39.89975 ], [ 116.21525, 39.90125 ], [ 116.21375, 39.90125 ], [ 116.21375, 39.89975 ] ] ] } },
{ "type": "Feature", "properties": { "place_id": 11, "height_m": 9.0, "area_m2": 21348.083698434311 }, "geometry": { "type": "Polygon", "coordinates": [ [ [ 116.21375, 39.90475 ], [ 116.21525, 39.90475 ], [ 116.21525, 39.90625 ], [ 116.21375, 39.90625 ], [ 116.21375, 39.90475 ] ] ] } },
{ "type": "Feature", "properties": { "place_id": 12, "height_m": 9.0, "area_m2": 21346.549895500888 }, "geometry": { "type": "Polygon", "coordinates": [ [ [ 116.21375, 39.90975 ], [ 116.21525, 39.90975 ], [ 116.21525, 39.91125 ], [ 116.21375, 39.91125 ], [ 116.21375, 39.90975 ] ] ] } },
{ "type": "Feature", "properties": { "place_id": 13, "height_m": 9.0, "area_m2": 21345.015927618733 }, "geometry": { "type": "Polygon", "coordinates": [ [ [ 116.21375, 39.91475 ], [ 116.21525, 39.91475 ], [ 116.21525, 39.91625 ], [ 116.21375, 39.91625 ], [ 116.21375, 39.91475 ] ] ] } },
{ "type": "Feature", "properties": { "place_id": 14, "height_m": 9.0, "area_m2": 21343.481794283831 }, "geometry": { "type": "Polygon", "coordinates": [ [ [ 116.21375, 39.91975 ], [ 116.21525, 39.91975 ], [ 116.21525, 39.92125 ], [ 116.21375, 39.92125 ], [ 116.21375, 39.91975 ] ] ] } },
{ "type": "Feature", "properties": { "place_id": 15, "height_m": 9.0, "area_m2": 21341.947495647895 }, "geometry": { "type": "Polygon", "coordinates": [ [ [ 116.21375, 39.92475 ], [ 116.21525, 39.92475 ], [ 116.21525, 39.92625 ], [ 116.21375, 39.92625 ], [ 116.21375, 39.92475 ] ] ] } },
{ "type": "Feature", "properties": { "place_id": 16, "height_m": 9.0, "area_m2": 21340.413031816184 }, "geometry": { "type": "Polygon", "coordinates": [ [ [ 116.21375, 39.92975 ], [ 116.21525, 39.92975 ], [ 116.21525, 39.93125 ], [ 116.21375, 39.93125 ], [ 116.21375, 39.92975 ] ] ] } },
{ "type": "Feature", "properties": { "place_id": 17, "height_m": 9.0, "area_m2": 21338.878402609251 }, "geometry": { "type": "Polygon", "coordinates": [ [ [ 116.21375, 39.93475 ], [ 116.21525, 39.93475 ], [ 116.21525, 39.93625 ], [ 116.21375, 39.93625 ], [ 116.21375, 39.93475 ] ] ] } },
{ "type": "Feature", "properties": { "place_id": 18, "height_m": 9.0, "area_m2": 21337.343608217256 }, "geometry": { "type": "Polygon", "coordinates": [ [ [ 116.21375, 39.93975 ], [ 116.21525, 39.93975 ], [ 116.21525, 39.94125 ], [ 116.21375, 39.94125 ], [ 116.21375, 39.93975 ] ] ] } },
{ "type": "Feature", "properties": { "place_id": 19, "height_m": 9.0, "area_m2": 21335.808648530041 }, "geometry": { "type": "Polygon", "coordinates": [ [ [ 116.21375, 39.94475 ], [ 116.21525, 39.94475 ], [ 116.21525, 39.94625 ], [ 116.21375, 39.94625 ], [ 116.21375, 39.94475 ] ] ] } },
{ "type": "Feature", "properties": { "place_id": 20, "height_m": 9.0, "area_m2": 21334.273523854343 }, "geometry": { "type": "Polygon", "coordinates": [ [ [ 116.21375, 39.94975 ], [ 116.21525, 39.94975 ], [ 116.21525, 39.95125 ], [ 116.21375, 39.95125 ], [ 116.21375, 39.94975 ] ] ] } },
{ "type": "Feature", "properties": { "place_id": 21, "height_m": 9.0, "area_m2": 21332.738233492953 }, "geometry": { "type": "Polygon", "coordinates": [ [ [ 116.21375, 39.95475 ], [ 116.21525, 39.95475 ], [ 116.21525, 39.95625 ], [ 116.21375, 39.95625 ], [ 116.21375, 39.95475 ] ] ] } },
{ "type": "Feature", "properties": { "place_id": 22, "height_m": 9.0, "area_m2": 21331.202778463816 }, "geometry": { "type": "Polygon", "coordinates": [ [ [ 116.21375, 39.95975 ], [ 116.21525, 39.95975 ], [ 116.21525, 39.96125 ], [ 116.21375, 39.96125 ], [ 116.21375, 39.95975 ] ] ] } },
{ "type": "Feature", "properties": { "place_id": 23, "height_m": 9.0, "area_m2": 21329.667157825574 }, "geometry": { "type": "Polygon", "coordinates": [ [ [ 116.21375, 39.96475 ], [ 116.21525, 39.96475 ], [ 116.21525, 39.96625 ], [ 116.21375, 39.96625 ], [ 116.21375, 39.96475 ] ] ] } },
{ "type": "Feature", "properties": { "place_id": 24, "height_m": 9.0, "area_m2": 21364.914461933124 }, "geometry": { "type": "Polygon", "coordinates": [ [ [ 116.21875, 39.84975 ], [ 116.22025, 39.84975 ], [ 116.22025, 39.85125 ], [ 116.21875, 39.85125 ], [ 116.21875, 39.84975 ] ] ] } },
{ "type": "Feature", "properties": { "place_id": 25, "height_m": 9.0, "area_m2": 21363.382484683461 }, "geometry": { "type": "Polygon", "coordinates": [ [ [ 116.21875, 39.85475 ], [ 116.22025, 39.85475 ], [ 116.22025, 39.85625 ], [ 116.21875, 39.85625 ], [ 116.21875, 39.85475 ] ] ] } },
{ "type": "Feature", "properties": { "place_id": 26, "height_m": 9.0, "area_m2": 21361.850342136688 }, "geometry": { "type": "Polygon", "coordinates": [ [ [ 116.21875, 39.85975 ], [ 116.22025, 39.85975 ], [ 116.22025, 39.86125 ], [ 116.21875, 39.86125 ], [ 116.21875, 39.85975 ] ] ] } },
{ "type": "Feature", "properties": { "place_id": 27, "height_m": 9.0, "area_m2": 21360.318034360291 }, "geometry": { "type": "Polygon", "coordinates": [ [ [ 116.21875, 39.86475 ], [ 116.22025, 39.86475 ], [ 116.22025, 39.86625 ], [ 116.21875, 39.86625 ], [ 116.21875, 39.86475 ] ] ] } },
{ "type": "Feature", "properties": { "place_id": 28, "height_m": 9.0, "area_m2": 21358.785560953467 }, "geometry": { "type": "Polygon", "coordinates": [ [ [ 116.21875, 39.86975 ], [ 116.22025, 39.86975 ], [ 116.22025, 39.87125 ], [ 116.21875, 39.87125 ], [ 116.21875, 39.86975 ] ] ] } },
{ "type": "Feature", "properties": { "place_id": 29, "height_m": 9.0, "area_m2": 21357.252922205349 }, "geometry": { "type": "Polygon", "coordinates": [ [ [ 116.21875, 39.87475 ], [ 116.22025, 39.87475 ], [ 116.22025, 39.87625 ], [ 116.21875, 39.87625 ], [ 116.21875, 39.87475 ] ] ] } },
{ "type": "Feature", "properties": { "place_id": 30, "height_m": 9.0, "area_m2": 21355.720118081266 }, "geometry": { "type": "Polygon", "coordinates": [ [ [ 116.21875, 39.87975 ], [ 116.22025, 39.87975 ], [ 116.22025, 39.88125 ], [ 116.21875, 39.88125 ], [ 116.21875, 39.87975 ] ] ] } },
{ "type": "Feature", "properties": { "place_id": 31, "height_m": 9.0, "area_m2": 21354.187148598056 }, "geometry": { "type": "Polygon", "coordinates": [ [ [ 116.21875, 39.88475 ], [ 116.22025, 39.88475 ], [ 116.22025, 39.88625 ], [ 116.21875, 39.88625 ], [ 116.21875, 39.88475 ] ] ] } },
{ "type": "Feature", "properties": { "place_id": 32, "height_m": 9.0, "area_m2": 21352.654013575124 }, "geometry": { "type": "Polygon", "coordinates": [ [ [ 116.21875, 39.88975 ], [ 116.22025, 39.88975 ], [ 116.22025, 39.89125 ], [ 116.21875, 39.89125 ], [ 116.21875, 39.88975 ] ] ] } },
{ "type": "Feature", "properties": { "place_id": 33, "height_m": 9.0, "area_m2": 21351.120713509179 }, "geometry": { "type": "Polygon", "coordinates": [ [ [ 116.21875, 39.89475 ], [ 116.22025, 39.89475 ], [ 116.22025, 39.89625 ], [ 116.21875, 39.89625 ], [ 116.21875, 39.89475 ] ] ] } },
{ "type": "Feature", "properties": { "place_id": 34, "height_m": 9.0, "area_m2": 21349.587247980879 }, "geometry": { "type": "Polygon", "coordinates": [ [ [ 116.21875, 39.89975 ], [ 116.22025, 39.89975 ], [ 116.22025, 39.90125 ], [ 116.21875, 39.90125 ], [ 116.21875, 39.89975 ] ] ] } },
{ "type": "Feature", "properties": { "place_id": 35, "height_m": 9.0, "area_m2": 21348.053617017402 }, "geometry": { "type": "Polygon", "coordinates": [ [ [ 116.21875, 39.90475 ], [ 116.22025, 39.90475 ], [ 116.22025, 39.90625 ], [ 116.21875, 39.90625 ], [ 116.21875, 39.90475 ] ] ] } },
{ "type": "Feature", "properties": { "place_id": 36, "height_m": 9.0, "area_m2": 21346.519820931153 }, "geometry": { "type": "Polygon", "coordinates": [ [ [ 116.21875, 39.90975 ], [ 116.22025, 39.90975 ], [ 116.22025, 39.91125 ], [ 116.21875, 39.91125 ], [ 116.21875, 39.90975 ] ] ] } },
{ "type": "Feature", "properties": { "place_id": 37, "height_m": 9.0, "area_m2": 21344.985859473934 }, "geometry": { "type": "Polygon", "coordinates": [ [ [ 116.21875, 39.91475 ], [ 116.22025, 39.91475 ], [ 116.22025, 39.91625 ], [ 116.21875, 39.91625 ], [ 116.21875, 39.91475 ] ] ] } },
{ "type": "Feature", "properties": { "place_id": 38, "height_m": 9.0, "area_m2": 21343.451732844256 }, "geometry": { "type": "Polygon", "coordinates": [ [ [ 116.21875, 39.91975 ], [ 116.22025, 39.91975 ], [ 116.22025, 39.92125 ], [ 116.21875, 39.92125 ], [ 116.21875, 39.91975 ] ] ] } },
{ "type": "Feature", "properties": { "place_id": 39, "height_m": 9.0, "area_m2": 21341.917440823392 }, "geometry": { "type": "Polygon", "coordinates": [ [ [ 116.21875, 39.92475 ], [ 116.22025, 39.92475 ], [ 116.22025, 39.92625 ], [ 116.21875, 39.92625 ], [ 116.21875, 39.92475 ] ] ] } },
{ "type": "Feature", "properties": { "place_id": 40, "height_m": 9.0, "area_m2": 21340.382983354095 }, "geometry": { "type": "Polygon", "coordinates": [ [ [ 116.21875, 39.92975 ], [ 116.22025, 39.92975 ], [ 116.22025, 39.93125 ], [ 116.21875, 39.93125 ], [ 116.21875, 39.92975 ] ] ] } },
{ "type": "Feature", "properties": { "place_id": 41, "height_m": 9.0, "area_m2": 21338.848360852109 }, "geometry": { "type": "Polygon", "coordinates": [ [ [ 116.21875, 39.93475 ], [ 116.22025, 39.93475 ], [ 116.22025, 39.93625 ], [ 116.21875, 39.93625 ], [ 116.21875, 39.93475 ] ] ] } },
{ "type": "Feature", "properties": { "place_id": 42, "height_m": 9.0, "area_m2": 21337.313573007898 }, "geometry": { "type": "Polygon", "coordinates": [ [ [ 116.21875, 39.93975 ], [ 116.22025, 39.93975 ], [ 116.22025, 39.94125 ], [ 116.21875, 39.94125 ], [ 116.21875, 39.93975 ] ] ] } },
{ "type": "Feature", "properties": { "place_id": 43, "height_m": 9.0, "area_m2": 21335.778619909233 }, "geometry": { "type": "Polygon", "coordinates": [ [ [ 116.21875, 39.94475 ], [ 116.22025, 39.94475 ], [ 116.22025, 39.94625 ], [ 116.21875, 39.94625 ], [ 116.21875, 39.94475 ] ] ] } },
{ "type": "Feature", "properties": { "place_id": 44, "height_m": 9.0, "area_m2": 21334.243501653098 }, "geometry": { "type": "Polygon", "coordinates": [ [ [ 116.21875, 39.94975 ], [ 116.22025, 39.94975 ], [ 116.22025, 39.95125 ], [ 116.21875, 39.95125 ], [ 116.21875, 39.94975 ] ] ] } },
{ "type": "Feature", "properties": { "place_id": 45, "height_m": 9.0, "area_m2": 21332.708217949825 }, "geometry": { "type": "Polygon", "coordinates": [ [ [ 116.21875, 39.95475 ], [ 116.22025, 39.95475 ], [ 116.22025, 39.95625 ], [ 116.21875, 39.95625 ], [ 116.21875, 39.95475 ] ] ] } },
{ "type": "Feature", "properties": { "place_id": 46, "height_m": 9.0, "area_m2": 21331.17276951954 }, "geometry": { "type": "Polygon", "coordinates": [ [ [ 116.21875, 39.95975 ], [ 116.22025, 39.95975 ], [ 116.22025, 39.96125 ], [ 116.21875, 39.96125 ], [ 116.21875, 39.95975 ] ] ] } },
{ "type": "Feature", "properties": { "place_id": 47, "height_m": 9.0, "area_m2": 21329.637155352953 }, "geometry": { "type": "Polygon", "coordinates": [ [ [ 116.21875, 39.96475 ], [ 116.22025, 39.96475 ], [ 116.22025, 39.96625 ], [ 116.21875, 39.96625 ], [ 116.21875, 39.96475 ] ] ] } },
{ "type": "Feature", "properties": { "place_id": 48, "height_m": 9.0, "area_m2": 21364.884500974083 }, "geometry": { "type": "Polygon", "coordinates": [ [ [ 116.22375, 39.84975 ], [ 116.22525, 39.84975 ], [ 116.22525, 39.85125 ], [ 116.22375, 39.85125 ], [ 116.22375, 39.84975 ] ] ] } },
{ "type": "Feature", "properties": { "place_id": 49, "height_m": 9.0, "area_m2": 21363.352530267286 }, "geometry": { "type": "Polygon", "coordinates": [ [ [ 116.22375, 39.85475 ], [ 116.22525, 39.85475 ], [ 116.22525, 39.85625 ], [ 116.22375, 39.85625 ], [ 116.22375, 39.85475 ] ] ] } },
{ "type": "Feature", "properties": { "place_id": 50, "height_m": 9.0, "area_m2": 21361.820394431448 }, "geometry": { "type": "Polygon", "coordinates": [ [ [ 116.22375, 39.85975 ], [ 116.22525, 39.85975 ], [ 116.22525, 39.86125 ], [ 116.22375, 39.86125 ], [ 116.22375, 39.85975 ] ] ] } },
{ "type": "Feature", "properties": { "place_id": 51, "height_m": 9.0, "area_m2": 21360.288093007763 }, "geometry": { "type": "Polygon", "coordinates": [ [ [ 116.22375, 39.86475 ], [ 116.22525, 39.86475 ], [ 116.22525, 39.86625 ], [ 116.22375, 39.86625 ], [ 116.22375, 39.86475 ] ] ] } },
{ "type": "Feature", "properties": { "place_id": 52, "height_m": 9.0, "area_m2": 21358.755626125781 }, "geometry": { "type": "Polygon", "coordinates": [ [ [ 116.22375, 39.86975 ], [ 116.22525, 39.86975 ], [ 116.22525, 39.87125 ], [ 116.22375, 39.87125 ], [ 116.22375, 39.86975 ] ] ] } },
{ "type": "Feature", "properties": { "place_id": 53, "height_m": 9.0, "area_m2": 21357.222993974443 }, "geometry": { "type": "Polygon", "coordinates": [ [ [ 116.22375, 39.87475 ], [ 116.22525, 39.87475 ], [ 116.22525, 39.87625 ], [ 116.22375, 39.87625 ], [ 116.22375, 39.87475 ] ] ] } },
{ "type": "Feature", "properties": { "place_id": 54, "height_m": 9.0, "area_m2": 21355.690196317013 }, "geometry": { "type": "Polygon", "coordinates": [ [ [ 116.22375, 39.87975 ], [ 116.22525, 39.87975 ], [ 116.22525, 39.88125 ], [ 116.22375, 39.88125 ], [ 116.22375, 39.87975 ] ] ] } },
{ "type": "Feature", "properties": { "place_id": 55, "height_m": 9.0, "area_m2": 21354.15723342304 }, "geometry": { "type": "Polygon", "coordinates": [ [ [ 116.22375, 39.88475 ], [ 116.22525, 39.88475 ], [ 116.22525, 39.88625 ], [ 116.22375, 39.88625 ], [ 116.22375, 39.88475 ] ] ] } },
{ "type": "Feature", "properties": { "place_id": 56, "height_m": 9.0, "area_m2": 21352.624104934959 }, "geometry": { "type": "Polygon", "coordinates": [ [ [ 116.22375, 39.88975 ], [ 116.22525, 39.88975 ], [ 116.22525, 39.89125 ], [ 116.22375, 39.89125 ], [ 116.22375, 39.88975 ] ] ] } },
{ "type": "Feature", "properties": { "place_id": 57, "height_m": 9.0, "area_m2": 21351.090811323833 }, "geometry": { "type": "Polygon", "coordinates": [ [ [ 116.22375, 39.89475 ], [ 116.22525, 39.89475 ], [ 116.22525, 39.89625 ], [ 116.22375, 39.89625 ], [ 116.22375, 39.89475 ] ] ] } },
{ "type": "Feature", "properties": { "place_id": 58, "height_m": 9.0, "area_m2": 21349.55735246031 }, "geometry": { "type": "Polygon", "coordinates": [ [ [ 116.22375, 39.89975 ], [ 116.22525, 39.89975 ], [ 116.22525, 39.90125 ], [ 116.22375, 39.90125 ], [ 116.22375, 39.89975 ] ] ] } },
{ "type": "Feature", "properties": { "place_id": 59, "height_m": 9.0, "area_m2": 21348.023728079454 }, "geometry": { "type": "Polygon", "coordinates": [ [ [ 116.22375, 39.90475 ], [ 116.22525, 39.90475 ], [ 116.22525, 39.90625 ], [ 116.22375, 39.90625 ], [ 116.22375, 39.90475 ] ] ] } },
{ "type": "Feature", "properties": { "place_id": 60, "height_m": 9.0, "area_m2": 21346.489938447208 }, "geometry": { "type": "Polygon", "coordinates": [ [ [ 116.22375, 39.90975 ], [ 116.22525, 39.90975 ], [ 116.22525, 39.91125 ], [ 116.22375, 39.91125 ], [ 116.22375, 39.90975 ] ] ] } },
{ "type": "Feature", "properties": { "place_id": 61, "height_m": 9.0, "area_m2": 21344.955983345069 }, "geometry": { "type": "Polygon", "coordinates": [ [ [ 116.22375, 39.91475 ], [ 116.22525, 39.91475 ], [ 116.22525, 39.91625 ], [ 116.22375, 39.91625 ], [ 116.22375, 39.91475 ] ] ] } },
{ "type": "Feature", "properties": { "place_id": 62, "height_m": 9.0, "area_m2": 21343.421863241649 }, "geometry": { "type": "Polygon", "coordinates": [ [ [ 116.22375, 39.91975 ], [ 116.22525, 39.91975 ], [ 116.22525, 39.92125 ], [ 116.22375, 39.92125 ], [ 116.22375, 39.91975 ] ] ] } },
{ "type": "Feature", "properties": { "place_id": 63, "height_m": 9.0, "area_m2": 21341.887577797563 }, "geometry": { "type": "Polygon", "coordinates": [ [ [ 116.22375, 39.92475 ], [ 116.22525, 39.92475 ], [ 116.22525, 39.92625 ], [ 116.22375, 39.92625 ], [ 116.22375, 39.92475 ] ] ] } },
{ "type": "Feature", "properties": { "place_id": 64, "height_m": 9.0, "area_m2": 21340.353126914335 }, "geometry": { "type": "Polygon", "coordinates": [ [ [ 116.22375, 39.92975 ], [ 116.22525, 39.92975 ], [ 116.22525, 39.93125 ], [ 116.22375, 39.93125 ], [ 116.22375, 39.92975 ] ] ] } },
{ "type": "Feature", "properties": { "place_id": 65, "height_m": 9.0, "area_m2": 21338.818510892121 }, "geometry": { "type": "Polygon", "coordinates": [ [ [ 116.22375, 39.93475 ], [ 116.22525, 39.93475 ], [ 116.22525, 39.93625 ], [ 116.22375, 39.93625 ], [ 116.22375, 39.93475 ] ] ] } },
{ "type": "Feature", "properties": { "place_id": 66, "height_m": 9.0, "area_m2": 21337.283729617644 }, "geometry": { "type": "Polygon", "coordinates": [ [ [ 116.22375, 39.93975 ], [ 116.22525, 39.93975 ], [ 116.22525, 39.94125 ], [ 116.22375, 39.94125 ], [ 116.22375, 39.93975 ] ] ] } },
{ "type": "Feature", "properties": { "place_id": 67, "height_m": 9.0, "area_m2": 21335.748783050163 }, "geometry": { "type": "Polygon", "coordinates": [ [ [ 116.22375, 39.94475 ], [ 116.22525, 39.94475 ], [ 116.22525, 39.94625 ], [ 116.22375, 39.94625 ], [ 116.22375, 39.94475 ] ] ] } },
{ "type": "Feature", "properties": { "place_id": 68, "height_m": 9.0, "area_m2": 21334.213671384001 }, "geometry": { "type": "Polygon", "coordinates": [ [ [ 116.22375, 39.94975 ], [ 116.22525, 39.94975 ], [ 116.22525, 39.95125 ], [ 116.22375, 39.95125 ], [ 116.22375, 39.94975 ] ] ] } },
{ "type": "Feature", "properties": { "place_id": 69, "height_m": 9.0, "area_m2": 21332.678394147497 }, "geometry": { "type": "Polygon", "coordinates": [ [ [ 116.22375, 39.95475 ], [ 116.22525, 39.95475 ], [ 116.22525, 39.95625 ], [ 116.22375, 39.95625 ], [ 116.22375, 39.95475 ] ] ] } },
{ "type": "Feature", "properties": { "place_id": 70, "height_m": 9.0, "area_m2": 21331.142952228285 }, "geometry": { "type": "Polygon", "coordinates": [ [ [ 116.22375, 39.95975 ], [ 116.22525, 39.95975 ], [ 116.22525, 39.96125 ], [ 116.22375, 39.96125 ], [ 116.22375, 39.95975 ] ] ] } },
{ "type": "Feature", "properties": { "place_id": 71, "height_m": 9.0, "area_m2": 21329.607344534237 }, "geometry": { "type": "Polygon", "coordinates": [ [ [ 116.22375, 39.96475 ], [ 116.22525, 39.96475 ], [ 116.22525, 39.96625 ], [ 116.22375, 39.96625 ], [ 116.22375, 39.96475 ] ] ] } },
{ "type": "Feature", "properties": { "place_id": 72, "height_m": 9.0, "area_m2": 21364.854732642292 }, "geometry": { "type": "Polygon", "coordinates": [ [ [ 116.22875, 39.84975 ], [ 116.23025, 39.84975 ], [ 116.23025, 39.85125 ], [ 116.22875, 39.85125 ], [ 116.22875, 39.84975 ] ] ] } },
{ "type": "Feature", "properties": { "place_id": 73, "height_m": 9.0, "area_m2": 21363.322768507383 }, "geometry": { "type": "Polygon", "coordinates": [ [ [ 116.22875, 39.85475 ], [ 116.23025, 39.85475 ], [ 116.23025, 39.85625 ], [ 116.22875, 39.85625 ], [ 116.22875, 39.85475 ] ] ] } },
{ "type": "Feature", "properties": { "place_id": 74, "height_m": 9.0, "area_m2": 21361.790639070681 }, "geometry": { "type": "Polygon", "coordinates": [ [ [ 116.22875, 39.85975 ], [ 116.23025, 39.85975 ], [ 116.23025, 39.86125 ], [ 116.22875, 39.86125 ], [ 116.22875, 39.85975 ] ] ] } },
{ "type": "Feature", "properties": { "place_id": 75, "height_m": 9.0, "area_m2": 21360.258344110684 }, "geometry": { "type": "Polygon", "coordinates": [ [ [ 116.22875, 39.86475 ], [ 116.23025, 39.86475 ], [ 116.23025, 39.86625 ], [ 116.22875, 39.86625 ], [ 116.22875, 39.86475 ] ] ] } },
{ "type": "Feature", "properties": { "place_id": 76, "height_m": 9.0, "area_m2": 21358.725883796236 }, "geometry": { "type": "Polygon", "coordinates": [ [ [ 116.22875, 39.86975 ], [ 116.23025, 39.86975 ], [ 116.23025, 39.87125 ], [ 116.22875, 39.87125 ], [ 116.22875, 39.86975 ] ] ] } },
{ "type": "Feature", "properties": { "place_id": 77, "height_m": 9.0, "area_m2": 21357.193258092757 }, "geometry": { "type": "Polygon", "coordinates": [ [ [ 116.22875, 39.87475 ], [ 116.23025, 39.87475 ], [ 116.23025, 39.87625 ], [ 116.22875, 39.87625 ], [ 116.22875, 39.87475 ] ] ] } },
{ "type": "Feature", "properties": { "place_id": 78, "height_m": 9.0, "area_m2": 21355.660466908445 }, "geometry": { "type": "Polygon", "coordinates": [ [ [ 116.22875, 39.87975 ], [ 116.23025, 39.87975 ], [ 116.23025, 39.88125 ], [ 116.22875, 39.88125 ], [ 116.22875, 39.87975 ] ] ] } },
{ "type": "Feature", "properties": { "place_id": 79, "height_m": 9.0, "area_m2": 21354.127510520782 }, "geometry": { "type": "Polygon", "coordinates": [ [ [ 116.22875, 39.88475 ], [ 116.23025, 39.88475 ], [ 116.23025, 39.88625 ], [ 116.22875, 39.88625 ], [ 116.22875, 39.88475 ] ] ] } },
{ "type": "Feature", "properties": { "place_id": 80, "height_m": 9.0, "area_m2": 21352.594388419435 }, "geometry": { "type": "Polygon", "coordinates": [ [ [ 116.22875, 39.88975 ], [ 116.23025, 39.88975 ], [ 116.23025, 39.89125 ], [ 116.22875, 39.89125 ], [ 116.22875, 39.88975 ] ] ] } },
{ "type": "Feature", "properties": { "place_id": 81, "height_m": 9.0, "area_m2": 21351.061101336207 }, "geometry": { "type": "Polygon", "coordinates": [ [ [ 116.22875, 39.89475 ], [ 116.23025, 39.89475 ], [ 116.23025, 39.89625 ], [ 116.22875, 39.89625 ], [ 116.22875, 39.89475 ] ] ] } },
{ "type": "Feature", "properties": { "place_id": 82, "height_m": 9.0, "area_m2": 21349.527648919138 }, "geometry": { "type": "Polygon", "coordinates": [ [ [ 116.22875, 39.89975 ], [ 116.23025, 39.89975 ], [ 116.23025, 39.90125 ], [ 116.22875, 39.90125 ], [ 116.22875, 39.89975 ] ] ] } },
{ "type": "Feature", "properties": { "place_id": 83, "height_m": 9.0, "area_m2": 21347.994031056074 }, "geometry": { "type": "Polygon", "coordinates": [ [ [ 116.22875, 39.90475 ], [ 116.23025, 39.90475 ], [ 116.23025, 39.90625 ], [ 116.22875, 39.90625 ], [ 116.22875, 39.90475 ] ] ] } },
{ "type": "Feature", "properties": { "place_id": 84, "height_m": 9.0, "area_m2": 21346.460247882267 }, "geometry": { "type": "Polygon", "coordinates": [ [ [ 116.22875, 39.90975 ], [ 116.23025, 39.90975 ], [ 116.23025, 39.91125 ], [ 116.22875, 39.91125 ], [ 116.22875, 39.90975 ] ] ] } },
{ "type": "Feature", "properties": { "place_id": 85, "height_m": 9.0, "area_m2": 21344.926299518072 }, "geometry": { "type": "Polygon", "coordinates": [ [ [ 116.22875, 39.91475 ], [ 116.23025, 39.91475 ], [ 116.23025, 39.91625 ], [ 116.22875, 39.91625 ], [ 116.22875, 39.91475 ] ] ] } },
{ "type": "Feature", "properties": { "place_id": 86, "height_m": 9.0, "area_m2": 21343.392185751803 }, "geometry": { "type": "Polygon", "coordinates": [ [ [ 116.22875, 39.91975 ], [ 116.23025, 39.91975 ], [ 116.23025, 39.92125 ], [ 116.22875, 39.92125 ], [ 116.22875, 39.91975 ] ] ] } },
{ "type": "Feature", "properties": { "place_id": 87, "height_m": 9.0, "area_m2": 21341.857906709854 }, "geometry": { "type": "Polygon", "coordinates": [ [ [ 116.22875, 39.92475 ], [ 116.23025, 39.92475 ], [ 116.23025, 39.92625 ], [ 116.22875, 39.92625 ], [ 116.22875, 39.92475 ] ] ] } },
{ "type": "Feature", "properties": { "place_id": 88, "height_m": 9.0, "area_m2": 21340.323462454086 }, "geometry": { "type": "Polygon", "coordinates": [ [ [ 116.22875, 39.92975 ], [ 116.23025, 39.92975 ], [ 116.23025, 39.93125 ], [ 116.22875, 39.93125 ], [ 116.22875, 39.92975 ] ] ] } },
{ "type": "Feature", "properties": { "place_id": 89, "height_m": 9.0, "area_m2": 21338.788852820187 }, "geometry": { "type": "Polygon", "coordinates": [ [ [ 116.22875, 39.93475 ], [ 116.23025, 39.93475 ], [ 116.23025, 39.93625 ], [ 116.22875, 39.93625 ], [ 116.22875, 39.93475 ] ] ] } },
{ "type": "Feature", "properties": { "place_id": 90, "height_m": 9.0, "area_m2": 21337.254078001897 }, "geometry": { "type": "Polygon", "coordinates": [ [ [ 116.22875, 39.93975 ], [ 116.23025, 39.93975 ], [ 116.23025, 39.94125 ], [ 116.22875, 39.94125 ], [ 116.22875, 39.93975 ] ] ] } },
{ "type": "Feature", "properties": { "place_id": 91, "height_m": 9.0, "area_m2": 21335.719137945161 }, "geometry": { "type": "Polygon", "coordinates": [ [ [ 116.22875, 39.94475 ], [ 116.23025, 39.94475 ], [ 116.23025, 39.94625 ], [ 116.22875, 39.94625 ], [ 116.22875, 39.94475 ] ] ] } },
{ "type": "Feature", "properties": { "place_id": 92, "height_m": 9.0, "area_m2": 21334.184032723544 }, "geometry": { "type": "Polygon", "coordinates": [ [ [ 116.22875, 39.94975 ], [ 116.23025, 39.94975 ], [ 116.23025, 39.95125 ], [ 116.22875, 39.95125 ], [ 116.22875, 39.94975 ] ] ] } },
{ "type": "Feature", "properties": { "place_id": 93, "height_m": 9.0, "area_m2": 21332.648762049303 }, "geometry": { "type": "Polygon", "coordinates": [ [ [ 116.22875, 39.95475 ], [ 116.23025, 39.95475 ], [ 116.23025, 39.95625 ], [ 116.22875, 39.95625 ], [ 116.22875, 39.95475 ] ] ] } },
{ "type": "Feature", "properties": { "place_id": 94, "height_m": 9.0, "area_m2": 21331.113326583785 }, "geometry": { "type": "Polygon", "coordinates": [ [ [ 116.22875, 39.95975 ], [ 116.23025, 39.95975 ], [ 116.23025, 39.96125 ], [ 116.22875, 39.96125 ], [ 116.22875, 39.95975 ] ] ] } },
{ "type": "Feature", "properties": { "place_id": 95, "height_m": 9.0, "area_m2": 21329.577725467356 }, "geometry": { "type": "Polygon", "coordinates": [ [ [ 116.22875, 39.96475 ], [ 116.23025, 39.96475 ], [ 116.23025, 39.96625 ], [ 116.22875, 39.96625 ], [ 116.22875, 39.96475 ] ] ] } },
{ "type": "Feature", "properties": { "place_id": 96, "height_m": 9.0, "area_m2": 21364.825156556948 }, "geometry": { "type": "Polygon", "coordinates": [ [ [ 116.23375, 39.84975 ], [ 116.23525, 39.84975 ], [ 116.23525, 39.85125 ], [ 116.23375, 39.85125 ], [ 116.23375, 39.84975 ] ] ] } },
{ "type": "Feature", "properties": { "place_id": 97, "height_m": 9.0, "area_m2": 21363.293198804593 }, "geometry": { "type": "Polygon", "coordinates": [ [ [ 116.23375, 39.85475 ], [ 116.23525, 39.85475 ], [ 116.23525, 39.85625 ], [ 116.23375, 39.85625 ], [ 116.23375, 39.85475 ] ] ] } },
{ "type": "Feature", "properties": { "place_id": 98, "height_m": 9.0, "area_m2": 21361.761075816819 }, "geometry": { "type": "Polygon", "coordinates": [ [ [ 116.23375, 39.85975 ], [ 116.23525, 39.85975 ], [ 116.23525, 39.86125 ], [ 116.23375, 39.86125 ], [ 116.23375, 39.85975 ] ] ] } },
{ "type": "Feature", "properties": { "place_id": 99, "height_m": 9.0, "area_m2": 21360.228787411867 }, "geometry": { "type": "Polygon", "coordinates": [ [ [ 116.23375, 39.86475 ], [ 116.23525, 39.86475 ], [ 116.23525, 39.86625 ], [ 116.23375, 39.86625 ], [ 116.23375, 39.86475 ] ] ] } },
{ "type": "Feature", "properties": { "place_id": 100, "height_m": 9.0, "area_m2": 21358.696333427659 }, "geometry": { "type": "Polygon", "coordinates": [ [ [ 116.23375, 39.86975 ], [ 116.23525, 39.86975 ], [ 116.23525, 39.87125 ], [ 116.23375, 39.87125 ], [ 116.23375, 39.86975 ] ] ] } },
{ "type": "Feature", "properties": { "place_id": 101, "height_m": 9.0, "area_m2": 21357.163714232775 }, "geometry": { "type": "Polygon", "coordinates": [ [ [ 116.23375, 39.87475 ], [ 116.23525, 39.87475 ], [ 116.23525, 39.87625 ], [ 116.23375, 39.87625 ], [ 116.23375, 39.87475 ] ] ] } },
{ "type": "Feature", "properties": { "place_id": 102, "height_m": 9.0, "area_m2": 21355.630929472172 }, "geometry": { "type": "Polygon", "coordinates": [ [ [ 116.23375, 39.87975 ], [ 116.23525, 39.87975 ], [ 116.23525, 39.88125 ], [ 116.23375, 39.88125 ], [ 116.23375, 39.87975 ] ] ] } },
{ "type": "Feature", "properties": { "place_id": 103, "height_m": 9.0, "area_m2": 21354.097979536225 }, "geometry": { "type": "Polygon", "coordinates": [ [ [ 116.23375, 39.88475 ], [ 116.23525, 39.88475 ], [ 116.23525, 39.88625 ], [ 116.23375, 39.88625 ], [ 116.23375, 39.88475 ] ] ] } },
{ "type": "Feature", "properties": { "place_id": 104, "height_m": 9.0, "area_m2": 21352.564863934229 }, "geometry": { "type": "Polygon", "coordinates": [ [ [ 116.23375, 39.88975 ], [ 116.23525, 39.88975 ], [ 116.23525, 39.89125 ], [ 116.23375, 39.89125 ], [ 116.23375, 39.88975 ] ] ] } },
{ "type": "Feature", "properties": { "place_id": 105, "height_m": 9.0, "area_m2": 21351.031583410575 }, "geometry": { "type": "Polygon", "coordinates": [ [ [ 116.23375, 39.89475 ], [ 116.23525, 39.89475 ], [ 116.23525, 39.89625 ], [ 116.23375, 39.89625 ], [ 116.23375, 39.89475 ] ] ] } },
{ "type": "Feature", "properties": { "place_id": 106, "height_m": 9.0, "area_m2": 21349.498137194678 }, "geometry": { "type": "Polygon", "coordinates": [ [ [ 116.23375, 39.89975 ], [ 116.23525, 39.89975 ], [ 116.23525, 39.90125 ], [ 116.23375, 39.90125 ], [ 116.23375, 39.89975 ] ] ] } },
{ "type": "Feature", "properties": { "place_id": 107, "height_m": 9.0, "area_m2": 21347.964526008665 }, "geometry": { "type": "Polygon", "coordinates": [ [ [ 116.23375, 39.90475 ], [ 116.23525, 39.90475 ], [ 116.23525, 39.90625 ], [ 116.23375, 39.90625 ], [ 116.23375, 39.90475 ] ] ] } },
{ "type": "Feature", "properties": { "place_id": 108, "height_m": 9.0, "area_m2": 21346.430749154795 }, "geometry": { "type": "Polygon", "coordinates": [ [ [ 116.23375, 39.90975 ], [ 116.23525, 39.90975 ], [ 116.23525, 39.91125 ], [ 116.23375, 39.91125 ], [ 116.23375, 39.90975 ] ] ] } },
{ "type": "Feature", "properties": { "place_id": 109, "height_m": 9.0, "area_m2": 21344.896807126192 }, "geometry": { "type": "Polygon", "coordinates": [ [ [ 116.23375, 39.91475 ], [ 116.23525, 39.91475 ], [ 116.23525, 39.91625 ], [ 116.23375, 39.91625 ], [ 116.23375, 39.91475 ] ] ] } },
{ "type": "Feature", "properties": { "place_id": 110, "height_m": 9.0, "area_m2": 21343.362699976347 }, "geometry": { "type": "Polygon", "coordinates": [ [ [ 116.23375, 39.91975 ], [ 116.23525, 39.91975 ], [ 116.23525, 39.92125 ], [ 116.23375, 39.92125 ], [ 116.23375, 39.91975 ] ] ] } },
{ "type": "Feature", "properties": { "place_id": 111, "height_m": 9.0, "area_m2": 21341.828427309105 }, "geometry": { "type": "Polygon", "coordinates": [ [ [ 116.23375, 39.92475 ], [ 116.23525, 39.92475 ], [ 116.23525, 39.92625 ], [ 116.23375, 39.92625 ], [ 116.23375, 39.92475 ] ] ] } },
{ "type": "Feature", "properties": { "place_id": 112, "height_m": 9.0, "area_m2": 21340.293989483402 }, "geometry": { "type": "Polygon", "coordinates": [ [ [ 116.23375, 39.92975 ], [ 116.23525, 39.92975 ], [ 116.23525, 39.93125 ], [ 116.23375, 39.93125 ], [ 116.23375, 39.92975 ] ] ] } },
{ "type": "Feature", "properties": { "place_id": 113, "height_m": 9.0, "area_m2": 21338.759386236052 }, "geometry": { "type": "Polygon", "coordinates": [ [ [ 116.23375, 39.93475 ], [ 116.23525, 39.93475 ], [ 116.23525, 39.93625 ], [ 116.23375, 39.93625 ], [ 116.23375, 39.93475 ] ] ] } },
{ "type": "Feature", "properties": { "place_id": 114, "height_m": 9.0, "area_m2": 21337.224617785538 }, "geometry": { "type": "Polygon", "coordinates": [ [ [ 116.23375, 39.93975 ], [ 116.23525, 39.93975 ], [ 116.23525, 39.94125 ], [ 116.23375, 39.94125 ], [ 116.23375, 39.93975 ] ] ] } },
{ "type": "Feature", "properties": { "place_id": 115, "height_m": 9.0, "area_m2": 21335.689684284902 }, "geometry": { "type": "Polygon", "coordinates": [ [ [ 116.23375, 39.94475 ], [ 116.23525, 39.94475 ], [ 116.23525, 39.94625 ], [ 116.23375, 39.94625 ], [ 116.23375, 39.94475 ] ] ] } },
{ "type": "Feature", "properties": { "place_id": 116, "height_m": 9.0, "area_m2": 21334.154585383963 }, "geometry": { "type": "Polygon", "coordinates": [ [ [ 116.23375, 39.94975 ], [ 116.23525, 39.94975 ], [ 116.23525, 39.95125 ], [ 116.23375, 39.95125 ], [ 116.23375, 39.94975 ] ] ] } },
{ "type": "Feature", "properties": { "place_id": 117, "height_m": 9.0, "area_m2": 21332.619321265327 }, "geometry": { "type": "Polygon", "coordinates": [ [ [ 116.23375, 39.95475 ], [ 116.23525, 39.95475 ], [ 116.23525, 39.95625 ], [ 116.23375, 39.95625 ], [ 116.23375, 39.95475 ] ] ] } },
{ "type": "Feature", "properties": { "place_id": 118, "height_m": 9.0, "area_m2": 21331.083892180312 }, "geometry": { "type": "Polygon", "coordinates": [ [ [ 116.23375, 39.95975 ], [ 116.23525, 39.95975 ], [ 116.23525, 39.96125 ], [ 116.23375, 39.96125 ], [ 116.23375, 39.95975 ] ] ] } },
{ "type": "Feature", "properties": { "place_id": 119, "height_m": 9.0, "area_m2": 21329.548297548852 }, "geometry": { "type": "Polygon", "coordinates": [ [ [ 116.23375, 39.96475 ], [ 116.23525, 39.96475 ], [ 116.23525, 39.96625 ], [ 116.23375, 39.96625 ], [ 116.23375, 39.96475 ] ] ] } },
{ "type": "Feature", "properties": { "place_id": 120, "height_m": 9.0, "area_m2": 21364.79577381026 }, "geometry": { "type": "Polygon", "coordinates": [ [ [ 116.23875, 39.84975 ], [ 116.24025, 39.84975 ], [ 116.24025, 39.85125 ], [ 116.23875, 39.85125 ], [ 116.23875, 39.84975 ] ] ] } },
{ "type": "Feature", "properties": { "place_id": 121, "height_m": 9.0, "area_m2": 21363.263822433921 }, "geometry": { "type": "Polygon", "coordinates": [ [ [ 116.23875, 39.85475 ], [ 116.24025, 39.85475 ], [ 116.24025, 39.85625 ], [ 116.23875, 39.85625 ], [ 116.23875, 39.85475 ] ] ] } },
{ "type": "Feature", "properties": { "place_id": 122, "height_m": 9.0, "area_m2": 21361.731705867671 }, "geometry": { "type": "Polygon", "coordinates": [ [ [ 116.23875, 39.85975 ], [ 116.24025, 39.85975 ], [ 116.24025, 39.86125 ], [ 116.23875, 39.86125 ], [ 116.23875, 39.85975 ] ] ] } },
{ "type": "Feature", "properties": { "place_id": 123, "height_m": 9.0, "area_m2": 21360.199423896374 }, "geometry": { "type": "Polygon", "coordinates": [ [ [ 116.23875, 39.86475 ], [ 116.24025, 39.86475 ], [ 116.24025, 39.86625 ], [ 116.23875, 39.86625 ], [ 116.23875, 39.86475 ] ] ] } },
{ "type": "Feature", "properties": { "place_id": 124, "height_m": 9.0, "area_m2": 21358.666976277756 }, "geometry": { "type": "Polygon", "coordinates": [ [ [ 116.23875, 39.86975 ], [ 116.24025, 39.86975 ], [ 116.24025, 39.87125 ], [ 116.23875, 39.87125 ], [ 116.23875, 39.86975 ] ] ] } },
{ "type": "Feature", "properties": { "place_id": 125, "height_m": 9.0, "area_m2": 21357.134363509867 }, "geometry": { "type": "Polygon", "coordinates": [ [ [ 116.23875, 39.87475 ], [ 116.24025, 39.87475 ], [ 116.24025, 39.87625 ], [ 116.23875, 39.87625 ], [ 116.23875, 39.87475 ] ] ] } },
{ "type": "Feature", "properties": { "place_id": 126, "height_m": 9.0, "area_m2": 21355.601585125216 }, "geometry": { "type": "Polygon", "coordinates": [ [ [ 116.23875, 39.87975 ], [ 116.24025, 39.87975 ], [ 116.24025, 39.88125 ], [ 116.23875, 39.88125 ], [ 116.23875, 39.87975 ] ] ] } },
{ "type": "Feature", "properties": { "place_id": 127, "height_m": 9.0, "area_m2": 21354.068641606085 }, "geometry": { "type": "Polygon", "coordinates": [ [ [ 116.23875, 39.88475 ], [ 116.24025, 39.88475 ], [ 116.24025, 39.88625 ], [ 116.23875, 39.88625 ], [ 116.23875, 39.88475 ] ] ] } },
{ "type": "Feature", "properties": { "place_id": 128, "height_m": 9.0, "area_m2": 21352.535532267673 }, "geometry": { "type": "Polygon", "coordinates": [ [ [ 116.23875, 39.88975 ], [ 116.24025, 39.88975 ], [ 116.24025, 39.89125 ], [ 116.23875, 39.89125 ], [ 116.23875, 39.88975 ] ] ] } },
{ "type": "Feature", "properties": { "place_id": 129, "height_m": 9.0, "area_m2": 21351.002258160246 }, "geometry": { "type": "Polygon", "coordinates": [ [ [ 116.23875, 39.89475 ], [ 116.24025, 39.89475 ], [ 116.24025, 39.89625 ], [ 116.23875, 39.89625 ], [ 116.23875, 39.89475 ] ] ] } },
{ "type": "Feature", "properties": { "place_id": 130, "height_m": 9.0, "area_m2": 21349.468818376208 }, "geometry": { "type": "Polygon", "coordinates": [ [ [ 116.23875, 39.89975 ], [ 116.24025, 39.89975 ], [ 116.24025, 39.90125 ], [ 116.23875, 39.90125 ], [ 116.23875, 39.89975 ] ] ] } },
{ "type": "Feature", "properties": { "place_id": 131, "height_m": 9.0, "area_m2": 21347.935213369779 }, "geometry": { "type": "Polygon", "coordinates": [ [ [ 116.23875, 39.90475 ], [ 116.24025, 39.90475 ], [ 116.24025, 39.90625 ], [ 116.23875, 39.90625 ], [ 116.23875, 39.90475 ] ] ] } },
{ "type": "Feature", "properties": { "place_id": 132, "height_m": 9.0, "area_m2": 21346.401443066785 }, "geometry": { "type": "Polygon", "coordinates": [ [ [ 116.23875, 39.90975 ], [ 116.24025, 39.90975 ], [ 116.24025, 39.91125 ], [ 116.23875, 39.91125 ], [ 116.23875, 39.90975 ] ] ] } },
{ "type": "Feature", "properties": { "place_id": 133, "height_m": 9.0, "area_m2": 21344.867507635747 }, "geometry": { "type": "Polygon", "coordinates": [ [ [ 116.23875, 39.91475 ], [ 116.24025, 39.91475 ], [ 116.24025, 39.91625 ], [ 116.23875, 39.91625 ], [ 116.23875, 39.91475 ] ] ] } },
{ "type": "Feature", "properties": { "place_id": 134, "height_m": 9.0, "area_m2": 21343.333406667018 }, "geometry": { "type": "Polygon", "coordinates": [ [ [ 116.23875, 39.91975 ], [ 116.24025, 39.91975 ], [ 116.24025, 39.92125 ], [ 116.23875, 39.92125 ], [ 116.23875, 39.91975 ] ] ] } },
{ "type": "Feature", "properties": { "place_id": 135, "height_m": 9.0, "area_m2": 21341.799140482355 }, "geometry": { "type": "Polygon", "coordinates": [ [ [ 116.23875, 39.92475 ], [ 116.24025, 39.92475 ], [ 116.24025, 39.92625 ], [ 116.23875, 39.92625 ], [ 116.23875, 39.92475 ] ] ] } },
{ "type": "Feature", "properties": { "place_id": 136, "height_m": 9.0, "area_m2": 21340.264709094488 }, "geometry": { "type": "Polygon", "coordinates": [ [ [ 116.23875, 39.92975 ], [ 116.24025, 39.92975 ], [ 116.24025, 39.93125 ], [ 116.23875, 39.93125 ], [ 116.23875, 39.92975 ] ] ] } },
{ "type": "Feature", "properties": { "place_id": 137, "height_m": 9.0, "area_m2": 21338.730112262678 }, "geometry": { "type": "Polygon", "coordinates": [ [ [ 116.23875, 39.93475 ], [ 116.24025, 39.93475 ], [ 116.24025, 39.93625 ], [ 116.23875, 39.93625 ], [ 116.23875, 39.93475 ] ] ] } },
{ "type": "Feature", "properties": { "place_id": 138, "height_m": 9.0, "area_m2": 21337.195350237627 }, "geometry": { "type": "Polygon", "coordinates": [ [ [ 116.23875, 39.93975 ], [ 116.24025, 39.93975 ], [ 116.24025, 39.94125 ], [ 116.23875, 39.94125 ], [ 116.23875, 39.93975 ] ] ] } },
{ "type": "Feature", "properties": { "place_id": 139, "height_m": 9.0, "area_m2": 21335.660423169218 }, "geometry": { "type": "Polygon", "coordinates": [ [ [ 116.23875, 39.94475 ], [ 116.24025, 39.94475 ], [ 116.24025, 39.94625 ], [ 116.23875, 39.94625 ], [ 116.23875, 39.94475 ] ] ] } },
{ "type": "Feature", "properties": { "place_id": 140, "height_m": 9.0, "area_m2": 21334.125330860508 }, "geometry": { "type": "Polygon", "coordinates": [ [ [ 116.23875, 39.94975 ], [ 116.24025, 39.94975 ], [ 116.24025, 39.95125 ], [ 116.23875, 39.95125 ], [ 116.23875, 39.94975 ] ] ] } },
{ "type": "Feature", "properties": { "place_id": 141, "height_m": 9.0, "area_m2": 21332.590072864885 }, "geometry": { "type": "Polygon", "coordinates": [ [ [ 116.23875, 39.95475 ], [ 116.24025, 39.95475 ], [ 116.24025, 39.95625 ], [ 116.23875, 39.95625 ], [ 116.23875, 39.95475 ] ] ] } },
{ "type": "Feature", "properties": { "place_id": 142, "height_m": 9.0, "area_m2": 21331.054650144 }, "geometry": { "type": "Polygon", "coordinates": [ [ [ 116.23875, 39.95975 ], [ 116.24025, 39.95975 ], [ 116.24025, 39.96125 ], [ 116.23875, 39.96125 ], [ 116.23875, 39.95975 ] ] ] } },
{ "type": "Feature", "properties": { "place_id": 143, "height_m": 9.0, "area_m2": 21329.519062049843 }, "geometry": { "type": "Polygon", "coordinates": [ [ [ 116.23875, 39.96475 ], [ 116.24025, 39.96475 ], [ 116.24025, 39.96625 ], [ 116.23875, 39.96625 ], [ 116.23875, 39.96475 ] ] ] } },
{ "type": "Feature", "properties": { "place_id": 144, "height_m": 9.0, "area_m2": 21364.766583252935 }, "geometry": { "type": "Polygon", "coordinates": [ [ [ 116.24375, 39.84975 ], [ 116.24525, 39.84975 ], [ 116.24525, 39.85125 ], [ 116.24375, 39.85125 ], [ 116.24375, 39.84975 ] ] ] } },
{ "type": "Feature", "properties": { "place_id": 145, "height_m": 9.0, "area_m2": 21363.234638115355 }, "geometry": { "type": "Polygon", "coordinates": [ [ [ 116.24375, 39.85475 ], [ 116.24525, 39.85475 ], [ 116.24525, 39.85625 ], [ 116.24375, 39.85625 ], [ 116.24375, 39.85475 ] ] ] } },
{ "type": "Feature", "properties": { "place_id": 146, "height_m": 9.0, "area_m2": 21361.702528021837 }, "geometry": { "type": "Polygon", "coordinates": [ [ [ 116.24375, 39.85975 ], [ 116.24525, 39.85975 ], [ 116.24525, 39.86125 ], [ 116.24375, 39.86125 ], [ 116.24375, 39.85975 ] ] ] } },
{ "type": "Feature", "properties": { "place_id": 147, "height_m": 9.0, "area_m2": 21360.170252522923 }, "geometry": { "type": "Polygon", "coordinates": [ [ [ 116.24375, 39.86475 ], [ 116.24525, 39.86475 ], [ 116.24525, 39.86625 ], [ 116.24375, 39.86625 ], [ 116.24375, 39.86475 ] ] ] } },
{ "type": "Feature", "properties": { "place_id": 148, "height_m": 9.0, "area_m2": 21358.637811199242 }, "geometry": { "type": "Polygon", "coordinates": [ [ [ 116.24375, 39.86975 ], [ 116.24525, 39.86975 ], [ 116.24525, 39.87125 ], [ 116.24375, 39.87125 ], [ 116.24375, 39.86975 ] ] ] } },
{ "type": "Feature", "properties": { "place_id": 149, "height_m": 9.0, "area_m2": 21357.105204612631 }, "geometry": { "type": "Polygon", "coordinates": [ [ [ 116.24375, 39.87475 ], [ 116.24525, 39.87475 ], [ 116.24525, 39.87625 ], [ 116.24375, 39.87625 ], [ 116.24375, 39.87475 ] ] ] } },
{ "type": "Feature", "properties": { "place_id": 150, "height_m": 9.0, "area_m2": 21355.572432705885 }, "geometry": { "type": "Polygon", "coordinates": [ [ [ 116.24375, 39.87975 ], [ 116.24525, 39.87975 ], [ 116.24525, 39.88125 ], [ 116.24375, 39.88125 ], [ 116.24375, 39.87975 ] ] ] } },
{ "type": "Feature", "properties": { "place_id": 151, "height_m": 9.0, "area_m2": 21354.039495476034 }, "geometry": { "type": "Polygon", "coordinates": [ [ [ 116.24375, 39.88475 ], [ 116.24525, 39.88475 ], [ 116.24525, 39.88625 ], [ 116.24375, 39.88625 ], [ 116.24375, 39.88475 ] ] ] } },
{ "type": "Feature", "properties": { "place_id": 152, "height_m": 9.0, "area_m2": 21352.50639266078 }, "geometry": { "type": "Polygon", "coordinates": [ [ [ 116.24375, 39.88975 ], [ 116.24525, 39.88975 ], [ 116.24525, 39.89125 ], [ 116.24375, 39.89125 ], [ 116.24375, 39.88975 ] ] ] } },
{ "type": "Feature", "properties": { "place_id": 153, "height_m": 9.0, "area_m2": 21350.973124926812 }, "geometry": { "type": "Polygon", "coordinates": [ [ [ 116.24375, 39.89475 ], [ 116.24525, 39.89475 ], [ 116.24525, 39.89625 ], [ 116.24375, 39.89625 ], [ 116.24375, 39.89475 ] ] ] } },
{ "type": "Feature", "properties": { "place_id": 154, "height_m": 9.0, "area_m2": 21349.439691472333 }, "geometry": { "type": "Polygon", "coordinates": [ [ [ 116.24375, 39.89975 ], [ 116.24525, 39.89975 ], [ 116.24525, 39.90125 ], [ 116.24375, 39.90125 ], [ 116.24375, 39.89975 ] ] ] } },
{ "type": "Feature", "properties": { "place_id": 155, "height_m": 9.0, "area_m2": 21347.906092954683 }, "geometry": { "type": "Polygon", "coordinates": [ [ [ 116.24375, 39.90475 ], [ 116.24525, 39.90475 ], [ 116.24525, 39.90625 ], [ 116.24375, 39.90625 ], [ 116.24375, 39.90475 ] ] ] } },
{ "type": "Feature", "properties": { "place_id": 156, "height_m": 9.0, "area_m2": 21346.372328937552 }, "geometry": { "type": "Polygon", "coordinates": [ [ [ 116.24375, 39.90975 ], [ 116.24525, 39.90975 ], [ 116.24525, 39.91125 ], [ 116.24375, 39.91125 ], [ 116.24375, 39.90975 ] ] ] } },
{ "type": "Feature", "properties": { "place_id": 157, "height_m": 9.0, "area_m2": 21344.838399671458 }, "geometry": { "type": "Polygon", "coordinates": [ [ [ 116.24375, 39.91475 ], [ 116.24525, 39.91475 ], [ 116.24525, 39.91625 ], [ 116.24375, 39.91625 ], [ 116.24375, 39.91475 ] ] ] } },
{ "type": "Feature", "properties": { "place_id": 158, "height_m": 9.0, "area_m2": 21343.304305242757 }, "geometry": { "type": "Polygon", "coordinates": [ [ [ 116.24375, 39.91975 ], [ 116.24525, 39.91975 ], [ 116.24525, 39.92125 ], [ 116.24375, 39.92125 ], [ 116.24375, 39.91975 ] ] ] } },
{ "type": "Feature", "properties": { "place_id": 159, "height_m": 9.0, "area_m2": 21341.770045411904 }, "geometry": { "type": "Polygon", "coordinates": [ [ [ 116.24375, 39.92475 ], [ 116.24525, 39.92475 ], [ 116.24525, 39.92625 ], [ 116.24375, 39.92625 ], [ 116.24375, 39.92475 ] ] ] } },
{ "type": "Feature", "properties": { "place_id": 160, "height_m": 9.0, "area_m2": 21340.235620242467 }, "geometry": { "type": "Polygon", "coordinates": [ [ [ 116.24375, 39.92975 ], [ 116.24525, 39.92975 ], [ 116.24525, 39.93125 ], [ 116.24375, 39.93125 ], [ 116.24375, 39.92975 ] ] ] } },
{ "type": "Feature", "properties": { "place_id": 161, "height_m": 9.0, "area_m2": 21338.701029946347 }, "geometry": { "type": "Polygon", "coordinates": [ [ [ 116.24375, 39.93475 ], [ 116.24525, 39.93475 ], [ 116.24525, 39.93625 ], [ 116.24375, 39.93625 ], [ 116.24375, 39.93475 ] ] ] } },
{ "type": "Feature", "properties": { "place_id": 162, "height_m": 9.0, "area_m2": 21337.166274326333 }, "geometry": { "type": "Polygon", "coordinates": [ [ [ 116.24375, 39.93975 ], [ 116.24525, 39.93975 ], [ 116.24525, 39.94125 ], [ 116.24375, 39.94125 ], [ 116.24375, 39.93975 ] ] ] } },
{ "type": "Feature", "properties": { "place_id": 163, "height_m": 9.0, "area_m2": 21335.631353424073 }, "geometry": { "type": "Polygon", "coordinates": [ [ [ 116.24375, 39.94475 ], [ 116.24525, 39.94475 ], [ 116.24525, 39.94625 ], [ 116.24375, 39.94625 ], [ 116.24375, 39.94475 ] ] ] } },
{ "type": "Feature", "properties": { "place_id": 164, "height_m": 9.0, "area_m2": 21334.096267410234 }, "geometry": { "type": "Polygon", "coordinates": [ [ [ 116.24375, 39.94975 ], [ 116.24525, 39.94975 ], [ 116.24525, 39.95125 ], [ 116.24375, 39.95125 ], [ 116.24375, 39.94975 ] ] ] } },
{ "type": "Feature", "properties": { "place_id": 165, "height_m": 9.0, "area_m2": 21332.561015884137 }, "geometry": { "type": "Polygon", "coordinates": [ [ [ 116.24375, 39.95475 ], [ 116.24525, 39.95475 ], [ 116.24525, 39.95625 ], [ 116.24375, 39.95625 ], [ 116.24375, 39.95475 ] ] ] } },
{ "type": "Feature", "properties": { "place_id": 166, "height_m": 9.0, "area_m2": 21331.025599628931 }, "geometry": { "type": "Polygon", "coordinates": [ [ [ 116.24375, 39.95975 ], [ 116.24525, 39.95975 ], [ 116.24525, 39.96125 ], [ 116.24375, 39.96125 ], [ 116.24375, 39.95975 ] ] ] } },
{ "type": "Feature", "properties": { "place_id": 167, "height_m": 9.0, "area_m2": 21329.490017706121 }, "geometry": { "type": "Polygon", "coordinates": [ [ [ 116.24375, 39.96475 ], [ 116.24525, 39.96475 ], [ 116.24525, 39.96625 ], [ 116.24375, 39.96625 ], [ 116.24375, 39.96475 ] ] ] } },
{ "type": "Feature", "properties": { "place_id": 168, "height_m": 9.0, "area_m2": 21364.737585252686 }, "geometry": { "type": "Polygon", "coordinates": [ [ [ 116.24875, 39.84975 ], [ 116.25025, 39.84975 ], [ 116.25025, 39.85125 ], [ 116.24875, 39.85125 ], [ 116.24875, 39.84975 ] ] ] } },
{ "type": "Feature", "properties": { "place_id": 169, "height_m": 9.0, "area_m2": 21363.205646571645 }, "geometry": { "type": "Polygon", "coordinates": [ [ [ 116.24875, 39.85475 ], [ 116.25025, 39.85475 ], [ 116.25025, 39.85625 ], [ 116.24875, 39.85625 ], [ 116.24875, 39.85475 ] ] ] } },
{ "type": "Feature", "properties": { "place_id": 170, "height_m": 9.0, "area_m2": 21361.673542639946 }, "geometry": { "type": "Polygon", "coordinates": [ [ [ 116.24875, 39.85975 ], [ 116.25025, 39.85975 ], [ 116.25025, 39.86125 ], [ 116.24875, 39.86125 ], [ 116.24875, 39.85975 ] ] ] } },
{ "type": "Feature", "properties": { "place_id": 171, "height_m": 9.0, "area_m2": 21360.141273303849 }, "geometry": { "type": "Polygon", "coordinates": [ [ [ 116.24875, 39.86475 ], [ 116.25025, 39.86475 ], [ 116.25025, 39.86625 ], [ 116.24875, 39.86625 ], [ 116.24875, 39.86475 ] ] ] } },
{ "type": "Feature", "properties": { "place_id": 172, "height_m": 9.0, "area_m2": 21358.60883850955 }, "geometry": { "type": "Polygon", "coordinates": [ [ [ 116.24875, 39.86975 ], [ 116.25025, 39.86975 ], [ 116.25025, 39.87125 ], [ 116.24875, 39.87125 ], [ 116.24875, 39.86975 ] ] ] } },
{ "type": "Feature", "properties": { "place_id": 173, "height_m": 9.0, "area_m2": 21357.076238259109 }, "geometry": { "type": "Polygon", "coordinates": [ [ [ 116.24875, 39.87475 ], [ 116.25025, 39.87475 ], [ 116.25025, 39.87625 ], [ 116.24875, 39.87625 ], [ 116.24875, 39.87475 ] ] ] } },
{ "type": "Feature", "properties": { "place_id": 174, "height_m": 9.0, "area_m2": 21355.543472738769 }, "geometry": { "type": "Polygon", "coordinates": [ [ [ 116.24875, 39.87975 ], [ 116.25025, 39.87975 ], [ 116.25025, 39.88125 ], [ 116.24875, 39.88125 ], [ 116.24875, 39.87975 ] ] ] } },
{ "type": "Feature", "properties": { "place_id": 175, "height_m": 9.0, "area_m2": 21354.01054186518 }, "geometry": { "type": "Polygon", "coordinates": [ [ [ 116.24875, 39.88475 ], [ 116.25025, 39.88475 ], [ 116.25025, 39.88625 ], [ 116.24875, 39.88625 ], [ 116.24875, 39.88475 ] ] ] } },
{ "type": "Feature", "properties": { "place_id": 176, "height_m": 9.0, "area_m2": 21352.477445270611 }, "geometry": { "type": "Polygon", "coordinates": [ [ [ 116.24875, 39.88975 ], [ 116.25025, 39.88975 ], [ 116.25025, 39.89125 ], [ 116.24875, 39.89125 ], [ 116.24875, 39.88975 ] ] ] } },
{ "type": "Feature", "properties": { "place_id": 177, "height_m": 9.0, "area_m2": 21350.944183740303 }, "geometry": { "type": "Polygon", "coordinates": [ [ [ 116.24875, 39.89475 ], [ 116.25025, 39.89475 ], [ 116.25025, 39.89625 ], [ 116.24875, 39.89625 ], [ 116.24875, 39.89475 ] ] ] } },
{ "type": "Feature", "properties": { "place_id": 178, "height_m": 9.0, "area_m2": 21349.410756757221 }, "geometry": { "type": "Polygon", "coordinates": [ [ [ 116.24875, 39.89975 ], [ 116.25025, 39.89975 ], [ 116.25025, 39.90125 ], [ 116.24875, 39.90125 ], [ 116.24875, 39.89975 ] ] ] } },
{ "type": "Feature", "properties": { "place_id": 179, "height_m": 9.0, "area_m2": 21347.877164516405 }, "geometry": { "type": "Polygon", "coordinates": [ [ [ 116.24875, 39.90475 ], [ 116.25025, 39.90475 ], [ 116.25025, 39.90625 ], [ 116.24875, 39.90625 ], [ 116.24875, 39.90475 ] ] ] } },
{ "type": "Feature", "properties": { "place_id": 180, "height_m": 9.0, "area_m2": 21346.343406772285 }, "geometry": { "type": "Polygon", "coordinates": [ [ [ 116.24875, 39.90975 ], [ 116.25025, 39.90975 ], [ 116.25025, 39.91125 ], [ 116.24875, 39.91125 ], [ 116.24875, 39.90975 ] ] ] } },
{ "type": "Feature", "properties": { "place_id": 181, "height_m": 9.0, "area_m2": 21344.809483906782 }, "geometry": { "type": "Polygon", "coordinates": [ [ [ 116.24875, 39.91475 ], [ 116.25025, 39.91475 ], [ 116.25025, 39.91625 ], [ 116.24875, 39.91625 ], [ 116.24875, 39.91475 ] ] ] } },
{ "type": "Feature", "properties": { "place_id": 182, "height_m": 9.0, "area_m2": 21343.275395758959 }, "geometry": { "type": "Polygon", "coordinates": [ [ [ 116.24875, 39.91975 ], [ 116.25025, 39.91975 ], [ 116.25025, 39.92125 ], [ 116.24875, 39.92125 ], [ 116.24875, 39.91975 ] ] ] } },
{ "type": "Feature", "properties": { "place_id": 183, "height_m": 9.0, "area_m2": 21341.741142260747 }, "geometry": { "type": "Polygon", "coordinates": [ [ [ 116.24875, 39.92475 ], [ 116.25025, 39.92475 ], [ 116.25025, 39.92625 ], [ 116.24875, 39.92625 ], [ 116.24875, 39.92475 ] ] ] } },
{ "type": "Feature", "properties": { "place_id": 184, "height_m": 9.0, "area_m2": 21340.206723435866 }, "geometry": { "type": "Polygon", "coordinates": [ [ [ 116.24875, 39.92975 ], [ 116.25025, 39.92975 ], [ 116.25025, 39.93125 ], [ 116.24875, 39.93125 ], [ 116.24875, 39.92975 ] ] ] } },
{ "type": "Feature", "properties": { "place_id": 185, "height_m": 9.0, "area_m2": 21338.672139346494 }, "geometry": { "type": "Polygon", "coordinates": [ [ [ 116.24875, 39.93475 ], [ 116.25025, 39.93475 ], [ 116.25025, 39.93625 ], [ 116.24875, 39.93625 ], [ 116.24875, 39.93475 ] ] ] } },
{ "type": "Feature", "properties": { "place_id": 186, "height_m": 9.0, "area_m2": 21337.137389953481 }, "geometry": { "type": "Polygon", "coordinates": [ [ [ 116.24875, 39.93975 ], [ 116.25025, 39.93975 ], [ 116.25025, 39.94125 ], [ 116.24875, 39.94125 ], [ 116.24875, 39.93975 ] ] ] } },
{ "type": "Feature", "properties": { "place_id": 187, "height_m": 9.0, "area_m2": 21335.602475438329 }, "geometry": { "type": "Polygon", "coordinates": [ [ [ 116.24875, 39.94475 ], [ 116.25025, 39.94475 ], [ 116.25025, 39.94625 ], [ 116.24875, 39.94625 ], [ 116.24875, 39.94475 ] ] ] } },
{ "type": "Feature", "properties": { "place_id": 188, "height_m": 9.0, "area_m2": 21334.067395819719 }, "geometry": { "type": "Polygon", "coordinates": [ [ [ 116.24875, 39.94975 ], [ 116.25025, 39.94975 ], [ 116.25025, 39.95125 ], [ 116.24875, 39.95125 ], [ 116.24875, 39.94975 ] ] ] } },
{ "type": "Feature", "properties": { "place_id": 189, "height_m": 9.0, "area_m2": 21332.532150688981 }, "geometry": { "type": "Polygon", "coordinates": [ [ [ 116.24875, 39.95475 ], [ 116.25025, 39.95475 ], [ 116.25025, 39.95625 ], [ 116.24875, 39.95625 ], [ 116.24875, 39.95475 ] ] ] } },
{ "type": "Feature", "properties": { "place_id": 190, "height_m": 9.0, "area_m2": 21330.996740648821 }, "geometry": { "type": "Polygon", "coordinates": [ [ [ 116.24875, 39.95975 ], [ 116.25025, 39.95975 ], [ 116.25025, 39.96125 ], [ 116.24875, 39.96125 ], [ 116.24875, 39.95975 ] ] ] } },
{ "type": "Feature", "properties": { "place_id": 191, "height_m": 9.0, "area_m2": 21329.461164995406 }, "geometry": { "type": "Polygon", "coordinates": [ [ [ 116.24875, 39.96475 ], [ 116.25025, 39.96475 ], [ 116.25025, 39.96625 ], [ 116.24875, 39.96625 ], [ 116.24875, 39.96475 ] ] ] } },
{ "type": "Feature", "properties": { "place_id": 192, "height_m": 9.0, "area_m2": 21364.708779800985 }, "geometry": { "type": "Polygon", "coordinates": [ [ [ 116.25375, 39.84975 ], [ 116.25525, 39.84975 ], [ 116.25525, 39.85125 ], [ 116.25375, 39.85125 ], [ 116.25375, 39.84975 ] ] ] } },
{ "type": "Feature", "properties": { "place_id": 193, "height_m": 9.0, "area_m2": 21363.176847562419 }, "geometry": { "type": "Polygon", "coordinates": [ [ [ 116.25375, 39.85475 ], [ 116.25525, 39.85475 ], [ 116.25525, 39.85625 ], [ 116.25375, 39.85625 ], [ 116.25375, 39.85475 ] ] ] } },
{ "type": "Feature", "properties": { "place_id": 194, "height_m": 9.0, "area_m2": 21361.644749905307 }, "geometry": { "type": "Polygon", "coordinates": [ [ [ 116.25375, 39.85975 ], [ 116.25525, 39.85975 ], [ 116.25525, 39.86125 ], [ 116.25375, 39.86125 ], [ 116.25375, 39.85975 ] ] ] } },
{ "type": "Feature", "properties": { "place_id": 195, "height_m": 9.0, "area_m2": 21360.112486776969 }, "geometry": { "type": "Polygon", "coordinates": [ [ [ 116.25375, 39.86475 ], [ 116.25525, 39.86475 ], [ 116.25525, 39.86625 ], [ 116.25375, 39.86625 ], [ 116.25375, 39.86475 ] ] ] } },
{ "type": "Feature", "properties": { "place_id": 196, "height_m": 9.0, "area_m2": 21358.580058242242 }, "geometry": { "type": "Polygon", "coordinates": [ [ [ 116.25375, 39.86975 ], [ 116.25525, 39.86975 ], [ 116.25525, 39.87125 ], [ 116.25375, 39.87125 ], [ 116.25375, 39.86975 ] ] ] } },
{ "type": "Feature", "properties": { "place_id": 197, "height_m": 9.0, "area_m2": 21357.047464259376 }, "geometry": { "type": "Polygon", "coordinates": [ [ [ 116.25375, 39.87475 ], [ 116.25525, 39.87475 ], [ 116.25525, 39.87625 ], [ 116.25375, 39.87625 ], [ 116.25375, 39.87475 ] ] ] } },
{ "type": "Feature", "properties": { "place_id": 198, "height_m": 9.0, "area_m2": 21355.514704893267 }, "geometry": { "type": "Polygon", "coordinates": [ [ [ 116.25375, 39.87975 ], [ 116.25525, 39.87975 ], [ 116.25525, 39.88125 ], [ 116.25375, 39.88125 ], [ 116.25375, 39.87975 ] ] ] } },
{ "type": "Feature", "properties": { "place_id": 199, "height_m": 9.0, "area_m2": 21353.981780338836 }, "geometry": { "type": "Polygon", "coordinates": [ [ [ 116.25375, 39.88475 ], [ 116.25525, 39.88475 ], [ 116.25525, 39.88625 ], [ 116.25375, 39.88625 ], [ 116.25375, 39.88475 ] ] ] } },
{ "type": "Feature", "properties": { "place_id": 200, "height_m": 9.0, "area_m2": 21352.448690074165 }, "geometry": { "type": "Polygon", "coordinates": [ [ [ 116.25375, 39.88975 ], [ 116.25525, 39.88975 ], [ 116.25525, 39.89125 ], [ 116.25375, 39.89125 ], [ 116.25375, 39.88975 ] ] ] } },
{ "type": "Feature", "properties": { "place_id": 201, "height_m": 9.0, "area_m2": 21350.915434931314 }, "geometry": { "type": "Polygon", "coordinates": [ [ [ 116.25375, 39.89475 ], [ 116.25525, 39.89475 ], [ 116.25525, 39.89625 ], [ 116.25375, 39.89625 ], [ 116.25375, 39.89475 ] ] ] } },
{ "type": "Feature", "properties": { "place_id": 202, "height_m": 9.0, "area_m2": 21349.382014092993 }, "geometry": { "type": "Polygon", "coordinates": [ [ [ 116.25375, 39.89975 ], [ 116.25525, 39.89975 ], [ 116.25525, 39.90125 ], [ 116.25375, 39.90125 ], [ 116.25375, 39.89975 ] ] ] } },
{ "type": "Feature", "properties": { "place_id": 203, "height_m": 9.0, "area_m2": 21347.84842817028 }, "geometry": { "type": "Polygon", "coordinates": [ [ [ 116.25375, 39.90475 ], [ 116.25525, 39.90475 ], [ 116.25525, 39.90625 ], [ 116.25375, 39.90625 ], [ 116.25375, 39.90475 ] ] ] } },
{ "type": "Feature", "properties": { "place_id": 204, "height_m": 9.0, "area_m2": 21346.314676755053 }, "geometry": { "type": "Polygon", "coordinates": [ [ [ 116.25375, 39.90975 ], [ 116.25525, 39.90975 ], [ 116.25525, 39.91125 ], [ 116.25375, 39.91125 ], [ 116.25375, 39.90975 ] ] ] } },
{ "type": "Feature", "properties": { "place_id": 205, "height_m": 9.0, "area_m2": 21344.780760153022 }, "geometry": { "type": "Polygon", "coordinates": [ [ [ 116.25375, 39.91475 ], [ 116.25525, 39.91475 ], [ 116.25525, 39.91625 ], [ 116.25375, 39.91625 ], [ 116.25375, 39.91475 ] ] ] } },
{ "type": "Feature", "properties": { "place_id": 206, "height_m": 9.0, "area_m2": 21343.246678257728 }, "geometry": { "type": "Polygon", "coordinates": [ [ [ 116.25375, 39.91975 ], [ 116.25525, 39.91975 ], [ 116.25525, 39.92125 ], [ 116.25375, 39.92125 ], [ 116.25375, 39.91975 ] ] ] } },
{ "type": "Feature", "properties": { "place_id": 207, "height_m": 9.0, "area_m2": 21341.712430968309 }, "geometry": { "type": "Polygon", "coordinates": [ [ [ 116.25375, 39.92475 ], [ 116.25525, 39.92475 ], [ 116.25525, 39.92625 ], [ 116.25375, 39.92625 ], [ 116.25375, 39.92475 ] ] ] } },
{ "type": "Feature", "properties": { "place_id": 208, "height_m": 9.0, "area_m2": 21340.178018467817 }, "geometry": { "type": "Polygon", "coordinates": [ [ [ 116.25375, 39.92975 ], [ 116.25525, 39.92975 ], [ 116.25525, 39.93125 ], [ 116.25375, 39.93125 ], [ 116.25375, 39.92975 ] ] ] } },
{ "type": "Feature", "properties": { "place_id": 209, "height_m": 9.0, "area_m2": 21338.643440646993 }, "geometry": { "type": "Polygon", "coordinates": [ [ [ 116.25375, 39.93475 ], [ 116.25525, 39.93475 ], [ 116.25525, 39.93625 ], [ 116.25375, 39.93625 ], [ 116.25375, 39.93475 ] ] ] } },
{ "type": "Feature", "properties": { "place_id": 210, "height_m": 9.0, "area_m2": 21337.108697509178 }, "geometry": { "type": "Polygon", "coordinates": [ [ [ 116.25375, 39.93975 ], [ 116.25525, 39.93975 ], [ 116.25525, 39.94125 ], [ 116.25375, 39.94125 ], [ 116.25375, 39.93975 ] ] ] } },
{ "type": "Feature", "properties": { "place_id": 211, "height_m": 9.0, "area_m2": 21335.573789377886 }, "geometry": { "type": "Polygon", "coordinates": [ [ [ 116.25375, 39.94475 ], [ 116.25525, 39.94475 ], [ 116.25525, 39.94625 ], [ 116.25375, 39.94625 ], [ 116.25375, 39.94475 ] ] ] } },
{ "type": "Feature", "properties": { "place_id": 212, "height_m": 9.0, "area_m2": 21334.038715905615 }, "geometry": { "type": "Polygon", "coordinates": [ [ [ 116.25375, 39.94975 ], [ 116.25525, 39.94975 ], [ 116.25525, 39.95125 ], [ 116.25375, 39.95125 ], [ 116.25375, 39.94975 ] ] ] } },
{ "type": "Feature", "properties": { "place_id": 213, "height_m": 9.0, "area_m2": 21332.503476967631 }, "geometry": { "type": "Polygon", "coordinates": [ [ [ 116.25375, 39.95475 ], [ 116.25525, 39.95475 ], [ 116.25525, 39.95625 ], [ 116.25375, 39.95625 ], [ 116.25375, 39.95475 ] ] ] } },
{ "type": "Feature", "properties": { "place_id": 214, "height_m": 9.0, "area_m2": 21330.968073314503 }, "geometry": { "type": "Polygon", "coordinates": [ [ [ 116.25375, 39.95975 ], [ 116.25525, 39.95975 ], [ 116.25525, 39.96125 ], [ 116.25375, 39.96125 ], [ 116.25375, 39.95975 ] ] ] } },
{ "type": "Feature", "properties": { "place_id": 215, "height_m": 9.0, "area_m2": 21329.43250391012 }, "geometry": { "type": "Polygon", "coordinates": [ [ [ 116.25375, 39.96475 ], [ 116.25525, 39.96475 ], [ 116.25525, 39.96625 ], [ 116.25375, 39.96625 ], [ 116.25375, 39.96475 ] ] ] } },
{ "type": "Feature", "properties": { "place_id": 216, "height_m": 9.0, "area_m2": 21364.680167009828 }, "geometry": { "type": "Polygon", "coordinates": [ [ [ 116.25875, 39.84975 ], [ 116.26025, 39.84975 ], [ 116.26025, 39.85125 ], [ 116.25875, 39.85125 ], [ 116.25875, 39.84975 ] ] ] } },
{ "type": "Feature", "properties": { "place_id": 217, "height_m": 9.0, "area_m2": 21363.148240843693 }, "geometry": { "type": "Polygon", "coordinates": [ [ [ 116.25875, 39.85475 ], [ 116.26025, 39.85475 ], [ 116.26025, 39.85625 ], [ 116.25875, 39.85625 ], [ 116.25875, 39.85475 ] ] ] } },
{ "type": "Feature", "properties": { "place_id": 218, "height_m": 9.0, "area_m2": 21361.616149446992 }, "geometry": { "type": "Polygon", "coordinates": [ [ [ 116.25875, 39.85975 ], [ 116.26025, 39.85975 ], [ 116.26025, 39.86125 ], [ 116.25875, 39.86125 ], [ 116.25875, 39.85975 ] ] ] } },
{ "type": "Feature", "properties": { "place_id": 219, "height_m": 9.0, "area_m2": 21360.083892637969 }, "geometry": { "type": "Polygon", "coordinates": [ [ [ 116.25875, 39.86475 ], [ 116.26025, 39.86475 ], [ 116.26025, 39.86625 ], [ 116.25875, 39.86625 ], [ 116.25875, 39.86475 ] ] ] } },
{ "type": "Feature", "properties": { "place_id": 220, "height_m": 9.0, "area_m2": 21358.551470289531 }, "geometry": { "type": "Polygon", "coordinates": [ [ [ 116.25875, 39.86975 ], [ 116.26025, 39.86975 ], [ 116.26025, 39.87125 ], [ 116.25875, 39.87125 ], [ 116.25875, 39.86975 ] ] ] } },
{ "type": "Feature", "properties": { "place_id": 221, "height_m": 9.0, "area_m2": 21357.018882623273 }, "geometry": { "type": "Polygon", "coordinates": [ [ [ 116.25875, 39.87475 ], [ 116.26025, 39.87475 ], [ 116.26025, 39.87625 ], [ 116.25875, 39.87625 ], [ 116.25875, 39.87475 ] ] ] } },
{ "type": "Feature", "properties": { "place_id": 222, "height_m": 9.0, "area_m2": 21355.48612950819 }, "geometry": { "type": "Polygon", "coordinates": [ [ [ 116.25875, 39.87975 ], [ 116.26025, 39.87975 ], [ 116.26025, 39.88125 ], [ 116.25875, 39.88125 ], [ 116.25875, 39.87975 ] ] ] } },
{ "type": "Feature", "properties": { "place_id": 223, "height_m": 9.0, "area_m2": 21353.953211263597 }, "geometry": { "type": "Polygon", "coordinates": [ [ [ 116.25875, 39.88475 ], [ 116.26025, 39.88475 ], [ 116.26025, 39.88625 ], [ 116.25875, 39.88625 ], [ 116.25875, 39.88475 ] ] ] } },
{ "type": "Feature", "properties": { "place_id": 224, "height_m": 9.0, "area_m2": 21352.420127130052 }, "geometry": { "type": "Polygon", "coordinates": [ [ [ 116.25875, 39.88975 ], [ 116.26025, 39.88975 ], [ 116.26025, 39.89125 ], [ 116.25875, 39.89125 ], [ 116.25875, 39.88975 ] ] ] } },
{ "type": "Feature", "properties": { "place_id": 225, "height_m": 9.0, "area_m2": 21350.886878119363 }, "geometry": { "type": "Polygon", "coordinates": [ [ [ 116.25875, 39.89475 ], [ 116.26025, 39.89475 ], [ 116.26025, 39.89625 ], [ 116.25875, 39.89625 ], [ 116.25875, 39.89475 ] ] ] } },
{ "type": "Feature", "properties": { "place_id": 226, "height_m": 9.0, "area_m2": 21349.353463710879 }, "geometry": { "type": "Polygon", "coordinates": [ [ [ 116.25875, 39.89975 ], [ 116.26025, 39.89975 ], [ 116.26025, 39.90125 ], [ 116.25875, 39.90125 ], [ 116.25875, 39.89975 ] ] ] } },
{ "type": "Feature", "properties": { "place_id": 227, "height_m": 9.0, "area_m2": 21347.81988386211 }, "geometry": { "type": "Polygon", "coordinates": [ [ [ 116.25875, 39.90475 ], [ 116.26025, 39.90475 ], [ 116.26025, 39.90625 ], [ 116.25875, 39.90625 ], [ 116.25875, 39.90475 ] ] ] } },
{ "type": "Feature", "properties": { "place_id": 228, "height_m": 9.0, "area_m2": 21346.286138632538 }, "geometry": { "type": "Polygon", "coordinates": [ [ [ 116.25875, 39.90975 ], [ 116.26025, 39.90975 ], [ 116.26025, 39.91125 ], [ 116.25875, 39.91125 ], [ 116.25875, 39.90975 ] ] ] } },
{ "type": "Feature", "properties": { "place_id": 229, "height_m": 9.0, "area_m2": 21344.75222829335 }, "geometry": { "type": "Polygon", "coordinates": [ [ [ 116.25875, 39.91475 ], [ 116.26025, 39.91475 ], [ 116.26025, 39.91625 ], [ 116.25875, 39.91625 ], [ 116.25875, 39.91475 ] ] ] } },
{ "type": "Feature", "properties": { "place_id": 230, "height_m": 9.0, "area_m2": 21343.218152642308 }, "geometry": { "type": "Polygon", "coordinates": [ [ [ 116.25875, 39.91975 ], [ 116.26025, 39.91975 ], [ 116.26025, 39.92125 ], [ 116.25875, 39.92125 ], [ 116.25875, 39.91975 ] ] ] } },
{ "type": "Feature", "properties": { "place_id": 231, "height_m": 9.0, "area_m2": 21341.683911656222 }, "geometry": { "type": "Polygon", "coordinates": [ [ [ 116.25875, 39.92475 ], [ 116.26025, 39.92475 ], [ 116.26025, 39.92625 ], [ 116.25875, 39.92625 ], [ 116.25875, 39.92475 ] ] ] } },
{ "type": "Feature", "properties": { "place_id": 232, "height_m": 9.0, "area_m2": 21340.149505351397 }, "geometry": { "type": "Polygon", "coordinates": [ [ [ 116.25875, 39.92975 ], [ 116.26025, 39.92975 ], [ 116.26025, 39.93125 ], [ 116.25875, 39.93125 ], [ 116.25875, 39.92975 ] ] ] } },
{ "type": "Feature", "properties": { "place_id": 233, "height_m": 9.0, "area_m2": 21338.614933833378 }, "geometry": { "type": "Polygon", "coordinates": [ [ [ 116.25875, 39.93475 ], [ 116.26025, 39.93475 ], [ 116.26025, 39.93625 ], [ 116.25875, 39.93625 ], [ 116.25875, 39.93475 ] ] ] } },
{ "type": "Feature", "properties": { "place_id": 234, "height_m": 9.0, "area_m2": 21337.080197012587 }, "geometry": { "type": "Polygon", "coordinates": [ [ [ 116.25875, 39.93975 ], [ 116.26025, 39.93975 ], [ 116.26025, 39.94125 ], [ 116.25875, 39.94125 ], [ 116.25875, 39.93975 ] ] ] } },
{ "type": "Feature", "properties": { "place_id": 235, "height_m": 9.0, "area_m2": 21335.545294942429 }, "geometry": { "type": "Polygon", "coordinates": [ [ [ 116.25875, 39.94475 ], [ 116.26025, 39.94475 ], [ 116.26025, 39.94625 ], [ 116.25875, 39.94625 ], [ 116.25875, 39.94475 ] ] ] } },
{ "type": "Feature", "properties": { "place_id": 236, "height_m": 9.0, "area_m2": 21334.01022777352 }, "geometry": { "type": "Polygon", "coordinates": [ [ [ 116.25875, 39.94975 ], [ 116.26025, 39.94975 ], [ 116.26025, 39.95125 ], [ 116.25875, 39.95125 ], [ 116.25875, 39.94975 ] ] ] } },
{ "type": "Feature", "properties": { "place_id": 237, "height_m": 9.0, "area_m2": 21332.47499515313 }, "geometry": { "type": "Polygon", "coordinates": [ [ [ 116.25875, 39.95475 ], [ 116.26025, 39.95475 ], [ 116.26025, 39.95625 ], [ 116.25875, 39.95625 ], [ 116.25875, 39.95475 ] ] ] } },
{ "type": "Feature", "properties": { "place_id": 238, "height_m": 9.0, "area_m2": 21330.939597676173 }, "geometry": { "type": "Polygon", "coordinates": [ [ [ 116.25875, 39.95975 ], [ 116.26025, 39.95975 ], [ 116.26025, 39.96125 ], [ 116.25875, 39.96125 ], [ 116.25875, 39.95975 ] ] ] } },
{ "type": "Feature", "properties": { "place_id": 239, "height_m": 9.0, "area_m2": 21329.404034651518 }, "geometry": { "type": "Polygon", "coordinates": [ [ [ 116.25875, 39.96475 ], [ 116.26025, 39.96475 ], [ 116.26025, 39.96625 ], [ 116.25875, 39.96625 ], [ 116.25875, 39.96475 ] ] ] } },
{ "type": "Feature", "properties": { "place_id": 240, "height_m": 9.0, "area_m2": 21364.651746345487 }, "geometry": { "type": "Polygon", "coordinates": [ [ [ 116.26375, 39.84975 ], [ 116.26525, 39.84975 ], [ 116.26525, 39.85125 ], [ 116.26375, 39.85125 ], [ 116.26375, 39.84975 ] ] ] } },
{ "type": "Feature", "properties": { "place_id": 241, "height_m": 9.0, "area_m2": 21363.11982643079 }, "geometry": { "type": "Polygon", "coordinates": [ [ [ 116.26375, 39.85475 ], [ 116.26525, 39.85475 ], [ 116.26525, 39.85625 ], [ 116.26375, 39.85625 ], [ 116.26375, 39.85475 ] ] ] } },
{ "type": "Feature", "properties": { "place_id": 242, "height_m": 9.0, "area_m2": 21361.587741327538 }, "geometry": { "type": "Polygon", "coordinates": [ [ [ 116.26375, 39.85975 ], [ 116.26525, 39.85975 ], [ 116.26525, 39.86125 ], [ 116.26375, 39.86125 ], [ 116.26375, 39.85975 ] ] ] } },
{ "type": "Feature", "properties": { "place_id": 243, "height_m": 9.0, "area_m2": 21360.055490747782 }, "geometry": { "type": "Polygon", "coordinates": [ [ [ 116.26375, 39.86475 ], [ 116.26525, 39.86475 ], [ 116.26525, 39.86625 ], [ 116.26375, 39.86625 ], [ 116.26375, 39.86475 ] ] ] } },
{ "type": "Feature", "properties": { "place_id": 244, "height_m": 9.0, "area_m2": 21358.523074531855 }, "geometry": { "type": "Polygon", "coordinates": [ [ [ 116.26375, 39.86975 ], [ 116.26525, 39.86975 ], [ 116.26525, 39.87125 ], [ 116.26375, 39.87125 ], [ 116.26375, 39.86975 ] ] ] } },
{ "type": "Feature", "properties": { "place_id": 245, "height_m": 9.0, "area_m2": 21356.990493040063 }, "geometry": { "type": "Polygon", "coordinates": [ [ [ 116.26375, 39.87475 ], [ 116.26525, 39.87475 ], [ 116.26525, 39.87625 ], [ 116.26375, 39.87625 ], [ 116.26375, 39.87475 ] ] ] } },
{ "type": "Feature", "properties": { "place_id": 246, "height_m": 9.0, "area_m2": 21355.457746104075 }, "geometry": { "type": "Polygon", "coordinates": [ [ [ 116.26375, 39.87975 ], [ 116.26525, 39.87975 ], [ 116.26525, 39.88125 ], [ 116.26375, 39.88125 ], [ 116.26375, 39.87975 ] ] ] } },
{ "type": "Feature", "properties": { "place_id": 247, "height_m": 9.0, "area_m2": 21353.924833917656 }, "geometry": { "type": "Polygon", "coordinates": [ [ [ 116.26375, 39.88475 ], [ 116.26525, 39.88475 ], [ 116.26525, 39.88625 ], [ 116.26375, 39.88625 ], [ 116.26375, 39.88475 ] ] ] } },
{ "type": "Feature", "properties": { "place_id": 248, "height_m": 9.0, "area_m2": 21352.391756077392 }, "geometry": { "type": "Polygon", "coordinates": [ [ [ 116.26375, 39.88975 ], [ 116.26525, 39.88975 ], [ 116.26525, 39.89125 ], [ 116.26375, 39.89125 ], [ 116.26375, 39.88975 ] ] ] } },
{ "type": "Feature", "properties": { "place_id": 249, "height_m": 9.0, "area_m2": 21350.858513251187 }, "geometry": { "type": "Polygon", "coordinates": [ [ [ 116.26375, 39.89475 ], [ 116.26525, 39.89475 ], [ 116.26525, 39.89625 ], [ 116.26375, 39.89625 ], [ 116.26375, 39.89475 ] ] ] } },
{ "type": "Feature", "properties": { "place_id": 250, "height_m": 9.0, "area_m2": 21349.32510502699 }, "geometry": { "type": "Polygon", "coordinates": [ [ [ 116.26375, 39.89975 ], [ 116.26525, 39.89975 ], [ 116.26525, 39.90125 ], [ 116.26375, 39.90125 ], [ 116.26375, 39.89975 ] ] ] } },
{ "type": "Feature", "properties": { "place_id": 251, "height_m": 9.0, "area_m2": 21347.791531469415 }, "geometry": { "type": "Polygon", "coordinates": [ [ [ 116.26375, 39.90475 ], [ 116.26525, 39.90475 ], [ 116.26525, 39.90625 ], [ 116.26375, 39.90625 ], [ 116.26375, 39.90475 ] ] ] } },
{ "type": "Feature", "properties": { "place_id": 252, "height_m": 9.0, "area_m2": 21346.257792420023 }, "geometry": { "type": "Polygon", "coordinates": [ [ [ 116.26375, 39.90975 ], [ 116.26525, 39.90975 ], [ 116.26525, 39.91125 ], [ 116.26375, 39.91125 ], [ 116.26375, 39.90975 ] ] ] } },
{ "type": "Feature", "properties": { "place_id": 253, "height_m": 9.0, "area_m2": 21344.723888253378 }, "geometry": { "type": "Polygon", "coordinates": [ [ [ 116.26375, 39.91475 ], [ 116.26525, 39.91475 ], [ 116.26525, 39.91625 ], [ 116.26375, 39.91625 ], [ 116.26375, 39.91475 ] ] ] } },
{ "type": "Feature", "properties": { "place_id": 254, "height_m": 9.0, "area_m2": 21343.189818842406 }, "geometry": { "type": "Polygon", "coordinates": [ [ [ 116.26375, 39.91975 ], [ 116.26525, 39.91975 ], [ 116.26525, 39.92125 ], [ 116.26375, 39.92125 ], [ 116.26375, 39.91975 ] ] ] } },
{ "type": "Feature", "properties": { "place_id": 255, "height_m": 9.0, "area_m2": 21341.655584034503 }, "geometry": { "type": "Polygon", "coordinates": [ [ [ 116.26375, 39.92475 ], [ 116.26525, 39.92475 ], [ 116.26525, 39.92625 ], [ 116.26375, 39.92625 ], [ 116.26375, 39.92475 ] ] ] } },
{ "type": "Feature", "properties": { "place_id": 256, "height_m": 9.0, "area_m2": 21340.121183709827 }, "geometry": { "type": "Polygon", "coordinates": [ [ [ 116.26375, 39.92975 ], [ 116.26525, 39.92975 ], [ 116.26525, 39.93125 ], [ 116.26375, 39.93125 ], [ 116.26375, 39.92975 ] ] ] } },
{ "type": "Feature", "properties": { "place_id": 257, "height_m": 9.0, "area_m2": 21338.586618496294 }, "geometry": { "type": "Polygon", "coordinates": [ [ [ 116.26375, 39.93475 ], [ 116.26525, 39.93475 ], [ 116.26525, 39.93625 ], [ 116.26375, 39.93625 ], [ 116.26375, 39.93475 ] ] ] } },
{ "type": "Feature", "properties": { "place_id": 258, "height_m": 9.0, "area_m2": 21337.051887902337 }, "geometry": { "type": "Polygon", "coordinates": [ [ [ 116.26375, 39.93975 ], [ 116.26525, 39.93975 ], [ 116.26525, 39.94125 ], [ 116.26375, 39.94125 ], [ 116.26375, 39.93975 ] ] ] } },
{ "type": "Feature", "properties": { "place_id": 259, "height_m": 9.0, "area_m2": 21335.51699207224 }, "geometry": { "type": "Polygon", "coordinates": [ [ [ 116.26375, 39.94475 ], [ 116.26525, 39.94475 ], [ 116.26525, 39.94625 ], [ 116.26375, 39.94625 ], [ 116.26375, 39.94475 ] ] ] } },
{ "type": "Feature", "properties": { "place_id": 260, "height_m": 9.0, "area_m2": 21333.981931014147 }, "geometry": { "type": "Polygon", "coordinates": [ [ [ 116.26375, 39.94975 ], [ 116.26525, 39.94975 ], [ 116.26525, 39.95125 ], [ 116.26375, 39.95125 ], [ 116.26375, 39.94975 ] ] ] } },
{ "type": "Feature", "properties": { "place_id": 261, "height_m": 9.0, "area_m2": 21332.446704621099 }, "geometry": { "type": "Polygon", "coordinates": [ [ [ 116.26375, 39.95475 ], [ 116.26525, 39.95475 ], [ 116.26525, 39.95625 ], [ 116.26375, 39.95625 ], [ 116.26375, 39.95475 ] ] ] } },
{ "type": "Feature", "properties": { "place_id": 262, "height_m": 9.0, "area_m2": 21330.911313324523 }, "geometry": { "type": "Polygon", "coordinates": [ [ [ 116.26375, 39.95975 ], [ 116.26525, 39.95975 ], [ 116.26525, 39.96125 ], [ 116.26375, 39.96125 ], [ 116.26375, 39.95975 ] ] ] } },
{ "type": "Feature", "properties": { "place_id": 263, "height_m": 9.0, "area_m2": 21329.375756350939 }, "geometry": { "type": "Polygon", "coordinates": [ [ [ 116.26375, 39.96475 ], [ 116.26525, 39.96475 ], [ 116.26525, 39.96625 ], [ 116.26375, 39.96625 ], [ 116.26375, 39.96475 ] ] ] } },
{ "type": "Feature", "properties": { "place_id": 264, "height_m": 9.0, "area_m2": 21364.623519131001 }, "geometry": { "type": "Polygon", "coordinates": [ [ [ 116.26875, 39.84975 ], [ 116.27025, 39.84975 ], [ 116.27025, 39.85125 ], [ 116.26875, 39.85125 ], [ 116.26875, 39.84975 ] ] ] } },
{ "type": "Feature", "properties": { "place_id": 265, "height_m": 9.0, "area_m2": 21363.09160520876 }, "geometry": { "type": "Polygon", "coordinates": [ [ [ 116.26875, 39.85475 ], [ 116.27025, 39.85475 ], [ 116.27025, 39.85625 ], [ 116.26875, 39.85625 ], [ 116.26875, 39.85475 ] ] ] } },
{ "type": "Feature", "properties": { "place_id": 266, "height_m": 9.0, "area_m2": 21361.559526389672 }, "geometry": { "type": "Polygon", "coordinates": [ [ [ 116.26875, 39.85975 ], [ 116.27025, 39.85975 ], [ 116.27025, 39.86125 ], [ 116.26875, 39.86125 ], [ 116.26875, 39.85975 ] ] ] } },
{ "type": "Feature", "properties": { "place_id": 267, "height_m": 9.0, "area_m2": 21360.027281734227 }, "geometry": { "type": "Polygon", "coordinates": [ [ [ 116.26875, 39.86475 ], [ 116.27025, 39.86475 ], [ 116.27025, 39.86625 ], [ 116.26875, 39.86625 ], [ 116.26875, 39.86475 ] ] ] } },
{ "type": "Feature", "properties": { "place_id": 268, "height_m": 9.0, "area_m2": 21358.494871869672 }, "geometry": { "type": "Polygon", "coordinates": [ [ [ 116.26875, 39.86975 ], [ 116.27025, 39.86975 ], [ 116.27025, 39.87125 ], [ 116.26875, 39.87125 ], [ 116.26875, 39.86975 ] ] ] } },
{ "type": "Feature", "properties": { "place_id": 269, "height_m": 9.0, "area_m2": 21356.962296533482 }, "geometry": { "type": "Polygon", "coordinates": [ [ [ 116.26875, 39.87475 ], [ 116.27025, 39.87475 ], [ 116.27025, 39.87625 ], [ 116.26875, 39.87625 ], [ 116.26875, 39.87475 ] ] ] } },
{ "type": "Feature", "properties": { "place_id": 270, "height_m": 9.0, "area_m2": 21355.429555652703 }, "geometry": { "type": "Polygon", "coordinates": [ [ [ 116.26875, 39.87975 ], [ 116.27025, 39.87975 ], [ 116.27025, 39.88125 ], [ 116.26875, 39.88125 ], [ 116.26875, 39.87975 ] ] ] } },
{ "type": "Feature", "properties": { "place_id": 271, "height_m": 9.0, "area_m2": 21353.896649687835 }, "geometry": { "type": "Polygon", "coordinates": [ [ [ 116.26875, 39.88475 ], [ 116.27025, 39.88475 ], [ 116.27025, 39.88625 ], [ 116.26875, 39.88625 ], [ 116.26875, 39.88475 ] ] ] } },
{ "type": "Feature", "properties": { "place_id": 272, "height_m": 9.0, "area_m2": 21352.363577954227 }, "geometry": { "type": "Polygon", "coordinates": [ [ [ 116.26875, 39.88975 ], [ 116.27025, 39.88975 ], [ 116.27025, 39.89125 ], [ 116.26875, 39.89125 ], [ 116.26875, 39.88975 ] ] ] } },
{ "type": "Feature", "properties": { "place_id": 273, "height_m": 9.0, "area_m2": 21350.830341347821 }, "geometry": { "type": "Polygon", "coordinates": [ [ [ 116.26875, 39.89475 ], [ 116.27025, 39.89475 ], [ 116.27025, 39.89625 ], [ 116.26875, 39.89625 ], [ 116.26875, 39.89475 ] ] ] } },
{ "type": "Feature", "properties": { "place_id": 274, "height_m": 9.0, "area_m2": 21349.296939224962 }, "geometry": { "type": "Polygon", "coordinates": [ [ [ 116.26875, 39.89975 ], [ 116.27025, 39.89975 ], [ 116.27025, 39.90125 ], [ 116.26875, 39.90125 ], [ 116.26875, 39.89975 ] ] ] } },
{ "type": "Feature", "properties": { "place_id": 275, "height_m": 9.0, "area_m2": 21347.763371773355 }, "geometry": { "type": "Polygon", "coordinates": [ [ [ 116.26875, 39.90475 ], [ 116.27025, 39.90475 ], [ 116.27025, 39.90625 ], [ 116.26875, 39.90625 ], [ 116.26875, 39.90475 ] ] ] } },
{ "type": "Feature", "properties": { "place_id": 276, "height_m": 9.0, "area_m2": 21346.229639013083 }, "geometry": { "type": "Polygon", "coordinates": [ [ [ 116.26875, 39.90975 ], [ 116.27025, 39.90975 ], [ 116.27025, 39.91125 ], [ 116.26875, 39.91125 ], [ 116.26875, 39.90975 ] ] ] } },
{ "type": "Feature", "properties": { "place_id": 277, "height_m": 9.0, "area_m2": 21344.695740820531 }, "geometry": { "type": "Polygon", "coordinates": [ [ [ 116.26875, 39.91475 ], [ 116.27025, 39.91475 ], [ 116.27025, 39.91625 ], [ 116.26875, 39.91625 ], [ 116.26875, 39.91475 ] ] ] } },
{ "type": "Feature", "properties": { "place_id": 278, "height_m": 9.0, "area_m2": 21343.161677634158 }, "geometry": { "type": "Polygon", "coordinates": [ [ [ 116.26875, 39.91975 ], [ 116.27025, 39.91975 ], [ 116.27025, 39.92125 ], [ 116.26875, 39.92125 ], [ 116.26875, 39.91975 ] ] ] } },
{ "type": "Feature", "properties": { "place_id": 279, "height_m": 9.0, "area_m2": 21341.627448863863 }, "geometry": { "type": "Polygon", "coordinates": [ [ [ 116.26875, 39.92475 ], [ 116.27025, 39.92475 ], [ 116.27025, 39.92625 ], [ 116.26875, 39.92625 ], [ 116.26875, 39.92475 ] ] ] } },
{ "type": "Feature", "properties": { "place_id": 280, "height_m": 9.0, "area_m2": 21340.09305494911 }, "geometry": { "type": "Polygon", "coordinates": [ [ [ 116.26875, 39.92975 ], [ 116.27025, 39.92975 ], [ 116.27025, 39.93125 ], [ 116.26875, 39.93125 ], [ 116.26875, 39.92975 ] ] ] } },
{ "type": "Feature", "properties": { "place_id": 281, "height_m": 9.0, "area_m2": 21338.558495707486 }, "geometry": { "type": "Polygon", "coordinates": [ [ [ 116.26875, 39.93475 ], [ 116.27025, 39.93475 ], [ 116.27025, 39.93625 ], [ 116.26875, 39.93625 ], [ 116.26875, 39.93475 ] ] ] } },
{ "type": "Feature", "properties": { "place_id": 282, "height_m": 9.0, "area_m2": 21337.023771215529 }, "geometry": { "type": "Polygon", "coordinates": [ [ [ 116.26875, 39.93975 ], [ 116.27025, 39.93975 ], [ 116.27025, 39.94125 ], [ 116.26875, 39.94125 ], [ 116.26875, 39.93975 ] ] ] } },
{ "type": "Feature", "properties": { "place_id": 283, "height_m": 9.0, "area_m2": 21335.48888155237 }, "geometry": { "type": "Polygon", "coordinates": [ [ [ 116.26875, 39.94475 ], [ 116.27025, 39.94475 ], [ 116.27025, 39.94625 ], [ 116.26875, 39.94625 ], [ 116.26875, 39.94475 ] ] ] } },
{ "type": "Feature", "properties": { "place_id": 284, "height_m": 9.0, "area_m2": 21333.95382676931 }, "geometry": { "type": "Polygon", "coordinates": [ [ [ 116.26875, 39.94975 ], [ 116.27025, 39.94975 ], [ 116.27025, 39.95125 ], [ 116.26875, 39.95125 ], [ 116.26875, 39.94975 ] ] ] } },
{ "type": "Feature", "properties": { "place_id": 285, "height_m": 9.0, "area_m2": 21332.418606354702 }, "geometry": { "type": "Polygon", "coordinates": [ [ [ 116.26875, 39.95475 ], [ 116.27025, 39.95475 ], [ 116.27025, 39.95625 ], [ 116.26875, 39.95625 ], [ 116.26875, 39.95475 ] ] ] } },
{ "type": "Feature", "properties": { "place_id": 286, "height_m": 9.0, "area_m2": 21330.883221338736 }, "geometry": { "type": "Polygon", "coordinates": [ [ [ 116.26875, 39.95975 ], [ 116.27025, 39.95975 ], [ 116.27025, 39.96125 ], [ 116.26875, 39.96125 ], [ 116.26875, 39.95975 ] ] ] } },
{ "type": "Feature", "properties": { "place_id": 287, "height_m": 9.0, "area_m2": 21329.347670522693 }, "geometry": { "type": "Polygon", "coordinates": [ [ [ 116.26875, 39.96475 ], [ 116.27025, 39.96475 ], [ 116.27025, 39.96625 ], [ 116.26875, 39.96625 ], [ 116.26875, 39.96475 ] ] ] } },
{ "type": "Feature", "properties": { "place_id": 288, "height_m": 9.0, "area_m2": 21364.59548398987 }, "geometry": { "type": "Polygon", "coordinates": [ [ [ 116.27375, 39.84975 ], [ 116.27525, 39.84975 ], [ 116.27525, 39.85125 ], [ 116.27375, 39.85125 ], [ 116.27375, 39.84975 ] ] ] } },
{ "type": "Feature", "properties": { "place_id": 289, "height_m": 9.0, "area_m2": 21363.063576219742 }, "geometry": { "type": "Polygon", "coordinates": [ [ [ 116.27375, 39.85475 ], [ 116.27525, 39.85475 ], [ 116.27525, 39.85625 ], [ 116.27375, 39.85625 ], [ 116.27375, 39.85475 ] ] ] } },
{ "type": "Feature", "properties": { "place_id": 290, "height_m": 9.0, "area_m2": 21361.531503488626 }, "geometry": { "type": "Polygon", "coordinates": [ [ [ 116.27375, 39.85975 ], [ 116.27525, 39.85975 ], [ 116.27525, 39.86125 ], [ 116.27375, 39.86125 ], [ 116.27375, 39.85975 ] ] ] } },
{ "type": "Feature", "properties": { "place_id": 291, "height_m": 9.0, "area_m2": 21359.999265046423 }, "geometry": { "type": "Polygon", "coordinates": [ [ [ 116.27375, 39.86475 ], [ 116.27525, 39.86475 ], [ 116.27525, 39.86625 ], [ 116.27375, 39.86625 ], [ 116.27375, 39.86475 ] ] ] } },
{ "type": "Feature", "properties": { "place_id": 292, "height_m": 9.0, "area_m2": 21358.46686114986 }, "geometry": { "type": "Polygon", "coordinates": [ [ [ 116.27375, 39.86975 ], [ 116.27525, 39.86975 ], [ 116.27525, 39.87125 ], [ 116.27375, 39.87125 ], [ 116.27375, 39.86975 ] ] ] } },
{ "type": "Feature", "properties": { "place_id": 293, "height_m": 9.0, "area_m2": 21356.93429191659 }, "geometry": { "type": "Polygon", "coordinates": [ [ [ 116.27375, 39.87475 ], [ 116.27525, 39.87475 ], [ 116.27525, 39.87625 ], [ 116.27375, 39.87625 ], [ 116.27375, 39.87475 ] ] ] } },
{ "type": "Feature", "properties": { "place_id": 294, "height_m": 9.0, "area_m2": 21355.401557348468 }, "geometry": { "type": "Polygon", "coordinates": [ [ [ 116.27375, 39.87975 ], [ 116.27525, 39.87975 ], [ 116.27525, 39.88125 ], [ 116.27375, 39.88125 ], [ 116.27375, 39.87975 ] ] ] } },
{ "type": "Feature", "properties": { "place_id": 295, "height_m": 9.0, "area_m2": 21353.868657312411 }, "geometry": { "type": "Polygon", "coordinates": [ [ [ 116.27375, 39.88475 ], [ 116.27525, 39.88475 ], [ 116.27525, 39.88625 ], [ 116.27375, 39.88625 ], [ 116.27375, 39.88475 ] ] ] } },
{ "type": "Feature", "properties": { "place_id": 296, "height_m": 9.0, "area_m2": 21352.335591845062 }, "geometry": { "type": "Polygon", "coordinates": [ [ [ 116.27375, 39.88975 ], [ 116.27525, 39.88975 ], [ 116.27525, 39.89125 ], [ 116.27375, 39.89125 ], [ 116.27375, 39.88975 ] ] ] } },
{ "type": "Feature", "properties": { "place_id": 297, "height_m": 9.0, "area_m2": 21350.802361331 }, "geometry": { "type": "Polygon", "coordinates": [ [ [ 116.27375, 39.89475 ], [ 116.27525, 39.89475 ], [ 116.27525, 39.89625 ], [ 116.27375, 39.89625 ], [ 116.27375, 39.89475 ] ] ] } },
{ "type": "Feature", "properties": { "place_id": 298, "height_m": 9.0, "area_m2": 21349.268965293006 }, "geometry": { "type": "Polygon", "coordinates": [ [ [ 116.27375, 39.89975 ], [ 116.27525, 39.89975 ], [ 116.27525, 39.90125 ], [ 116.27375, 39.90125 ], [ 116.27375, 39.89975 ] ] ] } },
{ "type": "Feature", "properties": { "place_id": 299, "height_m": 9.0, "area_m2": 21347.735404055245 }, "geometry": { "type": "Polygon", "coordinates": [ [ [ 116.27375, 39.90475 ], [ 116.27525, 39.90475 ], [ 116.27525, 39.90625 ], [ 116.27375, 39.90625 ], [ 116.27375, 39.90475 ] ] ] } },
{ "type": "Feature", "properties": { "place_id": 300, "height_m": 9.0, "area_m2": 21346.201677250305 }, "geometry": { "type": "Polygon", "coordinates": [ [ [ 116.27375, 39.90975 ], [ 116.27525, 39.90975 ], [ 116.27525, 39.91125 ], [ 116.27375, 39.91125 ], [ 116.27375, 39.90975 ] ] ] } },
{ "type": "Feature", "properties": { "place_id": 301, "height_m": 9.0, "area_m2": 21344.667785332487 }, "geometry": { "type": "Polygon", "coordinates": [ [ [ 116.27375, 39.91475 ], [ 116.27525, 39.91475 ], [ 116.27525, 39.91625 ], [ 116.27375, 39.91625 ], [ 116.27375, 39.91475 ] ] ] } },
{ "type": "Feature", "properties": { "place_id": 302, "height_m": 9.0, "area_m2": 21343.133728118039 }, "geometry": { "type": "Polygon", "coordinates": [ [ [ 116.27375, 39.91975 ], [ 116.27525, 39.91975 ], [ 116.27525, 39.92125 ], [ 116.27375, 39.92125 ], [ 116.27375, 39.91975 ] ] ] } },
{ "type": "Feature", "properties": { "place_id": 303, "height_m": 9.0, "area_m2": 21341.599505503778 }, "geometry": { "type": "Polygon", "coordinates": [ [ [ 116.27375, 39.92475 ], [ 116.27525, 39.92475 ], [ 116.27525, 39.92625 ], [ 116.27375, 39.92625 ], [ 116.27375, 39.92475 ] ] ] } },
{ "type": "Feature", "properties": { "place_id": 304, "height_m": 9.0, "area_m2": 21340.065117723138 }, "geometry": { "type": "Polygon", "coordinates": [ [ [ 116.27375, 39.92975 ], [ 116.27525, 39.92975 ], [ 116.27525, 39.93125 ], [ 116.27375, 39.93125 ], [ 116.27375, 39.92975 ] ] ] } },
{ "type": "Feature", "properties": { "place_id": 305, "height_m": 9.0, "area_m2": 21338.530564455119 }, "geometry": { "type": "Polygon", "coordinates": [ [ [ 116.27375, 39.93475 ], [ 116.27525, 39.93475 ], [ 116.27525, 39.93625 ], [ 116.27375, 39.93625 ], [ 116.27375, 39.93475 ] ] ] } },
{ "type": "Feature", "properties": { "place_id": 306, "height_m": 9.0, "area_m2": 21336.995846345162 }, "geometry": { "type": "Polygon", "coordinates": [ [ [ 116.27375, 39.93975 ], [ 116.27525, 39.93975 ], [ 116.27525, 39.94125 ], [ 116.27375, 39.94125 ], [ 116.27375, 39.93975 ] ] ] } },
{ "type": "Feature", "properties": { "place_id": 307, "height_m": 9.0, "area_m2": 21335.460962582783 }, "geometry": { "type": "Polygon", "coordinates": [ [ [ 116.27375, 39.94475 ], [ 116.27525, 39.94475 ], [ 116.27525, 39.94625 ], [ 116.27375, 39.94625 ], [ 116.27375, 39.94475 ] ] ] } },
{ "type": "Feature", "properties": { "place_id": 308, "height_m": 9.0, "area_m2": 21333.925913829356 }, "geometry": { "type": "Polygon", "coordinates": [ [ [ 116.27375, 39.94975 ], [ 116.27525, 39.94975 ], [ 116.27525, 39.95125 ], [ 116.27375, 39.95125 ], [ 116.27375, 39.94975 ] ] ] } },
{ "type": "Feature", "properties": { "place_id": 309, "height_m": 9.0, "area_m2": 21332.390699444095 }, "geometry": { "type": "Polygon", "coordinates": [ [ [ 116.27375, 39.95475 ], [ 116.27525, 39.95475 ], [ 116.27525, 39.95625 ], [ 116.27375, 39.95625 ], [ 116.27375, 39.95475 ] ] ] } },
{ "type": "Feature", "properties": { "place_id": 310, "height_m": 9.0, "area_m2": 21330.85532056685 }, "geometry": { "type": "Polygon", "coordinates": [ [ [ 116.27375, 39.95975 ], [ 116.27525, 39.95975 ], [ 116.27525, 39.96125 ], [ 116.27375, 39.96125 ], [ 116.27375, 39.95975 ] ] ] } },
{ "type": "Feature", "properties": { "place_id": 311, "height_m": 9.0, "area_m2": 21329.319775836451 }, "geometry": { "type": "Polygon", "coordinates": [ [ [ 116.27375, 39.96475 ], [ 116.27525, 39.96475 ], [ 116.27525, 39.96625 ], [ 116.27375, 39.96625 ], [ 116.27375, 39.96475 ] ] ] } },
{ "type": "Feature", "properties": { "place_id": 312, "height_m": 9.0, "area_m2": 21364.567641566562 }, "geometry": { "type": "Polygon", "coordinates": [ [ [ 116.27875, 39.84975 ], [ 116.28025, 39.84975 ], [ 116.28025, 39.85125 ], [ 116.27875, 39.85125 ], [ 116.27875, 39.84975 ] ] ] } },
{ "type": "Feature", "properties": { "place_id": 313, "height_m": 9.0, "area_m2": 21363.035739932016 }, "geometry": { "type": "Polygon", "coordinates": [ [ [ 116.27875, 39.85475 ], [ 116.28025, 39.85475 ], [ 116.28025, 39.85625 ], [ 116.27875, 39.85625 ], [ 116.27875, 39.85475 ] ] ] } },
{ "type": "Feature", "properties": { "place_id": 314, "height_m": 9.0, "area_m2": 21361.503673161362 }, "geometry": { "type": "Polygon", "coordinates": [ [ [ 116.27875, 39.85975 ], [ 116.28025, 39.85975 ], [ 116.28025, 39.86125 ], [ 116.27875, 39.86125 ], [ 116.27875, 39.85975 ] ] ] } },
{ "type": "Feature", "properties": { "place_id": 315, "height_m": 9.0, "area_m2": 21359.971440739704 }, "geometry": { "type": "Polygon", "coordinates": [ [ [ 116.27875, 39.86475 ], [ 116.28025, 39.86475 ], [ 116.28025, 39.86625 ], [ 116.27875, 39.86625 ], [ 116.27875, 39.86475 ] ] ] } },
{ "type": "Feature", "properties": { "place_id": 316, "height_m": 9.0, "area_m2": 21358.439042978142 }, "geometry": { "type": "Polygon", "coordinates": [ [ [ 116.27875, 39.86975 ], [ 116.28025, 39.86975 ], [ 116.28025, 39.87125 ], [ 116.27875, 39.87125 ], [ 116.27875, 39.86975 ] ] ] } },
{ "type": "Feature", "properties": { "place_id": 317, "height_m": 9.0, "area_m2": 21356.906479752834 }, "geometry": { "type": "Polygon", "coordinates": [ [ [ 116.27875, 39.87475 ], [ 116.28025, 39.87475 ], [ 116.28025, 39.87625 ], [ 116.27875, 39.87625 ], [ 116.27875, 39.87475 ] ] ] } },
{ "type": "Feature", "properties": { "place_id": 318, "height_m": 9.0, "area_m2": 21355.373751280673 }, "geometry": { "type": "Polygon", "coordinates": [ [ [ 116.27875, 39.87975 ], [ 116.28025, 39.87975 ], [ 116.28025, 39.88125 ], [ 116.27875, 39.88125 ], [ 116.27875, 39.87975 ] ] ] } },
{ "type": "Feature", "properties": { "place_id": 319, "height_m": 9.0, "area_m2": 21353.840857434378 }, "geometry": { "type": "Polygon", "coordinates": [ [ [ 116.27875, 39.88475 ], [ 116.28025, 39.88475 ], [ 116.28025, 39.88625 ], [ 116.27875, 39.88625 ], [ 116.27875, 39.88475 ] ] ] } },
{ "type": "Feature", "properties": { "place_id": 320, "height_m": 9.0, "area_m2": 21352.307797920101 }, "geometry": { "type": "Polygon", "coordinates": [ [ [ 116.27875, 39.88975 ], [ 116.28025, 39.88975 ], [ 116.28025, 39.89125 ], [ 116.27875, 39.89125 ], [ 116.27875, 39.88975 ] ] ] } },
{ "type": "Feature", "properties": { "place_id": 321, "height_m": 9.0, "area_m2": 21350.774573362502 }, "geometry": { "type": "Polygon", "coordinates": [ [ [ 116.27875, 39.89475 ], [ 116.28025, 39.89475 ], [ 116.28025, 39.89625 ], [ 116.27875, 39.89625 ], [ 116.27875, 39.89475 ] ] ] } },
{ "type": "Feature", "properties": { "place_id": 322, "height_m": 9.0, "area_m2": 21349.241183398943 }, "geometry": { "type": "Polygon", "coordinates": [ [ [ 116.27875, 39.89975 ], [ 116.28025, 39.89975 ], [ 116.28025, 39.90125 ], [ 116.27875, 39.90125 ], [ 116.27875, 39.89975 ] ] ] } },
{ "type": "Feature", "properties": { "place_id": 323, "height_m": 9.0, "area_m2": 21347.70762824019 }, "geometry": { "type": "Polygon", "coordinates": [ [ [ 116.27875, 39.90475 ], [ 116.28025, 39.90475 ], [ 116.28025, 39.90625 ], [ 116.27875, 39.90625 ], [ 116.27875, 39.90475 ] ] ] } },
{ "type": "Feature", "properties": { "place_id": 324, "height_m": 9.0, "area_m2": 21346.17390745744 }, "geometry": { "type": "Polygon", "coordinates": [ [ [ 116.27875, 39.90975 ], [ 116.28025, 39.90975 ], [ 116.28025, 39.91125 ], [ 116.27875, 39.91125 ], [ 116.27875, 39.90975 ] ] ] } },
{ "type": "Feature", "properties": { "place_id": 325, "height_m": 9.0, "area_m2": 21344.640021607334 }, "geometry": { "type": "Polygon", "coordinates": [ [ [ 116.27875, 39.91475 ], [ 116.28025, 39.91475 ], [ 116.28025, 39.91625 ], [ 116.27875, 39.91625 ], [ 116.27875, 39.91475 ] ] ] } },
{ "type": "Feature", "properties": { "place_id": 326, "height_m": 9.0, "area_m2": 21343.105970406057 }, "geometry": { "type": "Polygon", "coordinates": [ [ [ 116.27875, 39.91975 ], [ 116.28025, 39.91975 ], [ 116.28025, 39.92125 ], [ 116.27875, 39.92125 ], [ 116.27875, 39.91975 ] ] ] } },
{ "type": "Feature", "properties": { "place_id": 327, "height_m": 9.0, "area_m2": 21341.571754043638 }, "geometry": { "type": "Polygon", "coordinates": [ [ [ 116.27875, 39.92475 ], [ 116.28025, 39.92475 ], [ 116.28025, 39.92625 ], [ 116.27875, 39.92625 ], [ 116.27875, 39.92475 ] ] ] } },
{ "type": "Feature", "properties": { "place_id": 328, "height_m": 9.0, "area_m2": 21340.037372223996 }, "geometry": { "type": "Polygon", "coordinates": [ [ [ 116.27875, 39.92975 ], [ 116.28025, 39.92975 ], [ 116.28025, 39.93125 ], [ 116.27875, 39.93125 ], [ 116.27875, 39.92975 ] ] ] } },
{ "type": "Feature", "properties": { "place_id": 329, "height_m": 9.0, "area_m2": 21338.502825205971 }, "geometry": { "type": "Polygon", "coordinates": [ [ [ 116.27875, 39.93475 ], [ 116.28025, 39.93475 ], [ 116.28025, 39.93625 ], [ 116.27875, 39.93625 ], [ 116.27875, 39.93475 ] ] ] } },
{ "type": "Feature", "properties": { "place_id": 330, "height_m": 9.0, "area_m2": 21336.968112815513 }, "geometry": { "type": "Polygon", "coordinates": [ [ [ 116.27875, 39.93975 ], [ 116.28025, 39.93975 ], [ 116.28025, 39.94125 ], [ 116.27875, 39.94125 ], [ 116.27875, 39.93975 ] ] ] } },
{ "type": "Feature", "properties": { "place_id": 331, "height_m": 9.0, "area_m2": 21335.433235308788 }, "geometry": { "type": "Polygon", "coordinates": [ [ [ 116.27875, 39.94475 ], [ 116.28025, 39.94475 ], [ 116.28025, 39.94625 ], [ 116.27875, 39.94625 ], [ 116.27875, 39.94475 ] ] ] } },
{ "type": "Feature", "properties": { "place_id": 332, "height_m": 9.0, "area_m2": 21333.898192684013 }, "geometry": { "type": "Polygon", "coordinates": [ [ [ 116.27875, 39.94975 ], [ 116.28025, 39.94975 ], [ 116.28025, 39.95125 ], [ 116.27875, 39.95125 ], [ 116.27875, 39.94975 ] ] ] } },
{ "type": "Feature", "properties": { "place_id": 333, "height_m": 9.0, "area_m2": 21332.362984435851 }, "geometry": { "type": "Polygon", "coordinates": [ [ [ 116.27875, 39.95475 ], [ 116.28025, 39.95475 ], [ 116.28025, 39.95625 ], [ 116.27875, 39.95625 ], [ 116.27875, 39.95475 ] ] ] } },
{ "type": "Feature", "properties": { "place_id": 334, "height_m": 9.0, "area_m2": 21330.827611506156 }, "geometry": { "type": "Polygon", "coordinates": [ [ [ 116.27875, 39.95975 ], [ 116.28025, 39.95975 ], [ 116.28025, 39.96125 ], [ 116.27875, 39.96125 ], [ 116.27875, 39.95975 ] ] ] } },
{ "type": "Feature", "properties": { "place_id": 335, "height_m": 9.0, "area_m2": 21329.292072901339 }, "geometry": { "type": "Polygon", "coordinates": [ [ [ 116.27875, 39.96475 ], [ 116.28025, 39.96475 ], [ 116.28025, 39.96625 ], [ 116.27875, 39.96625 ], [ 116.27875, 39.96475 ] ] ] } },
{ "type": "Feature", "properties": { "place_id": 336, "height_m": 9.0, "area_m2": 21364.539991682177 }, "geometry": { "type": "Polygon", "coordinates": [ [ [ 116.28375, 39.84975 ], [ 116.28525, 39.84975 ], [ 116.28525, 39.85125 ], [ 116.28375, 39.85125 ], [ 116.28375, 39.84975 ] ] ] } },
{ "type": "Feature", "properties": { "place_id": 337, "height_m": 9.0, "area_m2": 21363.008096113823 }, "geometry": { "type": "Polygon", "coordinates": [ [ [ 116.28375, 39.85475 ], [ 116.28525, 39.85475 ], [ 116.28525, 39.85625 ], [ 116.28375, 39.85625 ], [ 116.28375, 39.85475 ] ] ] } },
{ "type": "Feature", "properties": { "place_id": 338, "height_m": 9.0, "area_m2": 21361.476035231557 }, "geometry": { "type": "Polygon", "coordinates": [ [ [ 116.28375, 39.85975 ], [ 116.28525, 39.85975 ], [ 116.28525, 39.86125 ], [ 116.28375, 39.86125 ], [ 116.28375, 39.85975 ] ] ] } },
{ "type": "Feature", "properties": { "place_id": 339, "height_m": 9.0, "area_m2": 21359.943808993878 }, "geometry": { "type": "Polygon", "coordinates": [ [ [ 116.28375, 39.86475 ], [ 116.28525, 39.86475 ], [ 116.28525, 39.86625 ], [ 116.28375, 39.86625 ], [ 116.28375, 39.86475 ] ] ] } },
{ "type": "Feature", "properties": { "place_id": 340, "height_m": 9.0, "area_m2": 21358.41141711305 }, "geometry": { "type": "Polygon", "coordinates": [ [ [ 116.28375, 39.86975 ], [ 116.28525, 39.86975 ], [ 116.28525, 39.87125 ], [ 116.28375, 39.87125 ], [ 116.28375, 39.86975 ] ] ] } },
{ "type": "Feature", "properties": { "place_id": 341, "height_m": 9.0, "area_m2": 21356.878860018209 }, "geometry": { "type": "Polygon", "coordinates": [ [ [ 116.28375, 39.87475 ], [ 116.28525, 39.87475 ], [ 116.28525, 39.87625 ], [ 116.28375, 39.87625 ], [ 116.28375, 39.87475 ] ] ] } },
{ "type": "Feature", "properties": { "place_id": 342, "height_m": 9.0, "area_m2": 21355.346137484263 }, "geometry": { "type": "Polygon", "coordinates": [ [ [ 116.28375, 39.87975 ], [ 116.28525, 39.87975 ], [ 116.28525, 39.88125 ], [ 116.28375, 39.88125 ], [ 116.28375, 39.87975 ] ] ] } },
{ "type": "Feature", "properties": { "place_id": 343, "height_m": 9.0, "area_m2": 21353.813249638675 }, "geometry": { "type": "Polygon", "coordinates": [ [ [ 116.28375, 39.88475 ], [ 116.28525, 39.88475 ], [ 116.28525, 39.88625 ], [ 116.28375, 39.88625 ], [ 116.28375, 39.88475 ] ] ] } },
{ "type": "Feature", "properties": { "place_id": 344, "height_m": 9.0, "area_m2": 21352.28019607794 }, "geometry": { "type": "Polygon", "coordinates": [ [ [ 116.28375, 39.88975 ], [ 116.28525, 39.88975 ], [ 116.28525, 39.89125 ], [ 116.28375, 39.89125 ], [ 116.28375, 39.88975 ] ] ] } },
{ "type": "Feature", "properties": { "place_id": 345, "height_m": 9.0, "area_m2": 21350.74697763642 }, "geometry": { "type": "Polygon", "coordinates": [ [ [ 116.28375, 39.89475 ], [ 116.28525, 39.89475 ], [ 116.28525, 39.89625 ], [ 116.28375, 39.89625 ], [ 116.28375, 39.89475 ] ] ] } },
{ "type": "Feature", "properties": { "place_id": 346, "height_m": 9.0, "area_m2": 21349.213593800912 }, "geometry": { "type": "Polygon", "coordinates": [ [ [ 116.28375, 39.89975 ], [ 116.28525, 39.89975 ], [ 116.28525, 39.90125 ], [ 116.28375, 39.90125 ], [ 116.28375, 39.89975 ] ] ] } },
{ "type": "Feature", "properties": { "place_id": 347, "height_m": 9.0, "area_m2": 21347.680044457371 }, "geometry": { "type": "Polygon", "coordinates": [ [ [ 116.28375, 39.90475 ], [ 116.28525, 39.90475 ], [ 116.28525, 39.90625 ], [ 116.28375, 39.90625 ], [ 116.28375, 39.90475 ] ] ] } },
{ "type": "Feature", "properties": { "place_id": 348, "height_m": 9.0, "area_m2": 21346.14632992031 }, "geometry": { "type": "Polygon", "coordinates": [ [ [ 116.28375, 39.90975 ], [ 116.28525, 39.90975 ], [ 116.28525, 39.91125 ], [ 116.28375, 39.91125 ], [ 116.28375, 39.90975 ] ] ] } },
{ "type": "Feature", "properties": { "place_id": 349, "height_m": 9.0, "area_m2": 21344.612450014138 }, "geometry": { "type": "Polygon", "coordinates": [ [ [ 116.28375, 39.91475 ], [ 116.28525, 39.91475 ], [ 116.28525, 39.91625 ], [ 116.28375, 39.91625 ], [ 116.28375, 39.91475 ] ] ] } },
{ "type": "Feature", "properties": { "place_id": 350, "height_m": 9.0, "area_m2": 21343.078405039843 }, "geometry": { "type": "Polygon", "coordinates": [ [ [ 116.28375, 39.91975 ], [ 116.28525, 39.91975 ], [ 116.28525, 39.92125 ], [ 116.28375, 39.92125 ], [ 116.28375, 39.91975 ] ] ] } },
{ "type": "Feature", "properties": { "place_id": 351, "height_m": 9.0, "area_m2": 21341.544194501475 }, "geometry": { "type": "Polygon", "coordinates": [ [ [ 116.28375, 39.92475 ], [ 116.28525, 39.92475 ], [ 116.28525, 39.92625 ], [ 116.28375, 39.92625 ], [ 116.28375, 39.92475 ] ] ] } },
{ "type": "Feature", "properties": { "place_id": 352, "height_m": 9.0, "area_m2": 21340.009818681778 }, "geometry": { "type": "Polygon", "coordinates": [ [ [ 116.28375, 39.92975 ], [ 116.28525, 39.92975 ], [ 116.28525, 39.93125 ], [ 116.28375, 39.93125 ], [ 116.28375, 39.92975 ] ] ] } },
{ "type": "Feature", "properties": { "place_id": 353, "height_m": 9.0, "area_m2": 21338.475277721325 }, "geometry": { "type": "Polygon", "coordinates": [ [ [ 116.28375, 39.93475 ], [ 116.28525, 39.93475 ], [ 116.28525, 39.93625 ], [ 116.28375, 39.93625 ], [ 116.28375, 39.93475 ] ] ] } },
{ "type": "Feature", "properties": { "place_id": 354, "height_m": 9.0, "area_m2": 21336.940571338757 }, "geometry": { "type": "Polygon", "coordinates": [ [ [ 116.28375, 39.93975 ], [ 116.28525, 39.93975 ], [ 116.28525, 39.94125 ], [ 116.28375, 39.94125 ], [ 116.28375, 39.93975 ] ] ] } },
{ "type": "Feature", "properties": { "place_id": 355, "height_m": 9.0, "area_m2": 21335.405699944517 }, "geometry": { "type": "Polygon", "coordinates": [ [ [ 116.28375, 39.94475 ], [ 116.28525, 39.94475 ], [ 116.28525, 39.94625 ], [ 116.28375, 39.94625 ], [ 116.28375, 39.94475 ] ] ] } },
{ "type": "Feature", "properties": { "place_id": 356, "height_m": 9.0, "area_m2": 21333.870663199486 }, "geometry": { "type": "Polygon", "coordinates": [ [ [ 116.28375, 39.94975 ], [ 116.28525, 39.94975 ], [ 116.28525, 39.95125 ], [ 116.28375, 39.95125 ], [ 116.28375, 39.94975 ] ] ] } },
{ "type": "Feature", "properties": { "place_id": 357, "height_m": 9.0, "area_m2": 21332.335461185045 }, "geometry": { "type": "Polygon", "coordinates": [ [ [ 116.28375, 39.95475 ], [ 116.28525, 39.95475 ], [ 116.28525, 39.95625 ], [ 116.28375, 39.95625 ], [ 116.28375, 39.95475 ] ] ] } },
{ "type": "Feature", "properties": { "place_id": 358, "height_m": 9.0, "area_m2": 21330.800094192397 }, "geometry": { "type": "Polygon", "coordinates": [ [ [ 116.28375, 39.95975 ], [ 116.28525, 39.95975 ], [ 116.28525, 39.96125 ], [ 116.28375, 39.96125 ], [ 116.28375, 39.95975 ] ] ] } },
{ "type": "Feature", "properties": { "place_id": 359, "height_m": 9.0, "area_m2": 21329.264561531683 }, "geometry": { "type": "Polygon", "coordinates": [ [ [ 116.28375, 39.96475 ], [ 116.28525, 39.96475 ], [ 116.28525, 39.96625 ], [ 116.28375, 39.96625 ], [ 116.28375, 39.96475 ] ] ] } },
{ "type": "Feature", "properties": { "place_id": 360, "height_m": 9.0, "area_m2": 21364.512534341593 }, "geometry": { "type": "Polygon", "coordinates": [ [ [ 116.28875, 39.84975 ], [ 116.29025, 39.84975 ], [ 116.29025, 39.85125 ], [ 116.28875, 39.85125 ], [ 116.28875, 39.84975 ] ] ] } },
{ "type": "Feature", "properties": { "place_id": 361, "height_m": 9.0, "area_m2": 21362.980644703359 }, "geometry": { "type": "Polygon", "coordinates": [ [ [ 116.28875, 39.85475 ], [ 116.29025, 39.85475 ], [ 116.29025, 39.85625 ], [ 116.28875, 39.85625 ], [ 116.28875, 39.85475 ] ] ] } },
{ "type": "Feature", "properties": { "place_id": 362, "height_m": 9.0, "area_m2": 21361.448589869346 }, "geometry": { "type": "Polygon", "coordinates": [ [ [ 116.28875, 39.85975 ], [ 116.29025, 39.85975 ], [ 116.29025, 39.86125 ], [ 116.28875, 39.86125 ], [ 116.28875, 39.85975 ] ] ] } },
{ "type": "Feature", "properties": { "place_id": 363, "height_m": 9.0, "area_m2": 21359.916369451621 }, "geometry": { "type": "Polygon", "coordinates": [ [ [ 116.28875, 39.86475 ], [ 116.29025, 39.86475 ], [ 116.29025, 39.86625 ], [ 116.28875, 39.86625 ], [ 116.28875, 39.86475 ] ] ] } },
{ "type": "Feature", "properties": { "place_id": 364, "height_m": 9.0, "area_m2": 21358.383983741613 }, "geometry": { "type": "Polygon", "coordinates": [ [ [ 116.28875, 39.86975 ], [ 116.29025, 39.86975 ], [ 116.29025, 39.87125 ], [ 116.28875, 39.87125 ], [ 116.28875, 39.86975 ] ] ] } },
{ "type": "Feature", "properties": { "place_id": 365, "height_m": 9.0, "area_m2": 21356.851432639894 }, "geometry": { "type": "Polygon", "coordinates": [ [ [ 116.28875, 39.87475 ], [ 116.29025, 39.87475 ], [ 116.29025, 39.87625 ], [ 116.28875, 39.87625 ], [ 116.28875, 39.87475 ] ] ] } },
{ "type": "Feature", "properties": { "place_id": 366, "height_m": 9.0, "area_m2": 21355.318716030146 }, "geometry": { "type": "Polygon", "coordinates": [ [ [ 116.28875, 39.87975 ], [ 116.29025, 39.87975 ], [ 116.29025, 39.88125 ], [ 116.28875, 39.88125 ], [ 116.28875, 39.87975 ] ] ] } },
{ "type": "Feature", "properties": { "place_id": 367, "height_m": 9.0, "area_m2": 21353.78583417122 }, "geometry": { "type": "Polygon", "coordinates": [ [ [ 116.28875, 39.88475 ], [ 116.29025, 39.88475 ], [ 116.29025, 39.88625 ], [ 116.28875, 39.88625 ], [ 116.28875, 39.88475 ] ] ] } },
{ "type": "Feature", "properties": { "place_id": 368, "height_m": 9.0, "area_m2": 21352.25278671526 }, "geometry": { "type": "Polygon", "coordinates": [ [ [ 116.28875, 39.88975 ], [ 116.29025, 39.88975 ], [ 116.29025, 39.89125 ], [ 116.28875, 39.89125 ], [ 116.28875, 39.88975 ] ] ] } },
{ "type": "Feature", "properties": { "place_id": 369, "height_m": 9.0, "area_m2": 21350.719574139293 }, "geometry": { "type": "Polygon", "coordinates": [ [ [ 116.28875, 39.89475 ], [ 116.29025, 39.89475 ], [ 116.29025, 39.89625 ], [ 116.28875, 39.89625 ], [ 116.28875, 39.89475 ] ] ] } },
{ "type": "Feature", "properties": { "place_id": 370, "height_m": 9.0, "area_m2": 21349.186196418861 }, "geometry": { "type": "Polygon", "coordinates": [ [ [ 116.28875, 39.89975 ], [ 116.29025, 39.89975 ], [ 116.29025, 39.90125 ], [ 116.28875, 39.90125 ], [ 116.28875, 39.89975 ] ] ] } },
{ "type": "Feature", "properties": { "place_id": 371, "height_m": 9.0, "area_m2": 21347.652653125104 }, "geometry": { "type": "Polygon", "coordinates": [ [ [ 116.28875, 39.90475 ], [ 116.29025, 39.90475 ], [ 116.29025, 39.90625 ], [ 116.28875, 39.90625 ], [ 116.28875, 39.90475 ] ] ] } },
{ "type": "Feature", "properties": { "place_id": 372, "height_m": 9.0, "area_m2": 21346.118944393773 }, "geometry": { "type": "Polygon", "coordinates": [ [ [ 116.28875, 39.90975 ], [ 116.29025, 39.90975 ], [ 116.29025, 39.91125 ], [ 116.28875, 39.91125 ], [ 116.28875, 39.90975 ] ] ] } },
{ "type": "Feature", "properties": { "place_id": 373, "height_m": 9.0, "area_m2": 21344.585070412624 }, "geometry": { "type": "Polygon", "coordinates": [ [ [ 116.28875, 39.91475 ], [ 116.29025, 39.91475 ], [ 116.29025, 39.91625 ], [ 116.28875, 39.91625 ], [ 116.28875, 39.91475 ] ] ] } },
{ "type": "Feature", "properties": { "place_id": 374, "height_m": 9.0, "area_m2": 21343.051031499541 }, "geometry": { "type": "Polygon", "coordinates": [ [ [ 116.28875, 39.91975 ], [ 116.29025, 39.91975 ], [ 116.29025, 39.92125 ], [ 116.28875, 39.92125 ], [ 116.28875, 39.91975 ] ] ] } },
{ "type": "Feature", "properties": { "place_id": 375, "height_m": 9.0, "area_m2": 21341.516826880896 }, "geometry": { "type": "Polygon", "coordinates": [ [ [ 116.28875, 39.92475 ], [ 116.29025, 39.92475 ], [ 116.29025, 39.92625 ], [ 116.28875, 39.92625 ], [ 116.28875, 39.92475 ] ] ] } },
{ "type": "Feature", "properties": { "place_id": 376, "height_m": 9.0, "area_m2": 21339.982457051843 }, "geometry": { "type": "Polygon", "coordinates": [ [ [ 116.28875, 39.92975 ], [ 116.29025, 39.92975 ], [ 116.29025, 39.93125 ], [ 116.28875, 39.93125 ], [ 116.28875, 39.92975 ] ] ] } },
{ "type": "Feature", "properties": { "place_id": 377, "height_m": 9.0, "area_m2": 21338.447921953983 }, "geometry": { "type": "Polygon", "coordinates": [ [ [ 116.28875, 39.93475 ], [ 116.29025, 39.93475 ], [ 116.29025, 39.93625 ], [ 116.28875, 39.93625 ], [ 116.28875, 39.93475 ] ] ] } },
{ "type": "Feature", "properties": { "place_id": 378, "height_m": 9.0, "area_m2": 21336.91322177972 }, "geometry": { "type": "Polygon", "coordinates": [ [ [ 116.28875, 39.93975 ], [ 116.29025, 39.93975 ], [ 116.29025, 39.94125 ], [ 116.28875, 39.94125 ], [ 116.28875, 39.93975 ] ] ] } },
{ "type": "Feature", "properties": { "place_id": 379, "height_m": 9.0, "area_m2": 21335.37835619834 }, "geometry": { "type": "Polygon", "coordinates": [ [ [ 116.28875, 39.94475 ], [ 116.29025, 39.94475 ], [ 116.29025, 39.94625 ], [ 116.28875, 39.94625 ], [ 116.28875, 39.94475 ] ] ] } },
{ "type": "Feature", "properties": { "place_id": 380, "height_m": 9.0, "area_m2": 21333.843325508074 }, "geometry": { "type": "Polygon", "coordinates": [ [ [ 116.28875, 39.94975 ], [ 116.29025, 39.94975 ], [ 116.29025, 39.95125 ], [ 116.28875, 39.95125 ], [ 116.28875, 39.94975 ] ] ] } },
{ "type": "Feature", "properties": { "place_id": 381, "height_m": 9.0, "area_m2": 21332.308129468707 }, "geometry": { "type": "Polygon", "coordinates": [ [ [ 116.28875, 39.95475 ], [ 116.29025, 39.95475 ], [ 116.29025, 39.95625 ], [ 116.28875, 39.95625 ], [ 116.28875, 39.95475 ] ] ] } },
{ "type": "Feature", "properties": { "place_id": 382, "height_m": 9.0, "area_m2": 21330.772768403855 }, "geometry": { "type": "Polygon", "coordinates": [ [ [ 116.28875, 39.95975 ], [ 116.29025, 39.95975 ], [ 116.29025, 39.96125 ], [ 116.28875, 39.96125 ], [ 116.28875, 39.95975 ] ] ] } },
{ "type": "Feature", "properties": { "place_id": 383, "height_m": 9.0, "area_m2": 21329.237241849143 }, "geometry": { "type": "Polygon", "coordinates": [ [ [ 116.28875, 39.96475 ], [ 116.29025, 39.96475 ], [ 116.29025, 39.96625 ], [ 116.28875, 39.96625 ], [ 116.28875, 39.96475 ] ] ] } },
{ "type": "Feature", "properties": { "place_id": 384, "height_m": 9.0, "area_m2": 21364.48526960496 }, "geometry": { "type": "Polygon", "coordinates": [ [ [ 116.29375, 39.84975 ], [ 116.29525, 39.84975 ], [ 116.29525, 39.85125 ], [ 116.29375, 39.85125 ], [ 116.29375, 39.84975 ] ] ] } },
{ "type": "Feature", "properties": { "place_id": 385, "height_m": 9.0, "area_m2": 21362.953385763343 }, "geometry": { "type": "Polygon", "coordinates": [ [ [ 116.29375, 39.85475 ], [ 116.29525, 39.85475 ], [ 116.29525, 39.85625 ], [ 116.29375, 39.85625 ], [ 116.29375, 39.85475 ] ] ] } },
{ "type": "Feature", "properties": { "place_id": 386, "height_m": 9.0, "area_m2": 21361.421336971976 }, "geometry": { "type": "Polygon", "coordinates": [ [ [ 116.29375, 39.85975 ], [ 116.29525, 39.85975 ], [ 116.29525, 39.86125 ], [ 116.29375, 39.86125 ], [ 116.29375, 39.85975 ] ] ] } },
{ "type": "Feature", "properties": { "place_id": 387, "height_m": 9.0, "area_m2": 21359.88912258084 }, "geometry": { "type": "Polygon", "coordinates": [ [ [ 116.29375, 39.86475 ], [ 116.29525, 39.86475 ], [ 116.29525, 39.86625 ], [ 116.29375, 39.86625 ], [ 116.29375, 39.86475 ] ] ] } },
{ "type": "Feature", "properties": { "place_id": 388, "height_m": 9.0, "area_m2": 21358.356742738077 }, "geometry": { "type": "Polygon", "coordinates": [ [ [ 116.29375, 39.86975 ], [ 116.29525, 39.86975 ], [ 116.29525, 39.87125 ], [ 116.29375, 39.87125 ], [ 116.29375, 39.86975 ] ] ] } },
{ "type": "Feature", "properties": { "place_id": 389, "height_m": 9.0, "area_m2": 21356.824197493672 }, "geometry": { "type": "Polygon", "coordinates": [ [ [ 116.29375, 39.87475 ], [ 116.29525, 39.87475 ], [ 116.29525, 39.87625 ], [ 116.29375, 39.87625 ], [ 116.29375, 39.87475 ] ] ] } },
{ "type": "Feature", "properties": { "place_id": 390, "height_m": 9.0, "area_m2": 21355.291486915921 }, "geometry": { "type": "Polygon", "coordinates": [ [ [ 116.29375, 39.87975 ], [ 116.29525, 39.87975 ], [ 116.29525, 39.88125 ], [ 116.29375, 39.88125 ], [ 116.29375, 39.87975 ] ] ] } },
{ "type": "Feature", "properties": { "place_id": 391, "height_m": 9.0, "area_m2": 21353.75861097539 }, "geometry": { "type": "Polygon", "coordinates": [ [ [ 116.29375, 39.88475 ], [ 116.29525, 39.88475 ], [ 116.29525, 39.88625 ], [ 116.29375, 39.88625 ], [ 116.29375, 39.88475 ] ] ] } },
{ "type": "Feature", "properties": { "place_id": 392, "height_m": 9.0, "area_m2": 21352.225569554499 }, "geometry": { "type": "Polygon", "coordinates": [ [ [ 116.29375, 39.88975 ], [ 116.29525, 39.88975 ], [ 116.29525, 39.89125 ], [ 116.29375, 39.89125 ], [ 116.29375, 39.88975 ] ] ] } },
{ "type": "Feature", "properties": { "place_id": 393, "height_m": 9.0, "area_m2": 21350.692362897735 }, "geometry": { "type": "Polygon", "coordinates": [ [ [ 116.29375, 39.89475 ], [ 116.29525, 39.89475 ], [ 116.29525, 39.89625 ], [ 116.29375, 39.89625 ], [ 116.29375, 39.89475 ] ] ] } },
{ "type": "Feature", "properties": { "place_id": 394, "height_m": 9.0, "area_m2": 21349.158990964606 }, "geometry": { "type": "Polygon", "coordinates": [ [ [ 116.29375, 39.89975 ], [ 116.29525, 39.89975 ], [ 116.29525, 39.90125 ], [ 116.29375, 39.90125 ], [ 116.29375, 39.89975 ] ] ] } },
{ "type": "Feature", "properties": { "place_id": 395, "height_m": 9.0, "area_m2": 21347.625453704044 }, "geometry": { "type": "Polygon", "coordinates": [ [ [ 116.29375, 39.90475 ], [ 116.29525, 39.90475 ], [ 116.29525, 39.90625 ], [ 116.29375, 39.90625 ], [ 116.29375, 39.90475 ] ] ] } },
{ "type": "Feature", "properties": { "place_id": 396, "height_m": 9.0, "area_m2": 21346.091750888783 }, "geometry": { "type": "Polygon", "coordinates": [ [ [ 116.29375, 39.90975 ], [ 116.29525, 39.90975 ], [ 116.29525, 39.91125 ], [ 116.29375, 39.91125 ], [ 116.29375, 39.90975 ] ] ] } },
{ "type": "Feature", "properties": { "place_id": 397, "height_m": 9.0, "area_m2": 21344.557882827077 }, "geometry": { "type": "Polygon", "coordinates": [ [ [ 116.29375, 39.91475 ], [ 116.29525, 39.91475 ], [ 116.29525, 39.91625 ], [ 116.29375, 39.91625 ], [ 116.29375, 39.91475 ] ] ] } },
{ "type": "Feature", "properties": { "place_id": 398, "height_m": 9.0, "area_m2": 21343.023849816178 }, "geometry": { "type": "Polygon", "coordinates": [ [ [ 116.29375, 39.91975 ], [ 116.29525, 39.91975 ], [ 116.29525, 39.92125 ], [ 116.29375, 39.92125 ], [ 116.29375, 39.91975 ] ] ] } },
{ "type": "Feature", "properties": { "place_id": 399, "height_m": 9.0, "area_m2": 21341.489651290078 }, "geometry": { "type": "Polygon", "coordinates": [ [ [ 116.29375, 39.92475 ], [ 116.29525, 39.92475 ], [ 116.29525, 39.92625 ], [ 116.29375, 39.92625 ], [ 116.29375, 39.92475 ] ] ] } },
{ "type": "Feature", "properties": { "place_id": 400, "height_m": 9.0, "area_m2": 21339.955287488236 }, "geometry": { "type": "Polygon", "coordinates": [ [ [ 116.29375, 39.92975 ], [ 116.29525, 39.92975 ], [ 116.29525, 39.93125 ], [ 116.29375, 39.93125 ], [ 116.29375, 39.92975 ] ] ] } },
{ "type": "Feature", "properties": { "place_id": 401, "height_m": 9.0, "area_m2": 21338.42075830889 }, "geometry": { "type": "Polygon", "coordinates": [ [ [ 116.29375, 39.93475 ], [ 116.29525, 39.93475 ], [ 116.29525, 39.93625 ], [ 116.29375, 39.93625 ], [ 116.29375, 39.93475 ] ] ] } },
{ "type": "Feature", "properties": { "place_id": 402, "height_m": 9.0, "area_m2": 21336.886063874441 }, "geometry": { "type": "Polygon", "coordinates": [ [ [ 116.29375, 39.93975 ], [ 116.29525, 39.93975 ], [ 116.29525, 39.94125 ], [ 116.29375, 39.94125 ], [ 116.29375, 39.93975 ] ] ] } },
{ "type": "Feature", "properties": { "place_id": 403, "height_m": 9.0, "area_m2": 21335.351204314702 }, "geometry": { "type": "Polygon", "coordinates": [ [ [ 116.29375, 39.94475 ], [ 116.29525, 39.94475 ], [ 116.29525, 39.94625 ], [ 116.29375, 39.94625 ], [ 116.29375, 39.94475 ] ] ] } },
{ "type": "Feature", "properties": { "place_id": 404, "height_m": 9.0, "area_m2": 21333.816179712227 }, "geometry": { "type": "Polygon", "coordinates": [ [ [ 116.29375, 39.94975 ], [ 116.29525, 39.94975 ], [ 116.29525, 39.95125 ], [ 116.29375, 39.95125 ], [ 116.29375, 39.94975 ] ] ] } },
{ "type": "Feature", "properties": { "place_id": 405, "height_m": 9.0, "area_m2": 21332.280989407147 }, "geometry": { "type": "Polygon", "coordinates": [ [ [ 116.29375, 39.95475 ], [ 116.29525, 39.95475 ], [ 116.29525, 39.95625 ], [ 116.29375, 39.95625 ], [ 116.29375, 39.95475 ] ] ] } },
{ "type": "Feature", "properties": { "place_id": 406, "height_m": 9.0, "area_m2": 21330.74563437534 }, "geometry": { "type": "Polygon", "coordinates": [ [ [ 116.29375, 39.95975 ], [ 116.29525, 39.95975 ], [ 116.29525, 39.96125 ], [ 116.29375, 39.96125 ], [ 116.29375, 39.95975 ] ] ] } },
{ "type": "Feature", "properties": { "place_id": 407, "height_m": 9.0, "area_m2": 21329.210113667723 }, "geometry": { "type": "Polygon", "coordinates": [ [ [ 116.29375, 39.96475 ], [ 116.29525, 39.96475 ], [ 116.29525, 39.96625 ], [ 116.29375, 39.96625 ], [ 116.29375, 39.96475 ] ] ] } },
{ "type": "Feature", "properties": { "place_id": 408, "height_m": 9.0, "area_m2": 21364.458196988035 }, "geometry": { "type": "Polygon", "coordinates": [ [ [ 116.29875, 39.84975 ], [ 116.30025, 39.84975 ], [ 116.30025, 39.85125 ], [ 116.29875, 39.85125 ], [ 116.29875, 39.84975 ] ] ] } },
{ "type": "Feature", "properties": { "place_id": 409, "height_m": 9.0, "area_m2": 21362.926319221111 }, "geometry": { "type": "Polygon", "coordinates": [ [ [ 116.29875, 39.85475 ], [ 116.30025, 39.85475 ], [ 116.30025, 39.85625 ], [ 116.29875, 39.85625 ], [ 116.29875, 39.85475 ] ] ] } },
{ "type": "Feature", "properties": { "place_id": 410, "height_m": 9.0, "area_m2": 21361.394276278472 }, "geometry": { "type": "Polygon", "coordinates": [ [ [ 116.29875, 39.85975 ], [ 116.30025, 39.85975 ], [ 116.30025, 39.86125 ], [ 116.29875, 39.86125 ], [ 116.29875, 39.85975 ] ] ] } },
{ "type": "Feature", "properties": { "place_id": 411, "height_m": 9.0, "area_m2": 21359.862067791357 }, "geometry": { "type": "Polygon", "coordinates": [ [ [ 116.29875, 39.86475 ], [ 116.30025, 39.86475 ], [ 116.30025, 39.86625 ], [ 116.29875, 39.86625 ], [ 116.29875, 39.86475 ] ] ] } },
{ "type": "Feature", "properties": { "place_id": 412, "height_m": 9.0, "area_m2": 21358.329693843898 }, "geometry": { "type": "Polygon", "coordinates": [ [ [ 116.29875, 39.86975 ], [ 116.30025, 39.86975 ], [ 116.30025, 39.87125 ], [ 116.29875, 39.87125 ], [ 116.29875, 39.86975 ] ] ] } },
{ "type": "Feature", "properties": { "place_id": 413, "height_m": 9.0, "area_m2": 21356.797154553675 }, "geometry": { "type": "Polygon", "coordinates": [ [ [ 116.29875, 39.87475 ], [ 116.30025, 39.87475 ], [ 116.30025, 39.87625 ], [ 116.29875, 39.87625 ], [ 116.29875, 39.87475 ] ] ] } },
{ "type": "Feature", "properties": { "place_id": 414, "height_m": 9.0, "area_m2": 21355.264449775546 }, "geometry": { "type": "Polygon", "coordinates": [ [ [ 116.29875, 39.87975 ], [ 116.30025, 39.87975 ], [ 116.30025, 39.88125 ], [ 116.29875, 39.88125 ], [ 116.29875, 39.87975 ] ] ] } },
{ "type": "Feature", "properties": { "place_id": 415, "height_m": 9.0, "area_m2": 21353.731579730862 }, "geometry": { "type": "Polygon", "coordinates": [ [ [ 116.29875, 39.88475 ], [ 116.30025, 39.88475 ], [ 116.30025, 39.88625 ], [ 116.29875, 39.88625 ], [ 116.29875, 39.88475 ] ] ] } },
{ "type": "Feature", "properties": { "place_id": 416, "height_m": 9.0, "area_m2": 21352.198544214054 }, "geometry": { "type": "Polygon", "coordinates": [ [ [ 116.29875, 39.88975 ], [ 116.30025, 39.88975 ], [ 116.30025, 39.89125 ], [ 116.29875, 39.89125 ], [ 116.29875, 39.88975 ] ] ] } },
{ "type": "Feature", "properties": { "place_id": 417, "height_m": 9.0, "area_m2": 21350.665343511704 }, "geometry": { "type": "Polygon", "coordinates": [ [ [ 116.29875, 39.89475 ], [ 116.30025, 39.89475 ], [ 116.30025, 39.89625 ], [ 116.29875, 39.89625 ], [ 116.29875, 39.89475 ] ] ] } },
{ "type": "Feature", "properties": { "place_id": 418, "height_m": 9.0, "area_m2": 21349.131977423116 }, "geometry": { "type": "Polygon", "coordinates": [ [ [ 116.29875, 39.89975 ], [ 116.30025, 39.89975 ], [ 116.30025, 39.90125 ], [ 116.29875, 39.90125 ], [ 116.29875, 39.89975 ] ] ] } },
{ "type": "Feature", "properties": { "place_id": 419, "height_m": 9.0, "area_m2": 21347.598446122669 }, "geometry": { "type": "Polygon", "coordinates": [ [ [ 116.29875, 39.90475 ], [ 116.30025, 39.90475 ], [ 116.30025, 39.90625 ], [ 116.29875, 39.90625 ], [ 116.29875, 39.90475 ] ] ] } },
{ "type": "Feature", "properties": { "place_id": 420, "height_m": 9.0, "area_m2": 21346.064749198387 }, "geometry": { "type": "Polygon", "coordinates": [ [ [ 116.29875, 39.90975 ], [ 116.30025, 39.90975 ], [ 116.30025, 39.91125 ], [ 116.29875, 39.91125 ], [ 116.29875, 39.90975 ] ] ] } },
{ "type": "Feature", "properties": { "place_id": 421, "height_m": 9.0, "area_m2": 21344.530887219284 }, "geometry": { "type": "Polygon", "coordinates": [ [ [ 116.29875, 39.91475 ], [ 116.30025, 39.91475 ], [ 116.30025, 39.91625 ], [ 116.29875, 39.91625 ], [ 116.29875, 39.91475 ] ] ] } },
{ "type": "Feature", "properties": { "place_id": 422, "height_m": 9.0, "area_m2": 21342.996859815627 }, "geometry": { "type": "Polygon", "coordinates": [ [ [ 116.29875, 39.91975 ], [ 116.30025, 39.91975 ], [ 116.30025, 39.92125 ], [ 116.29875, 39.92125 ], [ 116.29875, 39.91975 ] ] ] } },
{ "type": "Feature", "properties": { "place_id": 423, "height_m": 9.0, "area_m2": 21341.462667135376 }, "geometry": { "type": "Polygon", "coordinates": [ [ [ 116.29875, 39.92475 ], [ 116.30025, 39.92475 ], [ 116.30025, 39.92625 ], [ 116.29875, 39.92625 ], [ 116.29875, 39.92475 ] ] ] } },
{ "type": "Feature", "properties": { "place_id": 424, "height_m": 9.0, "area_m2": 21339.928309287552 }, "geometry": { "type": "Polygon", "coordinates": [ [ [ 116.29875, 39.92975 ], [ 116.30025, 39.92975 ], [ 116.30025, 39.93125 ], [ 116.29875, 39.93125 ], [ 116.29875, 39.92975 ] ] ] } },
{ "type": "Feature", "properties": { "place_id": 425, "height_m": 9.0, "area_m2": 21338.393786058361 }, "geometry": { "type": "Polygon", "coordinates": [ [ [ 116.29875, 39.93475 ], [ 116.30025, 39.93475 ], [ 116.30025, 39.93625 ], [ 116.29875, 39.93625 ], [ 116.29875, 39.93475 ] ] ] } },
{ "type": "Feature", "properties": { "place_id": 426, "height_m": 9.0, "area_m2": 21336.859097583572 }, "geometry": { "type": "Polygon", "coordinates": [ [ [ 116.29875, 39.93975 ], [ 116.30025, 39.93975 ], [ 116.30025, 39.94125 ], [ 116.29875, 39.94125 ], [ 116.29875, 39.93975 ] ] ] } },
{ "type": "Feature", "properties": { "place_id": 427, "height_m": 9.0, "area_m2": 21335.324243804724 }, "geometry": { "type": "Polygon", "coordinates": [ [ [ 116.29875, 39.94475 ], [ 116.30025, 39.94475 ], [ 116.30025, 39.94625 ], [ 116.29875, 39.94625 ], [ 116.29875, 39.94475 ] ] ] } },
{ "type": "Feature", "properties": { "place_id": 428, "height_m": 9.0, "area_m2": 21333.789224979435 }, "geometry": { "type": "Polygon", "coordinates": [ [ [ 116.29875, 39.94975 ], [ 116.30025, 39.94975 ], [ 116.30025, 39.95125 ], [ 116.29875, 39.95125 ], [ 116.29875, 39.94975 ] ] ] } },
{ "type": "Feature", "properties": { "place_id": 429, "height_m": 9.0, "area_m2": 21332.254040634496 }, "geometry": { "type": "Polygon", "coordinates": [ [ [ 116.29875, 39.95475 ], [ 116.30025, 39.95475 ], [ 116.30025, 39.95625 ], [ 116.29875, 39.95625 ], [ 116.29875, 39.95475 ] ] ] } },
{ "type": "Feature", "properties": { "place_id": 430, "height_m": 9.0, "area_m2": 21330.718691434802 }, "geometry": { "type": "Polygon", "coordinates": [ [ [ 116.29875, 39.95975 ], [ 116.30025, 39.95975 ], [ 116.30025, 39.96125 ], [ 116.29875, 39.96125 ], [ 116.29875, 39.95975 ] ] ] } },
{ "type": "Feature", "properties": { "place_id": 431, "height_m": 9.0, "area_m2": 21329.183176682021 }, "geometry": { "type": "Polygon", "coordinates": [ [ [ 116.29875, 39.96475 ], [ 116.30025, 39.96475 ], [ 116.30025, 39.96625 ], [ 116.29875, 39.96625 ], [ 116.29875, 39.96475 ] ] ] } },
{ "type": "Feature", "properties": { "place_id": 432, "height_m": 9.0, "area_m2": 21364.431317800474 }, "geometry": { "type": "Polygon", "coordinates": [ [ [ 116.30375, 39.84975 ], [ 116.30525, 39.84975 ], [ 116.30525, 39.85125 ], [ 116.30375, 39.85125 ], [ 116.30375, 39.84975 ] ] ] } },
{ "type": "Feature", "properties": { "place_id": 433, "height_m": 9.0, "area_m2": 21362.89944587939 }, "geometry": { "type": "Polygon", "coordinates": [ [ [ 116.30375, 39.85475 ], [ 116.30525, 39.85475 ], [ 116.30525, 39.85625 ], [ 116.30375, 39.85625 ], [ 116.30375, 39.85475 ] ] ] } },
{ "type": "Feature", "properties": { "place_id": 434, "height_m": 9.0, "area_m2": 21361.367408819762 }, "geometry": { "type": "Polygon", "coordinates": [ [ [ 116.30375, 39.85975 ], [ 116.30525, 39.85975 ], [ 116.30525, 39.86125 ], [ 116.30375, 39.86125 ], [ 116.30375, 39.85975 ] ] ] } },
{ "type": "Feature", "properties": { "place_id": 435, "height_m": 9.0, "area_m2": 21359.835206157473 }, "geometry": { "type": "Polygon", "coordinates": [ [ [ 116.30375, 39.86475 ], [ 116.30525, 39.86475 ], [ 116.30525, 39.86625 ], [ 116.30375, 39.86625 ], [ 116.30375, 39.86475 ] ] ] } },
{ "type": "Feature", "properties": { "place_id": 436, "height_m": 9.0, "area_m2": 21358.302838047854 }, "geometry": { "type": "Polygon", "coordinates": [ [ [ 116.30375, 39.86975 ], [ 116.30525, 39.86975 ], [ 116.30525, 39.87125 ], [ 116.30375, 39.87125 ], [ 116.30375, 39.86975 ] ] ] } },
{ "type": "Feature", "properties": { "place_id": 437, "height_m": 9.0, "area_m2": 21356.770304528938 }, "geometry": { "type": "Polygon", "coordinates": [ [ [ 116.30375, 39.87475 ], [ 116.30525, 39.87475 ], [ 116.30525, 39.87625 ], [ 116.30375, 39.87625 ], [ 116.30375, 39.87475 ] ] ] } },
{ "type": "Feature", "properties": { "place_id": 438, "height_m": 9.0, "area_m2": 21355.23760568459 }, "geometry": { "type": "Polygon", "coordinates": [ [ [ 116.30375, 39.87975 ], [ 116.30525, 39.87975 ], [ 116.30525, 39.88125 ], [ 116.30375, 39.88125 ], [ 116.30375, 39.87975 ] ] ] } },
{ "type": "Feature", "properties": { "place_id": 439, "height_m": 9.0, "area_m2": 21353.704741534984 }, "geometry": { "type": "Polygon", "coordinates": [ [ [ 116.30375, 39.88475 ], [ 116.30525, 39.88475 ], [ 116.30525, 39.88625 ], [ 116.30375, 39.88625 ], [ 116.30375, 39.88475 ] ] ] } },
{ "type": "Feature", "properties": { "place_id": 440, "height_m": 9.0, "area_m2": 21352.171711726052 }, "geometry": { "type": "Polygon", "coordinates": [ [ [ 116.30375, 39.88975 ], [ 116.30525, 39.88975 ], [ 116.30525, 39.89125 ], [ 116.30375, 39.89125 ], [ 116.30375, 39.88975 ] ] ] } },
{ "type": "Feature", "properties": { "place_id": 441, "height_m": 9.0, "area_m2": 21350.638516856863 }, "geometry": { "type": "Polygon", "coordinates": [ [ [ 116.30375, 39.89475 ], [ 116.30525, 39.89475 ], [ 116.30525, 39.89625 ], [ 116.30375, 39.89625 ], [ 116.30375, 39.89475 ] ] ] } },
{ "type": "Feature", "properties": { "place_id": 442, "height_m": 9.0, "area_m2": 21349.105156769972 }, "geometry": { "type": "Polygon", "coordinates": [ [ [ 116.30375, 39.89975 ], [ 116.30525, 39.89975 ], [ 116.30525, 39.90125 ], [ 116.30375, 39.90125 ], [ 116.30375, 39.89975 ] ] ] } },
{ "type": "Feature", "properties": { "place_id": 443, "height_m": 9.0, "area_m2": 21347.571631240615 }, "geometry": { "type": "Polygon", "coordinates": [ [ [ 116.30375, 39.90475 ], [ 116.30525, 39.90475 ], [ 116.30525, 39.90625 ], [ 116.30375, 39.90625 ], [ 116.30375, 39.90475 ] ] ] } },
{ "type": "Feature", "properties": { "place_id": 444, "height_m": 9.0, "area_m2": 21346.037940263301 }, "geometry": { "type": "Polygon", "coordinates": [ [ [ 116.30375, 39.90975 ], [ 116.30525, 39.90975 ], [ 116.30525, 39.91125 ], [ 116.30375, 39.91125 ], [ 116.30375, 39.90975 ] ] ] } },
{ "type": "Feature", "properties": { "place_id": 445, "height_m": 9.0, "area_m2": 21344.504083988515 }, "geometry": { "type": "Polygon", "coordinates": [ [ [ 116.30375, 39.91475 ], [ 116.30525, 39.91475 ], [ 116.30525, 39.91625 ], [ 116.30375, 39.91625 ], [ 116.30375, 39.91475 ] ] ] } },
{ "type": "Feature", "properties": { "place_id": 446, "height_m": 9.0, "area_m2": 21342.970062591685 }, "geometry": { "type": "Polygon", "coordinates": [ [ [ 116.30375, 39.91975 ], [ 116.30525, 39.91975 ], [ 116.30525, 39.92125 ], [ 116.30375, 39.92125 ], [ 116.30375, 39.91975 ] ] ] } },
{ "type": "Feature", "properties": { "place_id": 447, "height_m": 9.0, "area_m2": 21341.435875847965 }, "geometry": { "type": "Polygon", "coordinates": [ [ [ 116.30375, 39.92475 ], [ 116.30525, 39.92475 ], [ 116.30525, 39.92625 ], [ 116.30375, 39.92625 ], [ 116.30375, 39.92475 ] ] ] } },
{ "type": "Feature", "properties": { "place_id": 448, "height_m": 9.0, "area_m2": 21339.901523708628 }, "geometry": { "type": "Polygon", "coordinates": [ [ [ 116.30375, 39.92975 ], [ 116.30525, 39.92975 ], [ 116.30525, 39.93125 ], [ 116.30375, 39.93125 ], [ 116.30375, 39.92975 ] ] ] } },
{ "type": "Feature", "properties": { "place_id": 449, "height_m": 9.0, "area_m2": 21338.367006372217 }, "geometry": { "type": "Polygon", "coordinates": [ [ [ 116.30375, 39.93475 ], [ 116.30525, 39.93475 ], [ 116.30525, 39.93625 ], [ 116.30375, 39.93625 ], [ 116.30375, 39.93475 ] ] ] } },
{ "type": "Feature", "properties": { "place_id": 450, "height_m": 9.0, "area_m2": 21336.832323889947 }, "geometry": { "type": "Polygon", "coordinates": [ [ [ 116.30375, 39.93975 ], [ 116.30525, 39.93975 ], [ 116.30525, 39.94125 ], [ 116.30375, 39.94125 ], [ 116.30375, 39.93975 ] ] ] } },
{ "type": "Feature", "properties": { "place_id": 451, "height_m": 9.0, "area_m2": 21335.297475884043 }, "geometry": { "type": "Polygon", "coordinates": [ [ [ 116.30375, 39.94475 ], [ 116.30525, 39.94475 ], [ 116.30525, 39.94625 ], [ 116.30375, 39.94625 ], [ 116.30375, 39.94475 ] ] ] } },
{ "type": "Feature", "properties": { "place_id": 452, "height_m": 9.0, "area_m2": 21333.762462818107 }, "geometry": { "type": "Polygon", "coordinates": [ [ [ 116.30375, 39.94975 ], [ 116.30525, 39.94975 ], [ 116.30525, 39.95125 ], [ 116.30375, 39.95125 ], [ 116.30375, 39.94975 ] ] ] } },
{ "type": "Feature", "properties": { "place_id": 453, "height_m": 9.0, "area_m2": 21332.227284414348 }, "geometry": { "type": "Polygon", "coordinates": [ [ [ 116.30375, 39.95475 ], [ 116.30525, 39.95475 ], [ 116.30525, 39.95625 ], [ 116.30375, 39.95625 ], [ 116.30375, 39.95475 ] ] ] } },
{ "type": "Feature", "properties": { "place_id": 454, "height_m": 9.0, "area_m2": 21330.691941215897 }, "geometry": { "type": "Polygon", "coordinates": [ [ [ 116.30375, 39.95975 ], [ 116.30525, 39.95975 ], [ 116.30525, 39.96125 ], [ 116.30375, 39.96125 ], [ 116.30375, 39.95975 ] ] ] } },
{ "type": "Feature", "properties": { "place_id": 455, "height_m": 9.0, "area_m2": 21329.156432166445 }, "geometry": { "type": "Polygon", "coordinates": [ [ [ 116.30375, 39.96475 ], [ 116.30525, 39.96475 ], [ 116.30525, 39.96625 ], [ 116.30375, 39.96625 ], [ 116.30375, 39.96475 ] ] ] } },
{ "type": "Feature", "properties": { "place_id": 456, "height_m": 9.0, "area_m2": 21364.40463074591 }, "geometry": { "type": "Polygon", "coordinates": [ [ [ 116.30875, 39.84975 ], [ 116.31025, 39.84975 ], [ 116.31025, 39.85125 ], [ 116.30875, 39.85125 ], [ 116.30875, 39.84975 ] ] ] } },
{ "type": "Feature", "properties": { "place_id": 457, "height_m": 9.0, "area_m2": 21362.872764509211 }, "geometry": { "type": "Polygon", "coordinates": [ [ [ 116.30875, 39.85475 ], [ 116.31025, 39.85475 ], [ 116.31025, 39.85625 ], [ 116.30875, 39.85625 ], [ 116.30875, 39.85475 ] ] ] } },
{ "type": "Feature", "properties": { "place_id": 458, "height_m": 9.0, "area_m2": 21361.3407332678 }, "geometry": { "type": "Polygon", "coordinates": [ [ [ 116.30875, 39.85975 ], [ 116.31025, 39.85975 ], [ 116.31025, 39.86125 ], [ 116.30875, 39.86125 ], [ 116.30875, 39.85975 ] ] ] } },
{ "type": "Feature", "properties": { "place_id": 459, "height_m": 9.0, "area_m2": 21359.808536556331 }, "geometry": { "type": "Polygon", "coordinates": [ [ [ 116.30875, 39.86475 ], [ 116.31025, 39.86475 ], [ 116.31025, 39.86625 ], [ 116.30875, 39.86625 ], [ 116.30875, 39.86475 ] ] ] } },
{ "type": "Feature", "properties": { "place_id": 460, "height_m": 9.0, "area_m2": 21358.276174248731 }, "geometry": { "type": "Polygon", "coordinates": [ [ [ 116.30875, 39.86975 ], [ 116.31025, 39.86975 ], [ 116.31025, 39.87125 ], [ 116.30875, 39.87125 ], [ 116.30875, 39.86975 ] ] ] } },
{ "type": "Feature", "properties": { "place_id": 461, "height_m": 9.0, "area_m2": 21356.743646734434 }, "geometry": { "type": "Polygon", "coordinates": [ [ [ 116.30875, 39.87475 ], [ 116.31025, 39.87475 ], [ 116.31025, 39.87625 ], [ 116.30875, 39.87625 ], [ 116.30875, 39.87475 ] ] ] } },
{ "type": "Feature", "properties": { "place_id": 462, "height_m": 9.0, "area_m2": 21355.210953519156 }, "geometry": { "type": "Polygon", "coordinates": [ [ [ 116.30875, 39.87975 ], [ 116.31025, 39.87975 ], [ 116.31025, 39.88125 ], [ 116.30875, 39.88125 ], [ 116.30875, 39.87975 ] ] ] } },
{ "type": "Feature", "properties": { "place_id": 463, "height_m": 9.0, "area_m2": 21353.678095189069 }, "geometry": { "type": "Polygon", "coordinates": [ [ [ 116.30875, 39.88475 ], [ 116.31025, 39.88475 ], [ 116.31025, 39.88625 ], [ 116.30875, 39.88625 ], [ 116.30875, 39.88475 ] ] ] } },
{ "type": "Feature", "properties": { "place_id": 464, "height_m": 9.0, "area_m2": 21352.145071245181 }, "geometry": { "type": "Polygon", "coordinates": [ [ [ 116.30875, 39.88975 ], [ 116.31025, 39.88975 ], [ 116.31025, 39.89125 ], [ 116.30875, 39.89125 ], [ 116.30875, 39.88975 ] ] ] } },
{ "type": "Feature", "properties": { "place_id": 465, "height_m": 9.0, "area_m2": 21350.611882373563 }, "geometry": { "type": "Polygon", "coordinates": [ [ [ 116.30875, 39.89475 ], [ 116.31025, 39.89475 ], [ 116.31025, 39.89625 ], [ 116.30875, 39.89625 ], [ 116.30875, 39.89475 ] ] ] } },
{ "type": "Feature", "properties": { "place_id": 466, "height_m": 9.0, "area_m2": 21349.078527861802 }, "geometry": { "type": "Polygon", "coordinates": [ [ [ 116.30875, 39.89975 ], [ 116.31025, 39.89975 ], [ 116.31025, 39.90125 ], [ 116.30875, 39.90125 ], [ 116.30875, 39.89975 ] ] ] } },
{ "type": "Feature", "properties": { "place_id": 467, "height_m": 9.0, "area_m2": 21347.545008132824 }, "geometry": { "type": "Polygon", "coordinates": [ [ [ 116.30875, 39.90475 ], [ 116.31025, 39.90475 ], [ 116.31025, 39.90625 ], [ 116.30875, 39.90625 ], [ 116.30875, 39.90475 ] ] ] } },
{ "type": "Feature", "properties": { "place_id": 468, "height_m": 9.0, "area_m2": 21346.011322915994 }, "geometry": { "type": "Polygon", "coordinates": [ [ [ 116.30875, 39.90975 ], [ 116.31025, 39.90975 ], [ 116.31025, 39.91125 ], [ 116.30875, 39.91125 ], [ 116.30875, 39.90975 ] ] ] } },
{ "type": "Feature", "properties": { "place_id": 469, "height_m": 9.0, "area_m2": 21344.477472623268 }, "geometry": { "type": "Polygon", "coordinates": [ [ [ 116.30875, 39.91475 ], [ 116.31025, 39.91475 ], [ 116.31025, 39.91625 ], [ 116.30875, 39.91625 ], [ 116.30875, 39.91475 ] ] ] } },
{ "type": "Feature", "properties": { "place_id": 470, "height_m": 9.0, "area_m2": 21342.943456922465 }, "geometry": { "type": "Polygon", "coordinates": [ [ [ 116.30875, 39.91975 ], [ 116.31025, 39.91975 ], [ 116.31025, 39.92125 ], [ 116.30875, 39.92125 ], [ 116.30875, 39.91975 ] ] ] } },
{ "type": "Feature", "properties": { "place_id": 471, "height_m": 9.0, "area_m2": 21341.409275989121 }, "geometry": { "type": "Polygon", "coordinates": [ [ [ 116.30875, 39.92475 ], [ 116.31025, 39.92475 ], [ 116.31025, 39.92625 ], [ 116.30875, 39.92625 ], [ 116.30875, 39.92475 ] ] ] } },
{ "type": "Feature", "properties": { "place_id": 472, "height_m": 9.0, "area_m2": 21339.874929728743 }, "geometry": { "type": "Polygon", "coordinates": [ [ [ 116.30875, 39.92975 ], [ 116.31025, 39.92975 ], [ 116.31025, 39.93125 ], [ 116.30875, 39.93125 ], [ 116.30875, 39.92975 ] ] ] } },
{ "type": "Feature", "properties": { "place_id": 473, "height_m": 9.0, "area_m2": 21338.340418076834 }, "geometry": { "type": "Polygon", "coordinates": [ [ [ 116.30875, 39.93475 ], [ 116.31025, 39.93475 ], [ 116.31025, 39.93625 ], [ 116.30875, 39.93625 ], [ 116.30875, 39.93475 ] ] ] } },
{ "type": "Feature", "properties": { "place_id": 474, "height_m": 9.0, "area_m2": 21336.805741475386 }, "geometry": { "type": "Polygon", "coordinates": [ [ [ 116.30875, 39.93975 ], [ 116.31025, 39.93975 ], [ 116.31025, 39.94125 ], [ 116.30875, 39.94125 ], [ 116.30875, 39.93975 ] ] ] } },
{ "type": "Feature", "properties": { "place_id": 475, "height_m": 9.0, "area_m2": 21335.270899334406 }, "geometry": { "type": "Polygon", "coordinates": [ [ [ 116.30875, 39.94475 ], [ 116.31025, 39.94475 ], [ 116.31025, 39.94625 ], [ 116.30875, 39.94625 ], [ 116.30875, 39.94475 ] ] ] } },
{ "type": "Feature", "properties": { "place_id": 476, "height_m": 9.0, "area_m2": 21333.73589225121 }, "geometry": { "type": "Polygon", "coordinates": [ [ [ 116.30875, 39.94975 ], [ 116.31025, 39.94975 ], [ 116.31025, 39.95125 ], [ 116.30875, 39.95125 ], [ 116.30875, 39.94975 ] ] ] } },
{ "type": "Feature", "properties": { "place_id": 477, "height_m": 9.0, "area_m2": 21332.200719414162 }, "geometry": { "type": "Polygon", "coordinates": [ [ [ 116.30875, 39.95475 ], [ 116.31025, 39.95475 ], [ 116.31025, 39.95625 ], [ 116.30875, 39.95625 ], [ 116.30875, 39.95475 ] ] ] } },
{ "type": "Feature", "properties": { "place_id": 478, "height_m": 9.0, "area_m2": 21330.66538202692 }, "geometry": { "type": "Polygon", "coordinates": [ [ [ 116.30875, 39.95975 ], [ 116.31025, 39.95975 ], [ 116.31025, 39.96125 ], [ 116.30875, 39.96125 ], [ 116.30875, 39.95975 ] ] ] } },
{ "type": "Feature", "properties": { "place_id": 479, "height_m": 9.0, "area_m2": 21329.129878908894 }, "geometry": { "type": "Polygon", "coordinates": [ [ [ 116.30875, 39.96475 ], [ 116.31025, 39.96475 ], [ 116.31025, 39.96625 ], [ 116.30875, 39.96625 ], [ 116.30875, 39.96475 ] ] ] } },
{ "type": "Feature", "properties": { "place_id": 480, "height_m": 9.0, "area_m2": 21364.378136283915 }, "geometry": { "type": "Polygon", "coordinates": [ [ [ 116.31375, 39.84975 ], [ 116.31525, 39.84975 ], [ 116.31525, 39.85125 ], [ 116.31375, 39.85125 ], [ 116.31375, 39.84975 ] ] ] } },
{ "type": "Feature", "properties": { "place_id": 481, "height_m": 9.0, "area_m2": 21362.846275968775 }, "geometry": { "type": "Polygon", "coordinates": [ [ [ 116.31375, 39.85475 ], [ 116.31525, 39.85475 ], [ 116.31525, 39.85625 ], [ 116.31375, 39.85625 ], [ 116.31375, 39.85475 ] ] ] } },
{ "type": "Feature", "properties": { "place_id": 482, "height_m": 9.0, "area_m2": 21361.314250413241 }, "geometry": { "type": "Polygon", "coordinates": [ [ [ 116.31375, 39.85975 ], [ 116.31525, 39.85975 ], [ 116.31525, 39.86125 ], [ 116.31375, 39.86125 ], [ 116.31375, 39.85975 ] ] ] } },
{ "type": "Feature", "properties": { "place_id": 483, "height_m": 9.0, "area_m2": 21359.782059438079 }, "geometry": { "type": "Polygon", "coordinates": [ [ [ 116.31375, 39.86475 ], [ 116.31525, 39.86475 ], [ 116.31525, 39.86625 ], [ 116.31375, 39.86625 ], [ 116.31375, 39.86475 ] ] ] } },
{ "type": "Feature", "properties": { "place_id": 484, "height_m": 9.0, "area_m2": 21358.24970292818 }, "geometry": { "type": "Polygon", "coordinates": [ [ [ 116.31375, 39.86975 ], [ 116.31525, 39.86975 ], [ 116.31525, 39.87125 ], [ 116.31375, 39.87125 ], [ 116.31375, 39.86975 ] ] ] } },
{ "type": "Feature", "properties": { "place_id": 485, "height_m": 9.0, "area_m2": 21356.717181149772 }, "geometry": { "type": "Polygon", "coordinates": [ [ [ 116.31375, 39.87475 ], [ 116.31525, 39.87475 ], [ 116.31525, 39.87625 ], [ 116.31375, 39.87625 ], [ 116.31375, 39.87475 ] ] ] } },
{ "type": "Feature", "properties": { "place_id": 486, "height_m": 9.0, "area_m2": 21355.184493741406 }, "geometry": { "type": "Polygon", "coordinates": [ [ [ 116.31375, 39.87975 ], [ 116.31525, 39.87975 ], [ 116.31525, 39.88125 ], [ 116.31375, 39.88125 ], [ 116.31375, 39.87975 ] ] ] } },
{ "type": "Feature", "properties": { "place_id": 487, "height_m": 9.0, "area_m2": 21353.651641271055 }, "geometry": { "type": "Polygon", "coordinates": [ [ [ 116.31375, 39.88475 ], [ 116.31525, 39.88475 ], [ 116.31525, 39.88625 ], [ 116.31375, 39.88625 ], [ 116.31375, 39.88475 ] ] ] } },
{ "type": "Feature", "properties": { "place_id": 488, "height_m": 9.0, "area_m2": 21352.118622829523 }, "geometry": { "type": "Polygon", "coordinates": [ [ [ 116.31375, 39.88975 ], [ 116.31525, 39.88975 ], [ 116.31525, 39.89125 ], [ 116.31375, 39.89125 ], [ 116.31375, 39.88975 ] ] ] } },
{ "type": "Feature", "properties": { "place_id": 489, "height_m": 9.0, "area_m2": 21350.585439935352 }, "geometry": { "type": "Polygon", "coordinates": [ [ [ 116.31375, 39.89475 ], [ 116.31525, 39.89475 ], [ 116.31525, 39.89625 ], [ 116.31375, 39.89625 ], [ 116.31375, 39.89475 ] ] ] } },
{ "type": "Feature", "properties": { "place_id": 490, "height_m": 9.0, "area_m2": 21349.052091160735 }, "geometry": { "type": "Polygon", "coordinates": [ [ [ 116.31375, 39.89975 ], [ 116.31525, 39.89975 ], [ 116.31525, 39.90125 ], [ 116.31375, 39.90125 ], [ 116.31375, 39.89975 ] ] ] } },
{ "type": "Feature", "properties": { "place_id": 491, "height_m": 9.0, "area_m2": 21347.518577242339 }, "geometry": { "type": "Polygon", "coordinates": [ [ [ 116.31375, 39.90475 ], [ 116.31525, 39.90475 ], [ 116.31525, 39.90625 ], [ 116.31375, 39.90625 ], [ 116.31375, 39.90475 ] ] ] } },
{ "type": "Feature", "properties": { "place_id": 492, "height_m": 9.0, "area_m2": 21345.984897758553 }, "geometry": { "type": "Polygon", "coordinates": [ [ [ 116.31375, 39.90975 ], [ 116.31525, 39.90975 ], [ 116.31525, 39.91125 ], [ 116.31375, 39.91125 ], [ 116.31375, 39.90975 ] ] ] } },
{ "type": "Feature", "properties": { "place_id": 493, "height_m": 9.0, "area_m2": 21344.451053267436 }, "geometry": { "type": "Polygon", "coordinates": [ [ [ 116.31375, 39.91475 ], [ 116.31525, 39.91475 ], [ 116.31525, 39.91625 ], [ 116.31375, 39.91625 ], [ 116.31375, 39.91475 ] ] ] } },
{ "type": "Feature", "properties": { "place_id": 494, "height_m": 9.0, "area_m2": 21342.917043302881 }, "geometry": { "type": "Polygon", "coordinates": [ [ [ 116.31375, 39.91975 ], [ 116.31525, 39.91975 ], [ 116.31525, 39.92125 ], [ 116.31375, 39.92125 ], [ 116.31375, 39.91975 ] ] ] } },
{ "type": "Feature", "properties": { "place_id": 495, "height_m": 9.0, "area_m2": 21341.382868167038 }, "geometry": { "type": "Polygon", "coordinates": [ [ [ 116.31375, 39.92475 ], [ 116.31525, 39.92475 ], [ 116.31525, 39.92625 ], [ 116.31375, 39.92625 ], [ 116.31375, 39.92475 ] ] ] } },
{ "type": "Feature", "properties": { "place_id": 496, "height_m": 9.0, "area_m2": 21339.848527580925 }, "geometry": { "type": "Polygon", "coordinates": [ [ [ 116.31375, 39.92975 ], [ 116.31525, 39.92975 ], [ 116.31525, 39.93125 ], [ 116.31375, 39.93125 ], [ 116.31375, 39.92975 ] ] ] } },
{ "type": "Feature", "properties": { "place_id": 497, "height_m": 9.0, "area_m2": 21338.314021783932 }, "geometry": { "type": "Polygon", "coordinates": [ [ [ 116.31375, 39.93475 ], [ 116.31525, 39.93475 ], [ 116.31525, 39.93625 ], [ 116.31375, 39.93625 ], [ 116.31375, 39.93475 ] ] ] } },
{ "type": "Feature", "properties": { "place_id": 498, "height_m": 9.0, "area_m2": 21336.779350800876 }, "geometry": { "type": "Polygon", "coordinates": [ [ [ 116.31375, 39.93975 ], [ 116.31525, 39.93975 ], [ 116.31525, 39.94125 ], [ 116.31375, 39.94125 ], [ 116.31375, 39.93975 ] ] ] } },
{ "type": "Feature", "properties": { "place_id": 499, "height_m": 9.0, "area_m2": 21335.244514507081 }, "geometry": { "type": "Polygon", "coordinates": [ [ [ 116.31375, 39.94475 ], [ 116.31525, 39.94475 ], [ 116.31525, 39.94625 ], [ 116.31375, 39.94625 ], [ 116.31375, 39.94475 ] ] ] } },
{ "type": "Feature", "properties": { "place_id": 500, "height_m": 9.0, "area_m2": 21333.709513166057 }, "geometry": { "type": "Polygon", "coordinates": [ [ [ 116.31375, 39.94975 ], [ 116.31525, 39.94975 ], [ 116.31525, 39.95125 ], [ 116.31375, 39.95125 ], [ 116.31375, 39.94975 ] ] ] } },
{ "type": "Feature", "properties": { "place_id": 501, "height_m": 9.0, "area_m2": 21332.174346307092 }, "geometry": { "type": "Polygon", "coordinates": [ [ [ 116.31375, 39.95475 ], [ 116.31525, 39.95475 ], [ 116.31525, 39.95625 ], [ 116.31375, 39.95625 ], [ 116.31375, 39.95475 ] ] ] } },
{ "type": "Feature", "properties": { "place_id": 502, "height_m": 9.0, "area_m2": 21330.63901453733 }, "geometry": { "type": "Polygon", "coordinates": [ [ [ 116.31375, 39.95975 ], [ 116.31525, 39.95975 ], [ 116.31525, 39.96125 ], [ 116.31375, 39.96125 ], [ 116.31375, 39.95975 ] ] ] } },
{ "type": "Feature", "properties": { "place_id": 503, "height_m": 9.0, "area_m2": 21329.103517207695 }, "geometry": { "type": "Polygon", "coordinates": [ [ [ 116.31375, 39.96475 ], [ 116.31525, 39.96475 ], [ 116.31525, 39.96625 ], [ 116.31375, 39.96625 ], [ 116.31375, 39.96475 ] ] ] } },
{ "type": "Feature", "properties": { "place_id": 504, "height_m": 9.0, "area_m2": 21364.351834471185 }, "geometry": { "type": "Polygon", "coordinates": [ [ [ 116.31875, 39.84975 ], [ 116.32025, 39.84975 ], [ 116.32025, 39.85125 ], [ 116.31875, 39.85125 ], [ 116.31875, 39.84975 ] ] ] } },
{ "type": "Feature", "properties": { "place_id": 505, "height_m": 9.0, "area_m2": 21362.819979833039 }, "geometry": { "type": "Polygon", "coordinates": [ [ [ 116.31875, 39.85475 ], [ 116.32025, 39.85475 ], [ 116.32025, 39.85625 ], [ 116.31875, 39.85625 ], [ 116.31875, 39.85475 ] ] ] } },
{ "type": "Feature", "properties": { "place_id": 506, "height_m": 9.0, "area_m2": 21361.287959997579 }, "geometry": { "type": "Polygon", "coordinates": [ [ [ 116.31875, 39.85975 ], [ 116.32025, 39.85975 ], [ 116.32025, 39.86125 ], [ 116.31875, 39.86125 ], [ 116.31875, 39.85975 ] ] ] } },
{ "type": "Feature", "properties": { "place_id": 507, "height_m": 9.0, "area_m2": 21359.755774750876 }, "geometry": { "type": "Polygon", "coordinates": [ [ [ 116.31875, 39.86475 ], [ 116.32025, 39.86475 ], [ 116.32025, 39.86625 ], [ 116.31875, 39.86625 ], [ 116.31875, 39.86475 ] ] ] } },
{ "type": "Feature", "properties": { "place_id": 508, "height_m": 9.0, "area_m2": 21358.223423972722 }, "geometry": { "type": "Polygon", "coordinates": [ [ [ 116.31875, 39.86975 ], [ 116.32025, 39.86975 ], [ 116.32025, 39.87125 ], [ 116.31875, 39.87125 ], [ 116.31875, 39.86975 ] ] ] } },
{ "type": "Feature", "properties": { "place_id": 509, "height_m": 9.0, "area_m2": 21356.690907800221 }, "geometry": { "type": "Polygon", "coordinates": [ [ [ 116.31875, 39.87475 ], [ 116.32025, 39.87475 ], [ 116.32025, 39.87625 ], [ 116.31875, 39.87625 ], [ 116.31875, 39.87475 ] ] ] } },
{ "type": "Feature", "properties": { "place_id": 510, "height_m": 9.0, "area_m2": 21355.158226243886 }, "geometry": { "type": "Polygon", "coordinates": [ [ [ 116.31875, 39.87975 ], [ 116.32025, 39.87975 ], [ 116.32025, 39.88125 ], [ 116.31875, 39.88125 ], [ 116.31875, 39.87975 ] ] ] } },
{ "type": "Feature", "properties": { "place_id": 511, "height_m": 9.0, "area_m2": 21353.625379493667 }, "geometry": { "type": "Polygon", "coordinates": [ [ [ 116.31875, 39.88475 ], [ 116.32025, 39.88475 ], [ 116.32025, 39.88625 ], [ 116.31875, 39.88625 ], [ 116.31875, 39.88475 ] ] ] } },
{ "type": "Feature", "properties": { "place_id": 512, "height_m": 9.0, "area_m2": 21352.092366956662 }, "geometry": { "type": "Polygon", "coordinates": [ [ [ 116.31875, 39.88975 ], [ 116.32025, 39.88975 ], [ 116.32025, 39.89125 ], [ 116.31875, 39.89125 ], [ 116.31875, 39.88975 ] ] ] } },
{ "type": "Feature", "properties": { "place_id": 513, "height_m": 9.0, "area_m2": 21350.55918948547 }, "geometry": { "type": "Polygon", "coordinates": [ [ [ 116.31875, 39.89475 ], [ 116.32025, 39.89475 ], [ 116.32025, 39.89625 ], [ 116.31875, 39.89625 ], [ 116.31875, 39.89475 ] ] ] } },
{ "type": "Feature", "properties": { "place_id": 514, "height_m": 9.0, "area_m2": 21349.025846684875 }, "geometry": { "type": "Polygon", "coordinates": [ [ [ 116.31875, 39.89975 ], [ 116.32025, 39.89975 ], [ 116.32025, 39.90125 ], [ 116.31875, 39.90125 ], [ 116.31875, 39.89975 ] ] ] } },
{ "type": "Feature", "properties": { "place_id": 515, "height_m": 9.0, "area_m2": 21347.492338422911 }, "geometry": { "type": "Polygon", "coordinates": [ [ [ 116.31875, 39.90475 ], [ 116.32025, 39.90475 ], [ 116.32025, 39.90625 ], [ 116.31875, 39.90625 ], [ 116.31875, 39.90475 ] ] ] } },
{ "type": "Feature", "properties": { "place_id": 516, "height_m": 9.0, "area_m2": 21345.9586647861 }, "geometry": { "type": "Polygon", "coordinates": [ [ [ 116.31875, 39.90975 ], [ 116.32025, 39.90975 ], [ 116.32025, 39.91125 ], [ 116.31875, 39.91125 ], [ 116.31875, 39.90975 ] ] ] } },
{ "type": "Feature", "properties": { "place_id": 517, "height_m": 9.0, "area_m2": 21344.424825777318 }, "geometry": { "type": "Polygon", "coordinates": [ [ [ 116.31875, 39.91475 ], [ 116.32025, 39.91475 ], [ 116.32025, 39.91625 ], [ 116.31875, 39.91625 ], [ 116.31875, 39.91475 ] ] ] } },
{ "type": "Feature", "properties": { "place_id": 518, "height_m": 9.0, "area_m2": 21342.890821721849 }, "geometry": { "type": "Polygon", "coordinates": [ [ [ 116.31875, 39.91975 ], [ 116.32025, 39.91975 ], [ 116.32025, 39.92125 ], [ 116.31875, 39.92125 ], [ 116.31875, 39.91975 ] ] ] } },
{ "type": "Feature", "properties": { "place_id": 519, "height_m": 9.0, "area_m2": 21341.356652183789 }, "geometry": { "type": "Polygon", "coordinates": [ [ [ 116.31875, 39.92475 ], [ 116.32025, 39.92475 ], [ 116.32025, 39.92625 ], [ 116.31875, 39.92625 ], [ 116.31875, 39.92475 ] ] ] } },
{ "type": "Feature", "properties": { "place_id": 520, "height_m": 9.0, "area_m2": 21339.82231744716 }, "geometry": { "type": "Polygon", "coordinates": [ [ [ 116.31875, 39.92975 ], [ 116.32025, 39.92975 ], [ 116.32025, 39.93125 ], [ 116.31875, 39.93125 ], [ 116.31875, 39.92975 ] ] ] } },
{ "type": "Feature", "properties": { "place_id": 521, "height_m": 9.0, "area_m2": 21338.287817375294 }, "geometry": { "type": "Polygon", "coordinates": [ [ [ 116.31875, 39.93475 ], [ 116.32025, 39.93475 ], [ 116.32025, 39.93625 ], [ 116.31875, 39.93625 ], [ 116.31875, 39.93475 ] ] ] } },
{ "type": "Feature", "properties": { "place_id": 522, "height_m": 9.0, "area_m2": 21336.753152051973 }, "geometry": { "type": "Polygon", "coordinates": [ [ [ 116.31875, 39.93975 ], [ 116.32025, 39.93975 ], [ 116.32025, 39.94125 ], [ 116.31875, 39.94125 ], [ 116.31875, 39.93975 ] ] ] } },
{ "type": "Feature", "properties": { "place_id": 523, "height_m": 9.0, "area_m2": 21335.218321600933 }, "geometry": { "type": "Polygon", "coordinates": [ [ [ 116.31875, 39.94475 ], [ 116.32025, 39.94475 ], [ 116.32025, 39.94625 ], [ 116.31875, 39.94625 ], [ 116.31875, 39.94475 ] ] ] } },
{ "type": "Feature", "properties": { "place_id": 524, "height_m": 9.0, "area_m2": 21333.683325921604 }, "geometry": { "type": "Polygon", "coordinates": [ [ [ 116.31875, 39.94975 ], [ 116.32025, 39.94975 ], [ 116.32025, 39.95125 ], [ 116.31875, 39.95125 ], [ 116.31875, 39.94975 ] ] ] } },
{ "type": "Feature", "properties": { "place_id": 525, "height_m": 9.0, "area_m2": 21332.148164726557 }, "geometry": { "type": "Polygon", "coordinates": [ [ [ 116.31875, 39.95475 ], [ 116.32025, 39.95475 ], [ 116.32025, 39.95625 ], [ 116.31875, 39.95625 ], [ 116.31875, 39.95475 ] ] ] } },
{ "type": "Feature", "properties": { "place_id": 526, "height_m": 9.0, "area_m2": 21330.612838737357 }, "geometry": { "type": "Polygon", "coordinates": [ [ [ 116.31875, 39.95975 ], [ 116.32025, 39.95975 ], [ 116.32025, 39.96125 ], [ 116.31875, 39.96125 ], [ 116.31875, 39.95975 ] ] ] } },
{ "type": "Feature", "properties": { "place_id": 527, "height_m": 9.0, "area_m2": 21329.077347244722 }, "geometry": { "type": "Polygon", "coordinates": [ [ [ 116.31875, 39.96475 ], [ 116.32025, 39.96475 ], [ 116.32025, 39.96625 ], [ 116.31875, 39.96625 ], [ 116.31875, 39.96475 ] ] ] } },
{ "type": "Feature", "properties": { "place_id": 528, "height_m": 9.0, "area_m2": 21364.325725133975 }, "geometry": { "type": "Polygon", "coordinates": [ [ [ 116.32375, 39.84975 ], [ 116.32525, 39.84975 ], [ 116.32525, 39.85125 ], [ 116.32375, 39.85125 ], [ 116.32375, 39.84975 ] ] ] } },
{ "type": "Feature", "properties": { "place_id": 529, "height_m": 9.0, "area_m2": 21362.793876206899 }, "geometry": { "type": "Polygon", "coordinates": [ [ [ 116.32375, 39.85475 ], [ 116.32525, 39.85475 ], [ 116.32525, 39.85625 ], [ 116.32375, 39.85625 ], [ 116.32375, 39.85475 ] ] ] } },
{ "type": "Feature", "properties": { "place_id": 530, "height_m": 9.0, "area_m2": 21361.261862151274 }, "geometry": { "type": "Polygon", "coordinates": [ [ [ 116.32375, 39.85975 ], [ 116.32525, 39.85975 ], [ 116.32525, 39.86125 ], [ 116.32375, 39.86125 ], [ 116.32375, 39.85975 ] ] ] } },
{ "type": "Feature", "properties": { "place_id": 531, "height_m": 9.0, "area_m2": 21359.729682557227 }, "geometry": { "type": "Polygon", "coordinates": [ [ [ 116.32375, 39.86475 ], [ 116.32525, 39.86475 ], [ 116.32525, 39.86625 ], [ 116.32375, 39.86625 ], [ 116.32375, 39.86475 ] ] ] } },
{ "type": "Feature", "properties": { "place_id": 532, "height_m": 9.0, "area_m2": 21358.197337430396 }, "geometry": { "type": "Polygon", "coordinates": [ [ [ 116.32375, 39.86975 ], [ 116.32525, 39.86975 ], [ 116.32525, 39.87125 ], [ 116.32375, 39.87125 ], [ 116.32375, 39.86975 ] ] ] } },
{ "type": "Feature", "properties": { "place_id": 533, "height_m": 9.0, "area_m2": 21356.664826977922 }, "geometry": { "type": "Polygon", "coordinates": [ [ [ 116.32375, 39.87475 ], [ 116.32525, 39.87475 ], [ 116.32525, 39.87625 ], [ 116.32375, 39.87625 ], [ 116.32375, 39.87475 ] ] ] } },
{ "type": "Feature", "properties": { "place_id": 534, "height_m": 9.0, "area_m2": 21355.132151008358 }, "geometry": { "type": "Polygon", "coordinates": [ [ [ 116.32375, 39.87975 ], [ 116.32525, 39.87975 ], [ 116.32525, 39.88125 ], [ 116.32375, 39.88125 ], [ 116.32375, 39.87975 ] ] ] } },
{ "type": "Feature", "properties": { "place_id": 535, "height_m": 9.0, "area_m2": 21353.599309970301 }, "geometry": { "type": "Polygon", "coordinates": [ [ [ 116.32375, 39.88475 ], [ 116.32525, 39.88475 ], [ 116.32525, 39.88625 ], [ 116.32375, 39.88625 ], [ 116.32375, 39.88475 ] ] ] } },
{ "type": "Feature", "properties": { "place_id": 536, "height_m": 9.0, "area_m2": 21352.066303218853 }, "geometry": { "type": "Polygon", "coordinates": [ [ [ 116.32375, 39.88975 ], [ 116.32525, 39.88975 ], [ 116.32525, 39.89125 ], [ 116.32375, 39.89125 ], [ 116.32375, 39.88975 ] ] ] } },
{ "type": "Feature", "properties": { "place_id": 537, "height_m": 9.0, "area_m2": 21350.533131513603 }, "geometry": { "type": "Polygon", "coordinates": [ [ [ 116.32375, 39.89475 ], [ 116.32525, 39.89475 ], [ 116.32525, 39.89625 ], [ 116.32375, 39.89625 ], [ 116.32375, 39.89475 ] ] ] } },
{ "type": "Feature", "properties": { "place_id": 538, "height_m": 9.0, "area_m2": 21348.999794184427 }, "geometry": { "type": "Polygon", "coordinates": [ [ [ 116.32375, 39.89975 ], [ 116.32525, 39.89975 ], [ 116.32525, 39.90125 ], [ 116.32375, 39.90125 ], [ 116.32375, 39.89975 ] ] ] } },
{ "type": "Feature", "properties": { "place_id": 539, "height_m": 9.0, "area_m2": 21347.466291687968 }, "geometry": { "type": "Polygon", "coordinates": [ [ [ 116.32375, 39.90475 ], [ 116.32525, 39.90475 ], [ 116.32525, 39.90625 ], [ 116.32375, 39.90625 ], [ 116.32375, 39.90475 ] ] ] } },
{ "type": "Feature", "properties": { "place_id": 540, "height_m": 9.0, "area_m2": 21345.932623709065 }, "geometry": { "type": "Polygon", "coordinates": [ [ [ 116.32375, 39.90975 ], [ 116.32525, 39.90975 ], [ 116.32525, 39.91125 ], [ 116.32375, 39.91125 ], [ 116.32375, 39.90975 ] ] ] } },
{ "type": "Feature", "properties": { "place_id": 541, "height_m": 9.0, "area_m2": 21344.398790535281 }, "geometry": { "type": "Polygon", "coordinates": [ [ [ 116.32375, 39.91475 ], [ 116.32525, 39.91475 ], [ 116.32525, 39.91625 ], [ 116.32375, 39.91625 ], [ 116.32375, 39.91475 ] ] ] } },
{ "type": "Feature", "properties": { "place_id": 542, "height_m": 9.0, "area_m2": 21342.864792121556 }, "geometry": { "type": "Polygon", "coordinates": [ [ [ 116.32375, 39.91975 ], [ 116.32525, 39.91975 ], [ 116.32525, 39.92125 ], [ 116.32375, 39.92125 ], [ 116.32375, 39.91975 ] ] ] } },
{ "type": "Feature", "properties": { "place_id": 543, "height_m": 9.0, "area_m2": 21341.330628356453 }, "geometry": { "type": "Polygon", "coordinates": [ [ [ 116.32375, 39.92475 ], [ 116.32525, 39.92475 ], [ 116.32525, 39.92625 ], [ 116.32375, 39.92625 ], [ 116.32375, 39.92475 ] ] ] } },
{ "type": "Feature", "properties": { "place_id": 544, "height_m": 9.0, "area_m2": 21339.796299200822 }, "geometry": { "type": "Polygon", "coordinates": [ [ [ 116.32375, 39.92975 ], [ 116.32525, 39.92975 ], [ 116.32525, 39.93125 ], [ 116.32375, 39.93125 ], [ 116.32375, 39.92975 ] ] ] } },
{ "type": "Feature", "properties": { "place_id": 545, "height_m": 9.0, "area_m2": 21338.261804777245 }, "geometry": { "type": "Polygon", "coordinates": [ [ [ 116.32375, 39.93475 ], [ 116.32525, 39.93475 ], [ 116.32525, 39.93625 ], [ 116.32375, 39.93625 ], [ 116.32375, 39.93475 ] ] ] } },
{ "type": "Feature", "properties": { "place_id": 546, "height_m": 9.0, "area_m2": 21336.727145159879 }, "geometry": { "type": "Polygon", "coordinates": [ [ [ 116.32375, 39.93975 ], [ 116.32525, 39.93975 ], [ 116.32525, 39.94125 ], [ 116.32375, 39.94125 ], [ 116.32375, 39.93975 ] ] ] } },
{ "type": "Feature", "properties": { "place_id": 547, "height_m": 9.0, "area_m2": 21335.192320362712 }, "geometry": { "type": "Polygon", "coordinates": [ [ [ 116.32375, 39.94475 ], [ 116.32525, 39.94475 ], [ 116.32525, 39.94625 ], [ 116.32375, 39.94625 ], [ 116.32375, 39.94475 ] ] ] } },
{ "type": "Feature", "properties": { "place_id": 548, "height_m": 9.0, "area_m2": 21333.657330398561 }, "geometry": { "type": "Polygon", "coordinates": [ [ [ 116.32375, 39.94975 ], [ 116.32525, 39.94975 ], [ 116.32525, 39.95125 ], [ 116.32375, 39.95125 ], [ 116.32375, 39.94975 ] ] ] } },
{ "type": "Feature", "properties": { "place_id": 549, "height_m": 9.0, "area_m2": 21332.122174965432 }, "geometry": { "type": "Polygon", "coordinates": [ [ [ 116.32375, 39.95475 ], [ 116.32525, 39.95475 ], [ 116.32525, 39.95625 ], [ 116.32375, 39.95625 ], [ 116.32375, 39.95475 ] ] ] } },
{ "type": "Feature", "properties": { "place_id": 550, "height_m": 9.0, "area_m2": 21330.586854682417 }, "geometry": { "type": "Polygon", "coordinates": [ [ [ 116.32375, 39.95975 ], [ 116.32525, 39.95975 ], [ 116.32525, 39.96125 ], [ 116.32375, 39.96125 ], [ 116.32375, 39.95975 ] ] ] } },
{ "type": "Feature", "properties": { "place_id": 551, "height_m": 9.0, "area_m2": 21329.051368600467 }, "geometry": { "type": "Polygon", "coordinates": [ [ [ 116.32375, 39.96475 ], [ 116.32525, 39.96475 ], [ 116.32525, 39.96625 ], [ 116.32375, 39.96625 ], [ 116.32375, 39.96475 ] ] ] } },
{ "type": "Feature", "properties": { "place_id": 552, "height_m": 9.0, "area_m2": 21364.299808087337 }, "geometry": { "type": "Polygon", "coordinates": [ [ [ 116.32875, 39.84975 ], [ 116.33025, 39.84975 ], [ 116.33025, 39.85125 ], [ 116.32875, 39.85125 ], [ 116.32875, 39.84975 ] ] ] } },
{ "type": "Feature", "properties": { "place_id": 553, "height_m": 9.0, "area_m2": 21362.767964799499 }, "geometry": { "type": "Polygon", "coordinates": [ [ [ 116.32875, 39.85475 ], [ 116.33025, 39.85475 ], [ 116.33025, 39.85625 ], [ 116.32875, 39.85625 ], [ 116.32875, 39.85475 ] ] ] } },
{ "type": "Feature", "properties": { "place_id": 554, "height_m": 9.0, "area_m2": 21361.23595632608 }, "geometry": { "type": "Polygon", "coordinates": [ [ [ 116.32875, 39.85975 ], [ 116.33025, 39.85975 ], [ 116.33025, 39.86125 ], [ 116.32875, 39.86125 ], [ 116.32875, 39.85975 ] ] ] } },
{ "type": "Feature", "properties": { "place_id": 555, "height_m": 9.0, "area_m2": 21359.703782374392 }, "geometry": { "type": "Polygon", "coordinates": [ [ [ 116.32875, 39.86475 ], [ 116.33025, 39.86475 ], [ 116.33025, 39.86625 ], [ 116.32875, 39.86625 ], [ 116.32875, 39.86475 ] ] ] } },
{ "type": "Feature", "properties": { "place_id": 556, "height_m": 9.0, "area_m2": 21358.171442837753 }, "geometry": { "type": "Polygon", "coordinates": [ [ [ 116.32875, 39.86975 ], [ 116.33025, 39.86975 ], [ 116.33025, 39.87125 ], [ 116.32875, 39.87125 ], [ 116.32875, 39.86975 ] ] ] } },
{ "type": "Feature", "properties": { "place_id": 557, "height_m": 9.0, "area_m2": 21356.638938068114 }, "geometry": { "type": "Polygon", "coordinates": [ [ [ 116.32875, 39.87475 ], [ 116.33025, 39.87475 ], [ 116.33025, 39.87625 ], [ 116.32875, 39.87625 ], [ 116.32875, 39.87475 ] ] ] } },
{ "type": "Feature", "properties": { "place_id": 558, "height_m": 9.0, "area_m2": 21355.106267928408 }, "geometry": { "type": "Polygon", "coordinates": [ [ [ 116.32875, 39.87975 ], [ 116.33025, 39.87975 ], [ 116.33025, 39.88125 ], [ 116.32875, 39.88125 ], [ 116.32875, 39.87975 ] ] ] } },
{ "type": "Feature", "properties": { "place_id": 559, "height_m": 9.0, "area_m2": 21353.573432402689 }, "geometry": { "type": "Polygon", "coordinates": [ [ [ 116.32875, 39.88475 ], [ 116.33025, 39.88475 ], [ 116.33025, 39.88625 ], [ 116.32875, 39.88625 ], [ 116.32875, 39.88475 ] ] ] } },
{ "type": "Feature", "properties": { "place_id": 560, "height_m": 9.0, "area_m2": 21352.040431288831 }, "geometry": { "type": "Polygon", "coordinates": [ [ [ 116.32875, 39.88975 ], [ 116.33025, 39.88975 ], [ 116.33025, 39.89125 ], [ 116.32875, 39.89125 ], [ 116.32875, 39.88975 ] ] ] } },
{ "type": "Feature", "properties": { "place_id": 561, "height_m": 9.0, "area_m2": 21350.50726528353 }, "geometry": { "type": "Polygon", "coordinates": [ [ [ 116.32875, 39.89475 ], [ 116.33025, 39.89475 ], [ 116.33025, 39.89625 ], [ 116.32875, 39.89625 ], [ 116.32875, 39.89475 ] ] ] } },
{ "type": "Feature", "properties": { "place_id": 562, "height_m": 9.0, "area_m2": 21348.973933592704 }, "geometry": { "type": "Polygon", "coordinates": [ [ [ 116.32875, 39.89975 ], [ 116.33025, 39.89975 ], [ 116.33025, 39.90125 ], [ 116.32875, 39.90125 ], [ 116.32875, 39.89975 ] ] ] } },
{ "type": "Feature", "properties": { "place_id": 563, "height_m": 9.0, "area_m2": 21347.440436734316 }, "geometry": { "type": "Polygon", "coordinates": [ [ [ 116.32875, 39.90475 ], [ 116.33025, 39.90475 ], [ 116.33025, 39.90625 ], [ 116.32875, 39.90625 ], [ 116.32875, 39.90475 ] ] ] } },
{ "type": "Feature", "properties": { "place_id": 564, "height_m": 9.0, "area_m2": 21345.906774389528 }, "geometry": { "type": "Polygon", "coordinates": [ [ [ 116.32875, 39.90975 ], [ 116.33025, 39.90975 ], [ 116.33025, 39.91125 ], [ 116.32875, 39.91125 ], [ 116.32875, 39.90975 ] ] ] } },
{ "type": "Feature", "properties": { "place_id": 565, "height_m": 9.0, "area_m2": 21344.372946913685 }, "geometry": { "type": "Polygon", "coordinates": [ [ [ 116.32875, 39.91475 ], [ 116.33025, 39.91475 ], [ 116.33025, 39.91625 ], [ 116.32875, 39.91625 ], [ 116.32875, 39.91475 ] ] ] } },
{ "type": "Feature", "properties": { "place_id": 566, "height_m": 9.0, "area_m2": 21342.838954134892 }, "geometry": { "type": "Polygon", "coordinates": [ [ [ 116.32875, 39.91975 ], [ 116.33025, 39.91975 ], [ 116.33025, 39.92125 ], [ 116.32875, 39.92125 ], [ 116.32875, 39.91975 ] ] ] } },
{ "type": "Feature", "properties": { "place_id": 567, "height_m": 9.0, "area_m2": 21341.304795944168 }, "geometry": { "type": "Polygon", "coordinates": [ [ [ 116.32875, 39.92475 ], [ 116.33025, 39.92475 ], [ 116.33025, 39.92625 ], [ 116.32875, 39.92625 ], [ 116.32875, 39.92475 ] ] ] } },
{ "type": "Feature", "properties": { "place_id": 568, "height_m": 9.0, "area_m2": 21339.770472486929 }, "geometry": { "type": "Polygon", "coordinates": [ [ [ 116.32875, 39.92975 ], [ 116.33025, 39.92975 ], [ 116.33025, 39.93125 ], [ 116.32875, 39.93125 ], [ 116.32875, 39.92975 ] ] ] } },
{ "type": "Feature", "properties": { "place_id": 569, "height_m": 9.0, "area_m2": 21338.235983762672 }, "geometry": { "type": "Polygon", "coordinates": [ [ [ 116.32875, 39.93475 ], [ 116.33025, 39.93475 ], [ 116.33025, 39.93625 ], [ 116.32875, 39.93625 ], [ 116.32875, 39.93475 ] ] ] } },
{ "type": "Feature", "properties": { "place_id": 570, "height_m": 9.0, "area_m2": 21336.701329785345 }, "geometry": { "type": "Polygon", "coordinates": [ [ [ 116.32875, 39.93975 ], [ 116.33025, 39.93975 ], [ 116.33025, 39.94125 ], [ 116.32875, 39.94125 ], [ 116.32875, 39.93975 ] ] ] } },
{ "type": "Feature", "properties": { "place_id": 571, "height_m": 9.0, "area_m2": 21335.166510566567 }, "geometry": { "type": "Polygon", "coordinates": [ [ [ 116.32875, 39.94475 ], [ 116.33025, 39.94475 ], [ 116.33025, 39.94625 ], [ 116.32875, 39.94625 ], [ 116.32875, 39.94475 ] ] ] } },
{ "type": "Feature", "properties": { "place_id": 572, "height_m": 9.0, "area_m2": 21333.631526158664 }, "geometry": { "type": "Polygon", "coordinates": [ [ [ 116.32875, 39.94975 ], [ 116.33025, 39.94975 ], [ 116.33025, 39.95125 ], [ 116.32875, 39.95125 ], [ 116.32875, 39.94975 ] ] ] } },
{ "type": "Feature", "properties": { "place_id": 573, "height_m": 9.0, "area_m2": 21332.096376428784 }, "geometry": { "type": "Polygon", "coordinates": [ [ [ 116.32875, 39.95475 ], [ 116.33025, 39.95475 ], [ 116.33025, 39.95625 ], [ 116.32875, 39.95625 ], [ 116.32875, 39.95475 ] ] ] } },
{ "type": "Feature", "properties": { "place_id": 574, "height_m": 9.0, "area_m2": 21330.561061782464 }, "geometry": { "type": "Polygon", "coordinates": [ [ [ 116.32875, 39.95975 ], [ 116.33025, 39.95975 ], [ 116.33025, 39.96125 ], [ 116.32875, 39.96125 ], [ 116.32875, 39.95975 ] ] ] } },
{ "type": "Feature", "properties": { "place_id": 575, "height_m": 9.0, "area_m2": 21329.025581452719 }, "geometry": { "type": "Polygon", "coordinates": [ [ [ 116.32875, 39.96475 ], [ 116.33025, 39.96475 ], [ 116.33025, 39.96625 ], [ 116.32875, 39.96625 ], [ 116.32875, 39.96475 ] ] ] } },
{ "type": "Feature", "properties": { "place_id": 576, "height_m": 9.0, "area_m2": 21364.274083873443 }, "geometry": { "type": "Polygon", "coordinates": [ [ [ 116.33375, 39.84975 ], [ 116.33525, 39.84975 ], [ 116.33525, 39.85125 ], [ 116.33375, 39.85125 ], [ 116.33375, 39.84975 ] ] ] } },
{ "type": "Feature", "properties": { "place_id": 577, "height_m": 9.0, "area_m2": 21362.742246400197 }, "geometry": { "type": "Polygon", "coordinates": [ [ [ 116.33375, 39.85475 ], [ 116.33525, 39.85475 ], [ 116.33525, 39.85625 ], [ 116.33375, 39.85625 ], [ 116.33375, 39.85475 ] ] ] } },
{ "type": "Feature", "properties": { "place_id": 578, "height_m": 9.0, "area_m2": 21361.210243369351 }, "geometry": { "type": "Polygon", "coordinates": [ [ [ 116.33375, 39.85975 ], [ 116.33525, 39.85975 ], [ 116.33525, 39.86125 ], [ 116.33375, 39.86125 ], [ 116.33375, 39.85975 ] ] ] } },
{ "type": "Feature", "properties": { "place_id": 579, "height_m": 9.0, "area_m2": 21359.678075042382 }, "geometry": { "type": "Polygon", "coordinates": [ [ [ 116.33375, 39.86475 ], [ 116.33525, 39.86475 ], [ 116.33525, 39.86625 ], [ 116.33375, 39.86625 ], [ 116.33375, 39.86475 ] ] ] } },
{ "type": "Feature", "properties": { "place_id": 580, "height_m": 9.0, "area_m2": 21358.145741249755 }, "geometry": { "type": "Polygon", "coordinates": [ [ [ 116.33375, 39.86975 ], [ 116.33525, 39.86975 ], [ 116.33525, 39.87125 ], [ 116.33375, 39.87125 ], [ 116.33375, 39.86975 ] ] ] } },
{ "type": "Feature", "properties": { "place_id": 581, "height_m": 9.0, "area_m2": 21356.613241992025 }, "geometry": { "type": "Polygon", "coordinates": [ [ [ 116.33375, 39.87475 ], [ 116.33525, 39.87475 ], [ 116.33525, 39.87625 ], [ 116.33375, 39.87625 ], [ 116.33375, 39.87475 ] ] ] } },
{ "type": "Feature", "properties": { "place_id": 582, "height_m": 9.0, "area_m2": 21355.080577356868 }, "geometry": { "type": "Polygon", "coordinates": [ [ [ 116.33375, 39.87975 ], [ 116.33525, 39.87975 ], [ 116.33525, 39.88125 ], [ 116.33375, 39.88125 ], [ 116.33375, 39.87975 ] ] ] } },
{ "type": "Feature", "properties": { "place_id": 583, "height_m": 9.0, "area_m2": 21353.54774763334 }, "geometry": { "type": "Polygon", "coordinates": [ [ [ 116.33375, 39.88475 ], [ 116.33525, 39.88475 ], [ 116.33525, 39.88625 ], [ 116.33375, 39.88625 ], [ 116.33375, 39.88475 ] ] ] } },
{ "type": "Feature", "properties": { "place_id": 584, "height_m": 9.0, "area_m2": 21352.01475190049 }, "geometry": { "type": "Polygon", "coordinates": [ [ [ 116.33375, 39.88975 ], [ 116.33525, 39.88975 ], [ 116.33525, 39.89125 ], [ 116.33375, 39.89125 ], [ 116.33375, 39.88975 ] ] ] } },
{ "type": "Feature", "properties": { "place_id": 585, "height_m": 9.0, "area_m2": 21350.481591471435 }, "geometry": { "type": "Polygon", "coordinates": [ [ [ 116.33375, 39.89475 ], [ 116.33525, 39.89475 ], [ 116.33525, 39.89625 ], [ 116.33375, 39.89625 ], [ 116.33375, 39.89475 ] ] ] } },
{ "type": "Feature", "properties": { "place_id": 586, "height_m": 9.0, "area_m2": 21348.948265456671 }, "geometry": { "type": "Polygon", "coordinates": [ [ [ 116.33375, 39.89975 ], [ 116.33525, 39.89975 ], [ 116.33525, 39.90125 ], [ 116.33375, 39.90125 ], [ 116.33375, 39.89975 ] ] ] } },
{ "type": "Feature", "properties": { "place_id": 587, "height_m": 9.0, "area_m2": 21347.414774164379 }, "geometry": { "type": "Polygon", "coordinates": [ [ [ 116.33375, 39.90475 ], [ 116.33525, 39.90475 ], [ 116.33525, 39.90625 ], [ 116.33375, 39.90625 ], [ 116.33375, 39.90475 ] ] ] } },
{ "type": "Feature", "properties": { "place_id": 588, "height_m": 9.0, "area_m2": 21345.881117440924 }, "geometry": { "type": "Polygon", "coordinates": [ [ [ 116.33375, 39.90975 ], [ 116.33525, 39.90975 ], [ 116.33525, 39.91125 ], [ 116.33375, 39.91125 ], [ 116.33375, 39.90975 ] ] ] } },
{ "type": "Feature", "properties": { "place_id": 589, "height_m": 9.0, "area_m2": 21344.347295527059 }, "geometry": { "type": "Polygon", "coordinates": [ [ [ 116.33375, 39.91475 ], [ 116.33525, 39.91475 ], [ 116.33525, 39.91625 ], [ 116.33375, 39.91625 ], [ 116.33375, 39.91475 ] ] ] } },
{ "type": "Feature", "properties": { "place_id": 590, "height_m": 9.0, "area_m2": 21342.813308310007 }, "geometry": { "type": "Polygon", "coordinates": [ [ [ 116.33375, 39.91975 ], [ 116.33525, 39.91975 ], [ 116.33525, 39.92125 ], [ 116.33375, 39.92125 ], [ 116.33375, 39.91975 ] ] ] } },
{ "type": "Feature", "properties": { "place_id": 591, "height_m": 9.0, "area_m2": 21341.279155932978 }, "geometry": { "type": "Polygon", "coordinates": [ [ [ 116.33375, 39.92475 ], [ 116.33525, 39.92475 ], [ 116.33525, 39.92625 ], [ 116.33375, 39.92625 ], [ 116.33375, 39.92475 ] ] ] } },
{ "type": "Feature", "properties": { "place_id": 592, "height_m": 9.0, "area_m2": 21339.744837853788 }, "geometry": { "type": "Polygon", "coordinates": [ [ [ 116.33375, 39.92975 ], [ 116.33525, 39.92975 ], [ 116.33525, 39.93125 ], [ 116.33375, 39.93125 ], [ 116.33375, 39.92975 ] ] ] } },
{ "type": "Feature", "properties": { "place_id": 593, "height_m": 9.0, "area_m2": 21338.210354866504 }, "geometry": { "type": "Polygon", "coordinates": [ [ [ 116.33375, 39.93475 ], [ 116.33525, 39.93475 ], [ 116.33525, 39.93625 ], [ 116.33375, 39.93625 ], [ 116.33375, 39.93475 ] ] ] } },
{ "type": "Feature", "properties": { "place_id": 594, "height_m": 9.0, "area_m2": 21336.67570651403 }, "geometry": { "type": "Polygon", "coordinates": [ [ [ 116.33375, 39.93975 ], [ 116.33525, 39.93975 ], [ 116.33525, 39.94125 ], [ 116.33375, 39.94125 ], [ 116.33375, 39.93975 ] ] ] } },
{ "type": "Feature", "properties": { "place_id": 595, "height_m": 9.0, "area_m2": 21335.140892907631 }, "geometry": { "type": "Polygon", "coordinates": [ [ [ 116.33375, 39.94475 ], [ 116.33525, 39.94475 ], [ 116.33525, 39.94625 ], [ 116.33375, 39.94625 ], [ 116.33375, 39.94475 ] ] ] } },
{ "type": "Feature", "properties": { "place_id": 596, "height_m": 9.0, "area_m2": 21333.605914190397 }, "geometry": { "type": "Polygon", "coordinates": [ [ [ 116.33375, 39.94975 ], [ 116.33525, 39.94975 ], [ 116.33525, 39.95125 ], [ 116.33375, 39.95125 ], [ 116.33375, 39.94975 ] ] ] } },
{ "type": "Feature", "properties": { "place_id": 597, "height_m": 9.0, "area_m2": 21332.070769949438 }, "geometry": { "type": "Polygon", "coordinates": [ [ [ 116.33375, 39.95475 ], [ 116.33525, 39.95475 ], [ 116.33525, 39.95625 ], [ 116.33375, 39.95625 ], [ 116.33375, 39.95475 ] ] ] } },
{ "type": "Feature", "properties": { "place_id": 598, "height_m": 9.0, "area_m2": 21330.535461036656 }, "geometry": { "type": "Polygon", "coordinates": [ [ [ 116.33375, 39.95975 ], [ 116.33525, 39.95975 ], [ 116.33525, 39.96125 ], [ 116.33375, 39.96125 ], [ 116.33375, 39.95975 ] ] ] } },
{ "type": "Feature", "properties": { "place_id": 599, "height_m": 9.0, "area_m2": 21328.999986220802 }, "geometry": { "type": "Polygon", "coordinates": [ [ [ 116.33375, 39.96475 ], [ 116.33525, 39.96475 ], [ 116.33525, 39.96625 ], [ 116.33375, 39.96625 ], [ 116.33375, 39.96475 ] ] ] } },
{ "type": "Feature", "properties": { "place_id": 600, "height_m": 9.0, "area_m2": 21364.248552690126 }, "geometry": { "type": "Polygon", "coordinates": [ [ [ 116.33875, 39.84975 ], [ 116.34025, 39.84975 ], [ 116.34025, 39.85125 ], [ 116.33875, 39.85125 ], [ 116.33875, 39.84975 ] ] ] } },
{ "type": "Feature", "properties": { "place_id": 601, "height_m": 9.0, "area_m2": 21362.71672064942 }, "geometry": { "type": "Polygon", "coordinates": [ [ [ 116.33875, 39.85475 ], [ 116.34025, 39.85475 ], [ 116.34025, 39.85625 ], [ 116.33875, 39.85625 ], [ 116.33875, 39.85475 ] ] ] } },
{ "type": "Feature", "properties": { "place_id": 602, "height_m": 9.0, "area_m2": 21361.18472328128 }, "geometry": { "type": "Polygon", "coordinates": [ [ [ 116.33875, 39.85975 ], [ 116.34025, 39.85975 ], [ 116.34025, 39.86125 ], [ 116.33875, 39.86125 ], [ 116.33875, 39.85975 ] ] ] } },
{ "type": "Feature", "properties": { "place_id": 603, "height_m": 9.0, "area_m2": 21359.652560502167 }, "geometry": { "type": "Polygon", "coordinates": [ [ [ 116.33875, 39.86475 ], [ 116.34025, 39.86475 ], [ 116.34025, 39.86625 ], [ 116.33875, 39.86625 ], [ 116.33875, 39.86475 ] ] ] } },
{ "type": "Feature", "properties": { "place_id": 604, "height_m": 9.0, "area_m2": 21358.12023226915 }, "geometry": { "type": "Polygon", "coordinates": [ [ [ 116.33875, 39.86975 ], [ 116.34025, 39.86975 ], [ 116.34025, 39.87125 ], [ 116.33875, 39.87125 ], [ 116.33875, 39.86975 ] ] ] } },
{ "type": "Feature", "properties": { "place_id": 605, "height_m": 9.0, "area_m2": 21356.58773867719 }, "geometry": { "type": "Polygon", "coordinates": [ [ [ 116.33875, 39.87475 ], [ 116.34025, 39.87475 ], [ 116.34025, 39.87625 ], [ 116.33875, 39.87625 ], [ 116.33875, 39.87475 ] ] ] } },
{ "type": "Feature", "properties": { "place_id": 606, "height_m": 9.0, "area_m2": 21355.055079540925 }, "geometry": { "type": "Polygon", "coordinates": [ [ [ 116.33875, 39.87975 ], [ 116.34025, 39.87975 ], [ 116.34025, 39.88125 ], [ 116.33875, 39.88125 ], [ 116.33875, 39.87975 ] ] ] } },
{ "type": "Feature", "properties": { "place_id": 607, "height_m": 9.0, "area_m2": 21353.522255249693 }, "geometry": { "type": "Polygon", "coordinates": [ [ [ 116.33875, 39.88475 ], [ 116.34025, 39.88475 ], [ 116.34025, 39.88625 ], [ 116.33875, 39.88625 ], [ 116.33875, 39.88475 ] ] ] } },
{ "type": "Feature", "properties": { "place_id": 608, "height_m": 9.0, "area_m2": 21351.989265245651 }, "geometry": { "type": "Polygon", "coordinates": [ [ [ 116.33875, 39.88975 ], [ 116.34025, 39.88975 ], [ 116.34025, 39.89125 ], [ 116.33875, 39.89125 ], [ 116.33875, 39.88975 ] ] ] } },
{ "type": "Feature", "properties": { "place_id": 609, "height_m": 9.0, "area_m2": 21350.456110419793 }, "geometry": { "type": "Polygon", "coordinates": [ [ [ 116.33875, 39.89475 ], [ 116.34025, 39.89475 ], [ 116.34025, 39.89625 ], [ 116.33875, 39.89625 ], [ 116.33875, 39.89475 ] ] ] } },
{ "type": "Feature", "properties": { "place_id": 610, "height_m": 9.0, "area_m2": 21348.9227898342 }, "geometry": { "type": "Polygon", "coordinates": [ [ [ 116.33875, 39.89975 ], [ 116.34025, 39.89975 ], [ 116.34025, 39.90125 ], [ 116.33875, 39.90125 ], [ 116.33875, 39.89975 ] ] ] } },
{ "type": "Feature", "properties": { "place_id": 611, "height_m": 9.0, "area_m2": 21347.389304399134 }, "geometry": { "type": "Polygon", "coordinates": [ [ [ 116.33875, 39.90475 ], [ 116.34025, 39.90475 ], [ 116.34025, 39.90625 ], [ 116.33875, 39.90625 ], [ 116.33875, 39.90475 ] ] ] } },
{ "type": "Feature", "properties": { "place_id": 612, "height_m": 9.0, "area_m2": 21345.855653044167 }, "geometry": { "type": "Polygon", "coordinates": [ [ [ 116.33875, 39.90975 ], [ 116.34025, 39.90975 ], [ 116.34025, 39.91125 ], [ 116.33875, 39.91125 ], [ 116.33875, 39.90975 ] ] ] } },
{ "type": "Feature", "properties": { "place_id": 613, "height_m": 9.0, "area_m2": 21344.321836619147 }, "geometry": { "type": "Polygon", "coordinates": [ [ [ 116.33875, 39.91475 ], [ 116.34025, 39.91475 ], [ 116.34025, 39.91625 ], [ 116.33875, 39.91625 ], [ 116.33875, 39.91475 ] ] ] } },
{ "type": "Feature", "properties": { "place_id": 614, "height_m": 9.0, "area_m2": 21342.787855014907 }, "geometry": { "type": "Polygon", "coordinates": [ [ [ 116.33875, 39.91975 ], [ 116.34025, 39.91975 ], [ 116.34025, 39.92125 ], [ 116.33875, 39.92125 ], [ 116.33875, 39.91975 ] ] ] } },
{ "type": "Feature", "properties": { "place_id": 615, "height_m": 9.0, "area_m2": 21341.253708057531 }, "geometry": { "type": "Polygon", "coordinates": [ [ [ 116.33875, 39.92475 ], [ 116.34025, 39.92475 ], [ 116.34025, 39.92625 ], [ 116.33875, 39.92625 ], [ 116.33875, 39.92475 ] ] ] } },
{ "type": "Feature", "properties": { "place_id": 616, "height_m": 9.0, "area_m2": 21339.719395649587 }, "geometry": { "type": "Polygon", "coordinates": [ [ [ 116.33875, 39.92975 ], [ 116.34025, 39.92975 ], [ 116.34025, 39.93125 ], [ 116.33875, 39.93125 ], [ 116.33875, 39.92975 ] ] ] } },
{ "type": "Feature", "properties": { "place_id": 617, "height_m": 9.0, "area_m2": 21338.184918213123 }, "geometry": { "type": "Polygon", "coordinates": [ [ [ 116.33875, 39.93475 ], [ 116.34025, 39.93475 ], [ 116.34025, 39.93625 ], [ 116.33875, 39.93625 ], [ 116.33875, 39.93475 ] ] ] } },
{ "type": "Feature", "properties": { "place_id": 618, "height_m": 9.0, "area_m2": 21336.650275404951 }, "geometry": { "type": "Polygon", "coordinates": [ [ [ 116.33875, 39.93975 ], [ 116.34025, 39.93975 ], [ 116.34025, 39.94125 ], [ 116.33875, 39.94125 ], [ 116.33875, 39.93975 ] ] ] } },
{ "type": "Feature", "properties": { "place_id": 619, "height_m": 9.0, "area_m2": 21335.11546746318 }, "geometry": { "type": "Polygon", "coordinates": [ [ [ 116.33875, 39.94475 ], [ 116.34025, 39.94475 ], [ 116.34025, 39.94625 ], [ 116.33875, 39.94625 ], [ 116.33875, 39.94475 ] ] ] } },
{ "type": "Feature", "properties": { "place_id": 620, "height_m": 9.0, "area_m2": 21333.580494180136 }, "geometry": { "type": "Polygon", "coordinates": [ [ [ 116.33875, 39.94975 ], [ 116.34025, 39.94975 ], [ 116.34025, 39.95125 ], [ 116.33875, 39.95125 ], [ 116.33875, 39.94975 ] ] ] } },
{ "type": "Feature", "properties": { "place_id": 621, "height_m": 9.0, "area_m2": 21332.0453554829 }, "geometry": { "type": "Polygon", "coordinates": [ [ [ 116.33875, 39.95475 ], [ 116.34025, 39.95475 ], [ 116.34025, 39.95625 ], [ 116.33875, 39.95625 ], [ 116.33875, 39.95475 ] ] ] } },
{ "type": "Feature", "properties": { "place_id": 622, "height_m": 9.0, "area_m2": 21330.510052119538 }, "geometry": { "type": "Polygon", "coordinates": [ [ [ 116.33875, 39.95975 ], [ 116.34025, 39.95975 ], [ 116.34025, 39.96125 ], [ 116.33875, 39.96125 ], [ 116.33875, 39.95975 ] ] ] } },
{ "type": "Feature", "properties": { "place_id": 623, "height_m": 9.0, "area_m2": 21328.974582961386 }, "geometry": { "type": "Polygon", "coordinates": [ [ [ 116.33875, 39.96475 ], [ 116.34025, 39.96475 ], [ 116.34025, 39.96625 ], [ 116.33875, 39.96625 ], [ 116.33875, 39.96475 ] ] ] } },
{ "type": "Feature", "properties": { "place_id": 624, "height_m": 9.0, "area_m2": 21364.223213657351 }, "geometry": { "type": "Polygon", "coordinates": [ [ [ 116.34375, 39.84975 ], [ 116.34525, 39.84975 ], [ 116.34525, 39.85125 ], [ 116.34375, 39.85125 ], [ 116.34375, 39.84975 ] ] ] } },
{ "type": "Feature", "properties": { "place_id": 625, "height_m": 9.0, "area_m2": 21362.691387091814 }, "geometry": { "type": "Polygon", "coordinates": [ [ [ 116.34375, 39.85475 ], [ 116.34525, 39.85475 ], [ 116.34525, 39.85625 ], [ 116.34375, 39.85625 ], [ 116.34375, 39.85475 ] ] ] } },
{ "type": "Feature", "properties": { "place_id": 626, "height_m": 9.0, "area_m2": 21361.159395219132 }, "geometry": { "type": "Polygon", "coordinates": [ [ [ 116.34375, 39.85975 ], [ 116.34525, 39.85975 ], [ 116.34525, 39.86125 ], [ 116.34375, 39.86125 ], [ 116.34375, 39.85975 ] ] ] } },
{ "type": "Feature", "properties": { "place_id": 627, "height_m": 9.0, "area_m2": 21359.627238040233 }, "geometry": { "type": "Polygon", "coordinates": [ [ [ 116.34375, 39.86475 ], [ 116.34525, 39.86475 ], [ 116.34525, 39.86625 ], [ 116.34375, 39.86625 ], [ 116.34375, 39.86475 ] ] ] } },
{ "type": "Feature", "properties": { "place_id": 628, "height_m": 9.0, "area_m2": 21358.09491532149 }, "geometry": { "type": "Polygon", "coordinates": [ [ [ 116.34375, 39.86975 ], [ 116.34525, 39.86975 ], [ 116.34525, 39.87125 ], [ 116.34375, 39.87125 ], [ 116.34375, 39.86975 ] ] ] } },
{ "type": "Feature", "properties": { "place_id": 629, "height_m": 9.0, "area_m2": 21356.562427286899 }, "geometry": { "type": "Polygon", "coordinates": [ [ [ 116.34375, 39.87475 ], [ 116.34525, 39.87475 ], [ 116.34525, 39.87625 ], [ 116.34375, 39.87625 ], [ 116.34375, 39.87475 ] ] ] } },
{ "type": "Feature", "properties": { "place_id": 630, "height_m": 9.0, "area_m2": 21355.029773680199 }, "geometry": { "type": "Polygon", "coordinates": [ [ [ 116.34375, 39.87975 ], [ 116.34525, 39.87975 ], [ 116.34525, 39.88125 ], [ 116.34375, 39.88125 ], [ 116.34375, 39.87975 ] ] ] } },
{ "type": "Feature", "properties": { "place_id": 631, "height_m": 9.0, "area_m2": 21353.496954874794 }, "geometry": { "type": "Polygon", "coordinates": [ [ [ 116.34375, 39.88475 ], [ 116.34525, 39.88475 ], [ 116.34525, 39.88625 ], [ 116.34375, 39.88625 ], [ 116.34375, 39.88475 ] ] ] } },
{ "type": "Feature", "properties": { "place_id": 632, "height_m": 9.0, "area_m2": 21351.963970461293 }, "geometry": { "type": "Polygon", "coordinates": [ [ [ 116.34375, 39.88975 ], [ 116.34525, 39.88975 ], [ 116.34525, 39.89125 ], [ 116.34375, 39.89125 ], [ 116.34375, 39.88975 ] ] ] } },
{ "type": "Feature", "properties": { "place_id": 633, "height_m": 9.0, "area_m2": 21350.430821050839 }, "geometry": { "type": "Polygon", "coordinates": [ [ [ 116.34375, 39.89475 ], [ 116.34525, 39.89475 ], [ 116.34525, 39.89625 ], [ 116.34375, 39.89625 ], [ 116.34375, 39.89475 ] ] ] } },
{ "type": "Feature", "properties": { "place_id": 634, "height_m": 9.0, "area_m2": 21348.897506190333 }, "geometry": { "type": "Polygon", "coordinates": [ [ [ 116.34375, 39.89975 ], [ 116.34525, 39.89975 ], [ 116.34525, 39.90125 ], [ 116.34375, 39.90125 ], [ 116.34375, 39.89975 ] ] ] } },
{ "type": "Feature", "properties": { "place_id": 635, "height_m": 9.0, "area_m2": 21347.364025863761 }, "geometry": { "type": "Polygon", "coordinates": [ [ [ 116.34375, 39.90475 ], [ 116.34525, 39.90475 ], [ 116.34525, 39.90625 ], [ 116.34375, 39.90625 ], [ 116.34375, 39.90475 ] ] ] } },
{ "type": "Feature", "properties": { "place_id": 636, "height_m": 9.0, "area_m2": 21345.830380407187 }, "geometry": { "type": "Polygon", "coordinates": [ [ [ 116.34375, 39.90975 ], [ 116.34525, 39.90975 ], [ 116.34525, 39.91125 ], [ 116.34375, 39.91125 ], [ 116.34375, 39.90975 ] ] ] } },
{ "type": "Feature", "properties": { "place_id": 637, "height_m": 9.0, "area_m2": 21344.296569395334 }, "geometry": { "type": "Polygon", "coordinates": [ [ [ 116.34375, 39.91475 ], [ 116.34525, 39.91475 ], [ 116.34525, 39.91625 ], [ 116.34375, 39.91625 ], [ 116.34375, 39.91475 ] ] ] } },
{ "type": "Feature", "properties": { "place_id": 638, "height_m": 9.0, "area_m2": 21342.762593260893 }, "geometry": { "type": "Polygon", "coordinates": [ [ [ 116.34375, 39.91975 ], [ 116.34525, 39.91975 ], [ 116.34525, 39.92125 ], [ 116.34375, 39.92125 ], [ 116.34375, 39.91975 ] ] ] } },
{ "type": "Feature", "properties": { "place_id": 639, "height_m": 9.0, "area_m2": 21341.228451899588 }, "geometry": { "type": "Polygon", "coordinates": [ [ [ 116.34375, 39.92475 ], [ 116.34525, 39.92475 ], [ 116.34525, 39.92625 ], [ 116.34375, 39.92625 ], [ 116.34375, 39.92475 ] ] ] } },
{ "type": "Feature", "properties": { "place_id": 640, "height_m": 9.0, "area_m2": 21339.69414509003 }, "geometry": { "type": "Polygon", "coordinates": [ [ [ 116.34375, 39.92975 ], [ 116.34525, 39.92975 ], [ 116.34525, 39.93125 ], [ 116.34375, 39.93125 ], [ 116.34375, 39.92975 ] ] ] } },
{ "type": "Feature", "properties": { "place_id": 641, "height_m": 9.0, "area_m2": 21338.159673071874 }, "geometry": { "type": "Polygon", "coordinates": [ [ [ 116.34375, 39.93475 ], [ 116.34525, 39.93475 ], [ 116.34525, 39.93625 ], [ 116.34375, 39.93625 ], [ 116.34375, 39.93475 ] ] ] } },
{ "type": "Feature", "properties": { "place_id": 642, "height_m": 9.0, "area_m2": 21336.625035730071 }, "geometry": { "type": "Polygon", "coordinates": [ [ [ 116.34375, 39.93975 ], [ 116.34525, 39.93975 ], [ 116.34525, 39.94125 ], [ 116.34375, 39.94125 ], [ 116.34375, 39.93975 ] ] ] } },
{ "type": "Feature", "properties": { "place_id": 643, "height_m": 9.0, "area_m2": 21335.09023326894 }, "geometry": { "type": "Polygon", "coordinates": [ [ [ 116.34375, 39.94475 ], [ 116.34525, 39.94475 ], [ 116.34525, 39.94625 ], [ 116.34375, 39.94625 ], [ 116.34375, 39.94475 ] ] ] } },
{ "type": "Feature", "properties": { "place_id": 644, "height_m": 9.0, "area_m2": 21333.555265627776 }, "geometry": { "type": "Polygon", "coordinates": [ [ [ 116.34375, 39.94975 ], [ 116.34525, 39.94975 ], [ 116.34525, 39.95125 ], [ 116.34375, 39.95125 ], [ 116.34375, 39.94975 ] ] ] } },
{ "type": "Feature", "properties": { "place_id": 645, "height_m": 9.0, "area_m2": 21332.020132470963 }, "geometry": { "type": "Polygon", "coordinates": [ [ [ 116.34375, 39.95475 ], [ 116.34525, 39.95475 ], [ 116.34525, 39.95625 ], [ 116.34375, 39.95625 ], [ 116.34375, 39.95475 ] ] ] } },
{ "type": "Feature", "properties": { "place_id": 646, "height_m": 9.0, "area_m2": 21330.484834459759 }, "geometry": { "type": "Polygon", "coordinates": [ [ [ 116.34375, 39.95975 ], [ 116.34525, 39.95975 ], [ 116.34525, 39.96125 ], [ 116.34375, 39.96125 ], [ 116.34375, 39.95975 ] ] ] } },
{ "type": "Feature", "properties": { "place_id": 647, "height_m": 9.0, "area_m2": 21328.949370769198 }, "geometry": { "type": "Polygon", "coordinates": [ [ [ 116.34375, 39.96475 ], [ 116.34525, 39.96475 ], [ 116.34525, 39.96625 ], [ 116.34375, 39.96625 ], [ 116.34375, 39.96475 ] ] ] } },
{ "type": "Feature", "properties": { "place_id": 648, "height_m": 9.0, "area_m2": 21364.198066910318 }, "geometry": { "type": "Polygon", "coordinates": [ [ [ 116.34875, 39.84975 ], [ 116.35025, 39.84975 ], [ 116.35025, 39.85125 ], [ 116.34875, 39.85125 ], [ 116.34875, 39.84975 ] ] ] } },
{ "type": "Feature", "properties": { "place_id": 649, "height_m": 9.0, "area_m2": 21362.666245753881 }, "geometry": { "type": "Polygon", "coordinates": [ [ [ 116.34875, 39.85475 ], [ 116.35025, 39.85475 ], [ 116.35025, 39.85625 ], [ 116.34875, 39.85625 ], [ 116.34875, 39.85475 ] ] ] } },
{ "type": "Feature", "properties": { "place_id": 650, "height_m": 9.0, "area_m2": 21361.134259462742 }, "geometry": { "type": "Polygon", "coordinates": [ [ [ 116.34875, 39.85975 ], [ 116.35025, 39.85975 ], [ 116.35025, 39.86125 ], [ 116.34875, 39.86125 ], [ 116.34875, 39.85975 ] ] ] } },
{ "type": "Feature", "properties": { "place_id": 651, "height_m": 9.0, "area_m2": 21359.602107750601 }, "geometry": { "type": "Polygon", "coordinates": [ [ [ 116.34875, 39.86475 ], [ 116.35025, 39.86475 ], [ 116.35025, 39.86625 ], [ 116.34875, 39.86625 ], [ 116.34875, 39.86475 ] ] ] } },
{ "type": "Feature", "properties": { "place_id": 652, "height_m": 9.0, "area_m2": 21358.069790510333 }, "geometry": { "type": "Polygon", "coordinates": [ [ [ 116.34875, 39.86975 ], [ 116.35025, 39.86975 ], [ 116.35025, 39.87125 ], [ 116.34875, 39.87125 ], [ 116.34875, 39.86975 ] ] ] } },
{ "type": "Feature", "properties": { "place_id": 653, "height_m": 9.0, "area_m2": 21356.537307868304 }, "geometry": { "type": "Polygon", "coordinates": [ [ [ 116.34875, 39.87475 ], [ 116.35025, 39.87475 ], [ 116.35025, 39.87625 ], [ 116.34875, 39.87625 ], [ 116.34875, 39.87475 ] ] ] } },
{ "type": "Feature", "properties": { "place_id": 654, "height_m": 9.0, "area_m2": 21355.004659729952 }, "geometry": { "type": "Polygon", "coordinates": [ [ [ 116.34875, 39.87975 ], [ 116.35025, 39.87975 ], [ 116.35025, 39.88125 ], [ 116.34875, 39.88125 ], [ 116.34875, 39.87975 ] ] ] } },
{ "type": "Feature", "properties": { "place_id": 655, "height_m": 9.0, "area_m2": 21353.471846442186 }, "geometry": { "type": "Polygon", "coordinates": [ [ [ 116.34875, 39.88475 ], [ 116.35025, 39.88475 ], [ 116.35025, 39.88625 ], [ 116.34875, 39.88625 ], [ 116.34875, 39.88475 ] ] ] } },
{ "type": "Feature", "properties": { "place_id": 656, "height_m": 9.0, "area_m2": 21351.938867506258 }, "geometry": { "type": "Polygon", "coordinates": [ [ [ 116.34875, 39.88975 ], [ 116.35025, 39.88975 ], [ 116.35025, 39.89125 ], [ 116.34875, 39.89125 ], [ 116.34875, 39.88975 ] ] ] } },
{ "type": "Feature", "properties": { "place_id": 657, "height_m": 9.0, "area_m2": 21350.405723494627 }, "geometry": { "type": "Polygon", "coordinates": [ [ [ 116.34875, 39.89475 ], [ 116.35025, 39.89475 ], [ 116.35025, 39.89625 ], [ 116.34875, 39.89625 ], [ 116.34875, 39.89475 ] ] ] } },
{ "type": "Feature", "properties": { "place_id": 658, "height_m": 9.0, "area_m2": 21348.87241402689 }, "geometry": { "type": "Polygon", "coordinates": [ [ [ 116.34875, 39.89975 ], [ 116.35025, 39.89975 ], [ 116.35025, 39.90125 ], [ 116.34875, 39.90125 ], [ 116.34875, 39.89975 ] ] ] } },
{ "type": "Feature", "properties": { "place_id": 659, "height_m": 9.0, "area_m2": 21347.338939412311 }, "geometry": { "type": "Polygon", "coordinates": [ [ [ 116.34875, 39.90475 ], [ 116.35025, 39.90475 ], [ 116.35025, 39.90625 ], [ 116.34875, 39.90625 ], [ 116.34875, 39.90475 ] ] ] } },
{ "type": "Feature", "properties": { "place_id": 660, "height_m": 9.0, "area_m2": 21345.80529923573 }, "geometry": { "type": "Polygon", "coordinates": [ [ [ 116.34875, 39.90975 ], [ 116.35025, 39.90975 ], [ 116.35025, 39.91125 ], [ 116.34875, 39.91125 ], [ 116.34875, 39.90975 ] ] ] } },
{ "type": "Feature", "properties": { "place_id": 661, "height_m": 9.0, "area_m2": 21344.271493864406 }, "geometry": { "type": "Polygon", "coordinates": [ [ [ 116.34875, 39.91475 ], [ 116.35025, 39.91475 ], [ 116.35025, 39.91625 ], [ 116.34875, 39.91625 ], [ 116.34875, 39.91475 ] ] ] } },
{ "type": "Feature", "properties": { "place_id": 662, "height_m": 9.0, "area_m2": 21342.737523193999 }, "geometry": { "type": "Polygon", "coordinates": [ [ [ 116.34875, 39.91975 ], [ 116.35025, 39.91975 ], [ 116.35025, 39.92125 ], [ 116.34875, 39.92125 ], [ 116.34875, 39.91975 ] ] ] } },
{ "type": "Feature", "properties": { "place_id": 663, "height_m": 9.0, "area_m2": 21341.203387351947 }, "geometry": { "type": "Polygon", "coordinates": [ [ [ 116.34875, 39.92475 ], [ 116.35025, 39.92475 ], [ 116.35025, 39.92625 ], [ 116.34875, 39.92625 ], [ 116.34875, 39.92475 ] ] ] } },
{ "type": "Feature", "properties": { "place_id": 664, "height_m": 9.0, "area_m2": 21339.669086055441 }, "geometry": { "type": "Polygon", "coordinates": [ [ [ 116.34875, 39.92975 ], [ 116.35025, 39.92975 ], [ 116.35025, 39.93125 ], [ 116.34875, 39.93125 ], [ 116.34875, 39.92975 ] ] ] } },
{ "type": "Feature", "properties": { "place_id": 665, "height_m": 9.0, "area_m2": 21338.134619435572 }, "geometry": { "type": "Polygon", "coordinates": [ [ [ 116.34875, 39.93475 ], [ 116.35025, 39.93475 ], [ 116.35025, 39.93625 ], [ 116.34875, 39.93625 ], [ 116.34875, 39.93475 ] ] ] } },
{ "type": "Feature", "properties": { "place_id": 666, "height_m": 9.0, "area_m2": 21336.599987553222 }, "geometry": { "type": "Polygon", "coordinates": [ [ [ 116.34875, 39.93975 ], [ 116.35025, 39.93975 ], [ 116.35025, 39.94125 ], [ 116.34875, 39.94125 ], [ 116.34875, 39.93975 ] ] ] } },
{ "type": "Feature", "properties": { "place_id": 667, "height_m": 9.0, "area_m2": 21335.065190615289 }, "geometry": { "type": "Polygon", "coordinates": [ [ [ 116.34875, 39.94475 ], [ 116.35025, 39.94475 ], [ 116.35025, 39.94625 ], [ 116.34875, 39.94625 ], [ 116.34875, 39.94475 ] ] ] } },
{ "type": "Feature", "properties": { "place_id": 668, "height_m": 9.0, "area_m2": 21333.530228435717 }, "geometry": { "type": "Polygon", "coordinates": [ [ [ 116.34875, 39.94975 ], [ 116.35025, 39.94975 ], [ 116.35025, 39.95125 ], [ 116.34875, 39.95125 ], [ 116.34875, 39.94975 ] ] ] } },
{ "type": "Feature", "properties": { "place_id": 669, "height_m": 9.0, "area_m2": 21331.995100739998 }, "geometry": { "type": "Polygon", "coordinates": [ [ [ 116.34875, 39.95475 ], [ 116.35025, 39.95475 ], [ 116.35025, 39.95625 ], [ 116.34875, 39.95625 ], [ 116.34875, 39.95475 ] ] ] } },
{ "type": "Feature", "properties": { "place_id": 670, "height_m": 9.0, "area_m2": 21330.459808186326 }, "geometry": { "type": "Polygon", "coordinates": [ [ [ 116.34875, 39.95975 ], [ 116.35025, 39.95975 ], [ 116.35025, 39.96125 ], [ 116.34875, 39.96125 ], [ 116.34875, 39.95975 ] ] ] } },
{ "type": "Feature", "properties": { "place_id": 671, "height_m": 9.0, "area_m2": 21328.924350019177 }, "geometry": { "type": "Polygon", "coordinates": [ [ [ 116.34875, 39.96475 ], [ 116.35025, 39.96475 ], [ 116.35025, 39.96625 ], [ 116.34875, 39.96625 ], [ 116.34875, 39.96475 ] ] ] } },
{ "type": "Feature", "properties": { "place_id": 672, "height_m": 9.0, "area_m2": 21364.173113309709 }, "geometry": { "type": "Polygon", "coordinates": [ [ [ 116.35375, 39.84975 ], [ 116.35525, 39.84975 ], [ 116.35525, 39.85125 ], [ 116.35375, 39.85125 ], [ 116.35375, 39.84975 ] ] ] } },
{ "type": "Feature", "properties": { "place_id": 673, "height_m": 9.0, "area_m2": 21362.641297661925 }, "geometry": { "type": "Polygon", "coordinates": [ [ [ 116.35375, 39.85475 ], [ 116.35525, 39.85475 ], [ 116.35525, 39.85625 ], [ 116.35375, 39.85625 ], [ 116.35375, 39.85475 ] ] ] } },
{ "type": "Feature", "properties": { "place_id": 674, "height_m": 9.0, "area_m2": 21361.109316874485 }, "geometry": { "type": "Polygon", "coordinates": [ [ [ 116.35375, 39.85975 ], [ 116.35525, 39.85975 ], [ 116.35525, 39.86125 ], [ 116.35375, 39.86125 ], [ 116.35375, 39.85975 ] ] ] } },
{ "type": "Feature", "properties": { "place_id": 675, "height_m": 9.0, "area_m2": 21359.577170503802 }, "geometry": { "type": "Polygon", "coordinates": [ [ [ 116.35375, 39.86475 ], [ 116.35525, 39.86475 ], [ 116.35525, 39.86625 ], [ 116.35375, 39.86625 ], [ 116.35375, 39.86475 ] ] ] } },
{ "type": "Feature", "properties": { "place_id": 676, "height_m": 9.0, "area_m2": 21358.044858644622 }, "geometry": { "type": "Polygon", "coordinates": [ [ [ 116.35375, 39.86975 ], [ 116.35525, 39.86975 ], [ 116.35525, 39.87125 ], [ 116.35375, 39.87125 ], [ 116.35375, 39.86975 ] ] ] } },
{ "type": "Feature", "properties": { "place_id": 677, "height_m": 9.0, "area_m2": 21356.512381521199 }, "geometry": { "type": "Polygon", "coordinates": [ [ [ 116.35375, 39.87475 ], [ 116.35525, 39.87475 ], [ 116.35525, 39.87625 ], [ 116.35375, 39.87625 ], [ 116.35375, 39.87475 ] ] ] } },
{ "type": "Feature", "properties": { "place_id": 678, "height_m": 9.0, "area_m2": 21354.979738942158 }, "geometry": { "type": "Polygon", "coordinates": [ [ [ 116.35375, 39.87975 ], [ 116.35525, 39.87975 ], [ 116.35525, 39.88125 ], [ 116.35375, 39.88125 ], [ 116.35375, 39.87975 ] ] ] } },
{ "type": "Feature", "properties": { "place_id": 679, "height_m": 9.0, "area_m2": 21353.44693104937 }, "geometry": { "type": "Polygon", "coordinates": [ [ [ 116.35375, 39.88475 ], [ 116.35525, 39.88475 ], [ 116.35525, 39.88625 ], [ 116.35375, 39.88625 ], [ 116.35375, 39.88475 ] ] ] } },
{ "type": "Feature", "properties": { "place_id": 680, "height_m": 9.0, "area_m2": 21351.913957498571 }, "geometry": { "type": "Polygon", "coordinates": [ [ [ 116.35375, 39.88975 ], [ 116.35525, 39.88975 ], [ 116.35525, 39.89125 ], [ 116.35375, 39.89125 ], [ 116.35375, 39.88975 ] ] ] } },
{ "type": "Feature", "properties": { "place_id": 681, "height_m": 9.0, "area_m2": 21350.380818942875 }, "geometry": { "type": "Polygon", "coordinates": [ [ [ 116.35375, 39.89475 ], [ 116.35525, 39.89475 ], [ 116.35525, 39.89625 ], [ 116.35375, 39.89625 ], [ 116.35375, 39.89475 ] ] ] } },
{ "type": "Feature", "properties": { "place_id": 682, "height_m": 9.0, "area_m2": 21348.847514924913 }, "geometry": { "type": "Polygon", "coordinates": [ [ [ 116.35375, 39.89975 ], [ 116.35525, 39.89975 ], [ 116.35525, 39.90125 ], [ 116.35375, 39.90125 ], [ 116.35375, 39.89975 ] ] ] } },
{ "type": "Feature", "properties": { "place_id": 683, "height_m": 9.0, "area_m2": 21347.314045691204 }, "geometry": { "type": "Polygon", "coordinates": [ [ [ 116.35375, 39.90475 ], [ 116.35525, 39.90475 ], [ 116.35525, 39.90625 ], [ 116.35375, 39.90625 ], [ 116.35375, 39.90475 ] ] ] } },
{ "type": "Feature", "properties": { "place_id": 684, "height_m": 9.0, "area_m2": 21345.780410960197 }, "geometry": { "type": "Polygon", "coordinates": [ [ [ 116.35375, 39.90975 ], [ 116.35525, 39.90975 ], [ 116.35525, 39.91125 ], [ 116.35375, 39.91125 ], [ 116.35375, 39.90975 ] ] ] } },
{ "type": "Feature", "properties": { "place_id": 685, "height_m": 9.0, "area_m2": 21344.246611049904 }, "geometry": { "type": "Polygon", "coordinates": [ [ [ 116.35375, 39.91475 ], [ 116.35525, 39.91475 ], [ 116.35525, 39.91625 ], [ 116.35375, 39.91625 ], [ 116.35375, 39.91475 ] ] ] } },
{ "type": "Feature", "properties": { "place_id": 686, "height_m": 9.0, "area_m2": 21342.71264587899 }, "geometry": { "type": "Polygon", "coordinates": [ [ [ 116.35375, 39.91975 ], [ 116.35525, 39.91975 ], [ 116.35525, 39.92125 ], [ 116.35375, 39.92125 ], [ 116.35375, 39.91975 ] ] ] } },
{ "type": "Feature", "properties": { "place_id": 687, "height_m": 9.0, "area_m2": 21341.178515244301 }, "geometry": { "type": "Polygon", "coordinates": [ [ [ 116.35375, 39.92475 ], [ 116.35525, 39.92475 ], [ 116.35525, 39.92625 ], [ 116.35375, 39.92625 ], [ 116.35375, 39.92475 ] ] ] } },
{ "type": "Feature", "properties": { "place_id": 688, "height_m": 9.0, "area_m2": 21339.644219586702 }, "geometry": { "type": "Polygon", "coordinates": [ [ [ 116.35375, 39.92975 ], [ 116.35525, 39.92975 ], [ 116.35525, 39.93125 ], [ 116.35375, 39.93125 ], [ 116.35375, 39.92975 ] ] ] } },
{ "type": "Feature", "properties": { "place_id": 689, "height_m": 9.0, "area_m2": 21338.1097583437 }, "geometry": { "type": "Polygon", "coordinates": [ [ [ 116.35375, 39.93475 ], [ 116.35525, 39.93475 ], [ 116.35525, 39.93625 ], [ 116.35375, 39.93625 ], [ 116.35375, 39.93475 ] ] ] } },
{ "type": "Feature", "properties": { "place_id": 690, "height_m": 9.0, "area_m2": 21336.575131974536 }, "geometry": { "type": "Polygon", "coordinates": [ [ [ 116.35375, 39.93975 ], [ 116.35525, 39.93975 ], [ 116.35525, 39.94125 ], [ 116.35375, 39.94125 ], [ 116.35375, 39.93975 ] ] ] } },
{ "type": "Feature", "properties": { "place_id": 691, "height_m": 9.0, "area_m2": 21335.040340363652 }, "geometry": { "type": "Polygon", "coordinates": [ [ [ 116.35375, 39.94475 ], [ 116.35525, 39.94475 ], [ 116.35525, 39.94625 ], [ 116.35375, 39.94625 ], [ 116.35375, 39.94475 ] ] ] } },
{ "type": "Feature", "properties": { "place_id": 692, "height_m": 9.0, "area_m2": 21333.505383680756 }, "geometry": { "type": "Polygon", "coordinates": [ [ [ 116.35375, 39.94975 ], [ 116.35525, 39.94975 ], [ 116.35525, 39.95125 ], [ 116.35375, 39.95125 ], [ 116.35375, 39.94975 ] ] ] } },
{ "type": "Feature", "properties": { "place_id": 693, "height_m": 9.0, "area_m2": 21331.970261250302 }, "geometry": { "type": "Polygon", "coordinates": [ [ [ 116.35375, 39.95475 ], [ 116.35525, 39.95475 ], [ 116.35525, 39.95625 ], [ 116.35375, 39.95625 ], [ 116.35375, 39.95475 ] ] ] } },
{ "type": "Feature", "properties": { "place_id": 694, "height_m": 9.0, "area_m2": 21330.434974263942 }, "geometry": { "type": "Polygon", "coordinates": [ [ [ 116.35375, 39.95975 ], [ 116.35525, 39.95975 ], [ 116.35525, 39.96125 ], [ 116.35375, 39.96125 ], [ 116.35375, 39.95975 ] ] ] } },
{ "type": "Feature", "properties": { "place_id": 695, "height_m": 9.0, "area_m2": 21328.899521651965 }, "geometry": { "type": "Polygon", "coordinates": [ [ [ 116.35375, 39.96475 ], [ 116.35525, 39.96475 ], [ 116.35525, 39.96625 ], [ 116.35375, 39.96625 ], [ 116.35375, 39.96475 ] ] ] } },
{ "type": "Feature", "properties": { "place_id": 696, "height_m": 9.0, "area_m2": 21364.148351681 }, "geometry": { "type": "Polygon", "coordinates": [ [ [ 116.35875, 39.84975 ], [ 116.36025, 39.84975 ], [ 116.36025, 39.85125 ], [ 116.35875, 39.85125 ], [ 116.35875, 39.84975 ] ] ] } },
{ "type": "Feature", "properties": { "place_id": 697, "height_m": 9.0, "area_m2": 21362.616541415529 }, "geometry": { "type": "Polygon", "coordinates": [ [ [ 116.35875, 39.85475 ], [ 116.36025, 39.85475 ], [ 116.36025, 39.85625 ], [ 116.35875, 39.85625 ], [ 116.35875, 39.85475 ] ] ] } },
{ "type": "Feature", "properties": { "place_id": 698, "height_m": 9.0, "area_m2": 21361.084566011345 }, "geometry": { "type": "Polygon", "coordinates": [ [ [ 116.35875, 39.85975 ], [ 116.36025, 39.85975 ], [ 116.36025, 39.86125 ], [ 116.35875, 39.86125 ], [ 116.35875, 39.85975 ] ] ] } },
{ "type": "Feature", "properties": { "place_id": 699, "height_m": 9.0, "area_m2": 21359.552425063441 }, "geometry": { "type": "Polygon", "coordinates": [ [ [ 116.35875, 39.86475 ], [ 116.36025, 39.86475 ], [ 116.36025, 39.86625 ], [ 116.35875, 39.86625 ], [ 116.35875, 39.86475 ] ] ] } },
{ "type": "Feature", "properties": { "place_id": 700, "height_m": 9.0, "area_m2": 21358.020118659639 }, "geometry": { "type": "Polygon", "coordinates": [ [ [ 116.35875, 39.86975 ], [ 116.36025, 39.86975 ], [ 116.36025, 39.87125 ], [ 116.35875, 39.87125 ], [ 116.35875, 39.86975 ] ] ] } },
{ "type": "Feature", "properties": { "place_id": 701, "height_m": 9.0, "area_m2": 21356.487646894599 }, "geometry": { "type": "Polygon", "coordinates": [ [ [ 116.35875, 39.87475 ], [ 116.36025, 39.87475 ], [ 116.36025, 39.87625 ], [ 116.35875, 39.87625 ], [ 116.35875, 39.87475 ] ] ] } },
{ "type": "Feature", "properties": { "place_id": 702, "height_m": 9.0, "area_m2": 21354.955009697918 }, "geometry": { "type": "Polygon", "coordinates": [ [ [ 116.35875, 39.87975 ], [ 116.36025, 39.87975 ], [ 116.36025, 39.88125 ], [ 116.35875, 39.88125 ], [ 116.35875, 39.87975 ] ] ] } },
{ "type": "Feature", "properties": { "place_id": 703, "height_m": 9.0, "area_m2": 21353.422207123291 }, "geometry": { "type": "Polygon", "coordinates": [ [ [ 116.35875, 39.88475 ], [ 116.36025, 39.88475 ], [ 116.36025, 39.88625 ], [ 116.35875, 39.88625 ], [ 116.35875, 39.88475 ] ] ] } },
{ "type": "Feature", "properties": { "place_id": 704, "height_m": 9.0, "area_m2": 21351.889239004999 }, "geometry": { "type": "Polygon", "coordinates": [ [ [ 116.35875, 39.88975 ], [ 116.36025, 39.88975 ], [ 116.36025, 39.89125 ], [ 116.35875, 39.89125 ], [ 116.35875, 39.88975 ] ] ] } },
{ "type": "Feature", "properties": { "place_id": 705, "height_m": 9.0, "area_m2": 21350.356105891326 }, "geometry": { "type": "Polygon", "coordinates": [ [ [ 116.35875, 39.89475 ], [ 116.36025, 39.89475 ], [ 116.36025, 39.89625 ], [ 116.35875, 39.89625 ], [ 116.35875, 39.89475 ] ] ] } },
{ "type": "Feature", "properties": { "place_id": 706, "height_m": 9.0, "area_m2": 21348.822807301764 }, "geometry": { "type": "Polygon", "coordinates": [ [ [ 116.35875, 39.89975 ], [ 116.36025, 39.89975 ], [ 116.36025, 39.90125 ], [ 116.35875, 39.90125 ], [ 116.35875, 39.89975 ] ] ] } },
{ "type": "Feature", "properties": { "place_id": 707, "height_m": 9.0, "area_m2": 21347.289343393859 }, "geometry": { "type": "Polygon", "coordinates": [ [ [ 116.35875, 39.90475 ], [ 116.36025, 39.90475 ], [ 116.36025, 39.90625 ], [ 116.35875, 39.90625 ], [ 116.35875, 39.90475 ] ] ] } },
{ "type": "Feature", "properties": { "place_id": 708, "height_m": 9.0, "area_m2": 21345.755713966522 }, "geometry": { "type": "Polygon", "coordinates": [ [ [ 116.35875, 39.90975 ], [ 116.36025, 39.90975 ], [ 116.36025, 39.91125 ], [ 116.35875, 39.91125 ], [ 116.35875, 39.90975 ] ] ] } },
{ "type": "Feature", "properties": { "place_id": 709, "height_m": 9.0, "area_m2": 21344.221919482901 }, "geometry": { "type": "Polygon", "coordinates": [ [ [ 116.35875, 39.91475 ], [ 116.36025, 39.91475 ], [ 116.36025, 39.91625 ], [ 116.35875, 39.91625 ], [ 116.35875, 39.91475 ] ] ] } },
{ "type": "Feature", "properties": { "place_id": 710, "height_m": 9.0, "area_m2": 21342.687959577754 }, "geometry": { "type": "Polygon", "coordinates": [ [ [ 116.35875, 39.91975 ], [ 116.36025, 39.91975 ], [ 116.36025, 39.92125 ], [ 116.35875, 39.92125 ], [ 116.35875, 39.91975 ] ] ] } },
{ "type": "Feature", "properties": { "place_id": 711, "height_m": 9.0, "area_m2": 21341.153834618741 }, "geometry": { "type": "Polygon", "coordinates": [ [ [ 116.35875, 39.92475 ], [ 116.36025, 39.92475 ], [ 116.36025, 39.92625 ], [ 116.35875, 39.92625 ], [ 116.35875, 39.92475 ] ] ] } },
{ "type": "Feature", "properties": { "place_id": 712, "height_m": 9.0, "area_m2": 21339.619544085497 }, "geometry": { "type": "Polygon", "coordinates": [ [ [ 116.35875, 39.92975 ], [ 116.36025, 39.92975 ], [ 116.36025, 39.93125 ], [ 116.35875, 39.93125 ], [ 116.35875, 39.92975 ] ] ] } },
{ "type": "Feature", "properties": { "place_id": 713, "height_m": 9.0, "area_m2": 21338.085088458665 }, "geometry": { "type": "Polygon", "coordinates": [ [ [ 116.35875, 39.93475 ], [ 116.36025, 39.93475 ], [ 116.36025, 39.93625 ], [ 116.35875, 39.93625 ], [ 116.35875, 39.93475 ] ] ] } },
{ "type": "Feature", "properties": { "place_id": 714, "height_m": 9.0, "area_m2": 21336.550467339865 }, "geometry": { "type": "Polygon", "coordinates": [ [ [ 116.35875, 39.93975 ], [ 116.36025, 39.93975 ], [ 116.36025, 39.94125 ], [ 116.35875, 39.94125 ], [ 116.35875, 39.93975 ] ] ] } },
{ "type": "Feature", "properties": { "place_id": 715, "height_m": 9.0, "area_m2": 21335.01568114683 }, "geometry": { "type": "Polygon", "coordinates": [ [ [ 116.35875, 39.94475 ], [ 116.36025, 39.94475 ], [ 116.36025, 39.94625 ], [ 116.35875, 39.94625 ], [ 116.35875, 39.94475 ] ] ] } },
{ "type": "Feature", "properties": { "place_id": 716, "height_m": 9.0, "area_m2": 21333.480729796178 }, "geometry": { "type": "Polygon", "coordinates": [ [ [ 116.35875, 39.94975 ], [ 116.36025, 39.94975 ], [ 116.36025, 39.95125 ], [ 116.35875, 39.95125 ], [ 116.35875, 39.94975 ] ] ] } },
{ "type": "Feature", "properties": { "place_id": 717, "height_m": 9.0, "area_m2": 21331.945613087981 }, "geometry": { "type": "Polygon", "coordinates": [ [ [ 116.35875, 39.95475 ], [ 116.36025, 39.95475 ], [ 116.36025, 39.95625 ], [ 116.35875, 39.95625 ], [ 116.35875, 39.95475 ] ] ] } },
{ "type": "Feature", "properties": { "place_id": 718, "height_m": 9.0, "area_m2": 21330.410331351151 }, "geometry": { "type": "Polygon", "coordinates": [ [ [ 116.35875, 39.95975 ], [ 116.36025, 39.95975 ], [ 116.36025, 39.96125 ], [ 116.35875, 39.96125 ], [ 116.35875, 39.95975 ] ] ] } },
{ "type": "Feature", "properties": { "place_id": 719, "height_m": 9.0, "area_m2": 21328.874884057364 }, "geometry": { "type": "Polygon", "coordinates": [ [ [ 116.35875, 39.96475 ], [ 116.36025, 39.96475 ], [ 116.36025, 39.96625 ], [ 116.35875, 39.96625 ], [ 116.35875, 39.96475 ] ] ] } },
{ "type": "Feature", "properties": { "place_id": 720, "height_m": 9.0, "area_m2": 21364.123782952425 }, "geometry": { "type": "Polygon", "coordinates": [ [ [ 116.36375, 39.84975 ], [ 116.36525, 39.84975 ], [ 116.36525, 39.85125 ], [ 116.36375, 39.85125 ], [ 116.36375, 39.84975 ] ] ] } },
{ "type": "Feature", "properties": { "place_id": 721, "height_m": 9.0, "area_m2": 21362.591978041924 }, "geometry": { "type": "Polygon", "coordinates": [ [ [ 116.36375, 39.85475 ], [ 116.36525, 39.85475 ], [ 116.36525, 39.85625 ], [ 116.36375, 39.85625 ], [ 116.36375, 39.85475 ] ] ] } },
{ "type": "Feature", "properties": { "place_id": 722, "height_m": 9.0, "area_m2": 21361.060008002121 }, "geometry": { "type": "Polygon", "coordinates": [ [ [ 116.36375, 39.85975 ], [ 116.36525, 39.85975 ], [ 116.36525, 39.86125 ], [ 116.36375, 39.86125 ], [ 116.36375, 39.85975 ] ] ] } },
{ "type": "Feature", "properties": { "place_id": 723, "height_m": 9.0, "area_m2": 21359.52787248731 }, "geometry": { "type": "Polygon", "coordinates": [ [ [ 116.36375, 39.86475 ], [ 116.36525, 39.86475 ], [ 116.36525, 39.86625 ], [ 116.36375, 39.86625 ], [ 116.36375, 39.86475 ] ] ] } },
{ "type": "Feature", "properties": { "place_id": 724, "height_m": 9.0, "area_m2": 21357.995571253225 }, "geometry": { "type": "Polygon", "coordinates": [ [ [ 116.36375, 39.86975 ], [ 116.36525, 39.86975 ], [ 116.36525, 39.87125 ], [ 116.36375, 39.87125 ], [ 116.36375, 39.86975 ] ] ] } },
{ "type": "Feature", "properties": { "place_id": 725, "height_m": 9.0, "area_m2": 21356.463104924202 }, "geometry": { "type": "Polygon", "coordinates": [ [ [ 116.36375, 39.87475 ], [ 116.36525, 39.87475 ], [ 116.36525, 39.87625 ], [ 116.36375, 39.87625 ], [ 116.36375, 39.87475 ] ] ] } },
{ "type": "Feature", "properties": { "place_id": 726, "height_m": 9.0, "area_m2": 21354.930473091019 }, "geometry": { "type": "Polygon", "coordinates": [ [ [ 116.36375, 39.87975 ], [ 116.36525, 39.87975 ], [ 116.36525, 39.88125 ], [ 116.36375, 39.88125 ], [ 116.36375, 39.87975 ] ] ] } },
{ "type": "Feature", "properties": { "place_id": 727, "height_m": 9.0, "area_m2": 21353.397675930355 }, "geometry": { "type": "Polygon", "coordinates": [ [ [ 116.36375, 39.88475 ], [ 116.36525, 39.88475 ], [ 116.36525, 39.88625 ], [ 116.36375, 39.88625 ], [ 116.36375, 39.88475 ] ] ] } },
{ "type": "Feature", "properties": { "place_id": 728, "height_m": 9.0, "area_m2": 21351.864713048297 }, "geometry": { "type": "Polygon", "coordinates": [ [ [ 116.36375, 39.88975 ], [ 116.36525, 39.88975 ], [ 116.36525, 39.89125 ], [ 116.36375, 39.89125 ], [ 116.36375, 39.88975 ] ] ] } },
{ "type": "Feature", "properties": { "place_id": 729, "height_m": 9.0, "area_m2": 21350.331585354103 }, "geometry": { "type": "Polygon", "coordinates": [ [ [ 116.36375, 39.89475 ], [ 116.36525, 39.89475 ], [ 116.36525, 39.89625 ], [ 116.36375, 39.89625 ], [ 116.36375, 39.89475 ] ] ] } },
{ "type": "Feature", "properties": { "place_id": 730, "height_m": 9.0, "area_m2": 21348.798292134288 }, "geometry": { "type": "Polygon", "coordinates": [ [ [ 116.36375, 39.89975 ], [ 116.36525, 39.89975 ], [ 116.36525, 39.90125 ], [ 116.36375, 39.90125 ], [ 116.36375, 39.89975 ] ] ] } },
{ "type": "Feature", "properties": { "place_id": 731, "height_m": 9.0, "area_m2": 21347.264833582507 }, "geometry": { "type": "Polygon", "coordinates": [ [ [ 116.36375, 39.90475 ], [ 116.36525, 39.90475 ], [ 116.36525, 39.90625 ], [ 116.36375, 39.90625 ], [ 116.36375, 39.90475 ] ] ] } },
{ "type": "Feature", "properties": { "place_id": 732, "height_m": 9.0, "area_m2": 21345.73120952944 }, "geometry": { "type": "Polygon", "coordinates": [ [ [ 116.36375, 39.90975 ], [ 116.36525, 39.90975 ], [ 116.36525, 39.91125 ], [ 116.36375, 39.91125 ], [ 116.36375, 39.90975 ] ] ] } },
{ "type": "Feature", "properties": { "place_id": 733, "height_m": 9.0, "area_m2": 21344.197420456865 }, "geometry": { "type": "Polygon", "coordinates": [ [ [ 116.36375, 39.91475 ], [ 116.36525, 39.91475 ], [ 116.36525, 39.91625 ], [ 116.36375, 39.91625 ], [ 116.36375, 39.91475 ] ] ] } },
{ "type": "Feature", "properties": { "place_id": 734, "height_m": 9.0, "area_m2": 21342.663465970105 }, "geometry": { "type": "Polygon", "coordinates": [ [ [ 116.36375, 39.91975 ], [ 116.36525, 39.91975 ], [ 116.36525, 39.92125 ], [ 116.36375, 39.92125 ], [ 116.36375, 39.91975 ] ] ] } },
{ "type": "Feature", "properties": { "place_id": 735, "height_m": 9.0, "area_m2": 21341.129346242171 }, "geometry": { "type": "Polygon", "coordinates": [ [ [ 116.36375, 39.92475 ], [ 116.36525, 39.92475 ], [ 116.36525, 39.92625 ], [ 116.36375, 39.92625 ], [ 116.36375, 39.92475 ] ] ] } },
{ "type": "Feature", "properties": { "place_id": 736, "height_m": 9.0, "area_m2": 21339.595061132859 }, "geometry": { "type": "Polygon", "coordinates": [ [ [ 116.36375, 39.92975 ], [ 116.36525, 39.92975 ], [ 116.36525, 39.93125 ], [ 116.36375, 39.93125 ], [ 116.36375, 39.92975 ] ] ] } },
{ "type": "Feature", "properties": { "place_id": 737, "height_m": 9.0, "area_m2": 21338.060610623244 }, "geometry": { "type": "Polygon", "coordinates": [ [ [ 116.36375, 39.93475 ], [ 116.36525, 39.93475 ], [ 116.36525, 39.93625 ], [ 116.36375, 39.93625 ], [ 116.36375, 39.93475 ] ] ] } },
{ "type": "Feature", "properties": { "place_id": 738, "height_m": 9.0, "area_m2": 21336.525994989264 }, "geometry": { "type": "Polygon", "coordinates": [ [ [ 116.36375, 39.93975 ], [ 116.36525, 39.93975 ], [ 116.36525, 39.94125 ], [ 116.36375, 39.94125 ], [ 116.36375, 39.93975 ] ] ] } },
{ "type": "Feature", "properties": { "place_id": 739, "height_m": 9.0, "area_m2": 21334.991214101246 }, "geometry": { "type": "Polygon", "coordinates": [ [ [ 116.36375, 39.94475 ], [ 116.36525, 39.94475 ], [ 116.36525, 39.94625 ], [ 116.36375, 39.94625 ], [ 116.36375, 39.94475 ] ] ] } },
{ "type": "Feature", "properties": { "place_id": 740, "height_m": 9.0, "area_m2": 21333.456268158669 }, "geometry": { "type": "Polygon", "coordinates": [ [ [ 116.36375, 39.94975 ], [ 116.36525, 39.94975 ], [ 116.36525, 39.95125 ], [ 116.36375, 39.95125 ], [ 116.36375, 39.94975 ] ] ] } },
{ "type": "Feature", "properties": { "place_id": 741, "height_m": 9.0, "area_m2": 21331.921156758817 }, "geometry": { "type": "Polygon", "coordinates": [ [ [ 116.36375, 39.95475 ], [ 116.36525, 39.95475 ], [ 116.36525, 39.95625 ], [ 116.36375, 39.95625 ], [ 116.36375, 39.95475 ] ] ] } },
{ "type": "Feature", "properties": { "place_id": 742, "height_m": 9.0, "area_m2": 21330.385880491376 }, "geometry": { "type": "Polygon", "coordinates": [ [ [ 116.36375, 39.95975 ], [ 116.36525, 39.95975 ], [ 116.36525, 39.96125 ], [ 116.36375, 39.96125 ], [ 116.36375, 39.95975 ] ] ] } },
{ "type": "Feature", "properties": { "place_id": 743, "height_m": 9.0, "area_m2": 21328.850438376048 }, "geometry": { "type": "Polygon", "coordinates": [ [ [ 116.36375, 39.96475 ], [ 116.36525, 39.96475 ], [ 116.36525, 39.96625 ], [ 116.36375, 39.96625 ], [ 116.36375, 39.96475 ] ] ] } },
{ "type": "Feature", "properties": { "place_id": 744, "height_m": 9.0, "area_m2": 21364.099407103811 }, "geometry": { "type": "Polygon", "coordinates": [ [ [ 116.36875, 39.84975 ], [ 116.37025, 39.84975 ], [ 116.37025, 39.85125 ], [ 116.36875, 39.85125 ], [ 116.36875, 39.84975 ] ] ] } },
{ "type": "Feature", "properties": { "place_id": 745, "height_m": 9.0, "area_m2": 21362.567607551056 }, "geometry": { "type": "Polygon", "coordinates": [ [ [ 116.36875, 39.85475 ], [ 116.37025, 39.85475 ], [ 116.37025, 39.85625 ], [ 116.36875, 39.85625 ], [ 116.36875, 39.85475 ] ] ] } },
{ "type": "Feature", "properties": { "place_id": 746, "height_m": 9.0, "area_m2": 21361.035642916089 }, "geometry": { "type": "Polygon", "coordinates": [ [ [ 116.36875, 39.85975 ], [ 116.37025, 39.85975 ], [ 116.37025, 39.86125 ], [ 116.36875, 39.86125 ], [ 116.36875, 39.85975 ] ] ] } },
{ "type": "Feature", "properties": { "place_id": 747, "height_m": 9.0, "area_m2": 21359.503512564293 }, "geometry": { "type": "Polygon", "coordinates": [ [ [ 116.36875, 39.86475 ], [ 116.37025, 39.86475 ], [ 116.37025, 39.86625 ], [ 116.36875, 39.86625 ], [ 116.36875, 39.86475 ] ] ] } },
{ "type": "Feature", "properties": { "place_id": 748, "height_m": 9.0, "area_m2": 21357.971216806818 }, "geometry": { "type": "Polygon", "coordinates": [ [ [ 116.36875, 39.86975 ], [ 116.37025, 39.86975 ], [ 116.37025, 39.87125 ], [ 116.36875, 39.87125 ], [ 116.36875, 39.86975 ] ] ] } },
{ "type": "Feature", "properties": { "place_id": 749, "height_m": 9.0, "area_m2": 21356.438755635507 }, "geometry": { "type": "Polygon", "coordinates": [ [ [ 116.36875, 39.87475 ], [ 116.37025, 39.87475 ], [ 116.37025, 39.87625 ], [ 116.36875, 39.87625 ], [ 116.36875, 39.87475 ] ] ] } },
{ "type": "Feature", "properties": { "place_id": 750, "height_m": 9.0, "area_m2": 21354.906129095019 }, "geometry": { "type": "Polygon", "coordinates": [ [ [ 116.36875, 39.87975 ], [ 116.37025, 39.87975 ], [ 116.37025, 39.88125 ], [ 116.36875, 39.88125 ], [ 116.36875, 39.87975 ] ] ] } },
{ "type": "Feature", "properties": { "place_id": 751, "height_m": 9.0, "area_m2": 21353.373337290875 }, "geometry": { "type": "Polygon", "coordinates": [ [ [ 116.36875, 39.88475 ], [ 116.37025, 39.88475 ], [ 116.37025, 39.88625 ], [ 116.36875, 39.88625 ], [ 116.36875, 39.88475 ] ] ] } },
{ "type": "Feature", "properties": { "place_id": 752, "height_m": 9.0, "area_m2": 21351.840379935024 }, "geometry": { "type": "Polygon", "coordinates": [ [ [ 116.36875, 39.88975 ], [ 116.37025, 39.88975 ], [ 116.37025, 39.89125 ], [ 116.36875, 39.89125 ], [ 116.36875, 39.88975 ] ] ] } },
{ "type": "Feature", "properties": { "place_id": 753, "height_m": 9.0, "area_m2": 21350.307257353154 }, "geometry": { "type": "Polygon", "coordinates": [ [ [ 116.36875, 39.89475 ], [ 116.37025, 39.89475 ], [ 116.37025, 39.89625 ], [ 116.36875, 39.89625 ], [ 116.36875, 39.89475 ] ] ] } },
{ "type": "Feature", "properties": { "place_id": 754, "height_m": 9.0, "area_m2": 21348.773969530059 }, "geometry": { "type": "Polygon", "coordinates": [ [ [ 116.36875, 39.89975 ], [ 116.37025, 39.89975 ], [ 116.37025, 39.90125 ], [ 116.36875, 39.90125 ], [ 116.36875, 39.89975 ] ] ] } },
{ "type": "Feature", "properties": { "place_id": 755, "height_m": 9.0, "area_m2": 21347.240516147878 }, "geometry": { "type": "Polygon", "coordinates": [ [ [ 116.36875, 39.90475 ], [ 116.37025, 39.90475 ], [ 116.37025, 39.90625 ], [ 116.36875, 39.90625 ], [ 116.36875, 39.90475 ] ] ] } },
{ "type": "Feature", "properties": { "place_id": 756, "height_m": 9.0, "area_m2": 21345.706897551285 }, "geometry": { "type": "Polygon", "coordinates": [ [ [ 116.36875, 39.90975 ], [ 116.37025, 39.90975 ], [ 116.37025, 39.91125 ], [ 116.36875, 39.91125 ], [ 116.36875, 39.90975 ] ] ] } },
{ "type": "Feature", "properties": { "place_id": 757, "height_m": 9.0, "area_m2": 21344.17311359728 }, "geometry": { "type": "Polygon", "coordinates": [ [ [ 116.36875, 39.91475 ], [ 116.37025, 39.91475 ], [ 116.37025, 39.91625 ], [ 116.36875, 39.91625 ], [ 116.36875, 39.91475 ] ] ] } },
{ "type": "Feature", "properties": { "place_id": 758, "height_m": 9.0, "area_m2": 21342.639164571465 }, "geometry": { "type": "Polygon", "coordinates": [ [ [ 116.36875, 39.91975 ], [ 116.37025, 39.91975 ], [ 116.37025, 39.92125 ], [ 116.36875, 39.92125 ], [ 116.36875, 39.91975 ] ] ] } },
{ "type": "Feature", "properties": { "place_id": 759, "height_m": 9.0, "area_m2": 21341.105050016078 }, "geometry": { "type": "Polygon", "coordinates": [ [ [ 116.36875, 39.92475 ], [ 116.37025, 39.92475 ], [ 116.37025, 39.92625 ], [ 116.36875, 39.92625 ], [ 116.36875, 39.92475 ] ] ] } },
{ "type": "Feature", "properties": { "place_id": 760, "height_m": 9.0, "area_m2": 21339.570770190876 }, "geometry": { "type": "Polygon", "coordinates": [ [ [ 116.36875, 39.92975 ], [ 116.37025, 39.92975 ], [ 116.37025, 39.93125 ], [ 116.36875, 39.93125 ], [ 116.36875, 39.92975 ] ] ] } },
{ "type": "Feature", "properties": { "place_id": 761, "height_m": 9.0, "area_m2": 21338.036325147536 }, "geometry": { "type": "Polygon", "coordinates": [ [ [ 116.36875, 39.93475 ], [ 116.37025, 39.93475 ], [ 116.37025, 39.93625 ], [ 116.36875, 39.93625 ], [ 116.36875, 39.93475 ] ] ] } },
{ "type": "Feature", "properties": { "place_id": 762, "height_m": 9.0, "area_m2": 21336.501714971975 }, "geometry": { "type": "Polygon", "coordinates": [ [ [ 116.36875, 39.93975 ], [ 116.37025, 39.93975 ], [ 116.37025, 39.94125 ], [ 116.36875, 39.94125 ], [ 116.36875, 39.93975 ] ] ] } },
{ "type": "Feature", "properties": { "place_id": 763, "height_m": 9.0, "area_m2": 21334.96693924602 }, "geometry": { "type": "Polygon", "coordinates": [ [ [ 116.36875, 39.94475 ], [ 116.37025, 39.94475 ], [ 116.37025, 39.94625 ], [ 116.36875, 39.94625 ], [ 116.36875, 39.94475 ] ] ] } },
{ "type": "Feature", "properties": { "place_id": 764, "height_m": 9.0, "area_m2": 21333.431998530283 }, "geometry": { "type": "Polygon", "coordinates": [ [ [ 116.36875, 39.94975 ], [ 116.37025, 39.94975 ], [ 116.37025, 39.95125 ], [ 116.36875, 39.95125 ], [ 116.36875, 39.94975 ] ] ] } },
{ "type": "Feature", "properties": { "place_id": 765, "height_m": 9.0, "area_m2": 21331.896892471144 }, "geometry": { "type": "Polygon", "coordinates": [ [ [ 116.36875, 39.95475 ], [ 116.37025, 39.95475 ], [ 116.37025, 39.95625 ], [ 116.36875, 39.95625 ], [ 116.36875, 39.95475 ] ] ] } },
{ "type": "Feature", "properties": { "place_id": 766, "height_m": 9.0, "area_m2": 21330.361621427561 }, "geometry": { "type": "Polygon", "coordinates": [ [ [ 116.36875, 39.95975 ], [ 116.37025, 39.95975 ], [ 116.37025, 39.96125 ], [ 116.36875, 39.96125 ], [ 116.36875, 39.95975 ] ] ] } },
{ "type": "Feature", "properties": { "place_id": 767, "height_m": 9.0, "area_m2": 21328.826184713183 }, "geometry": { "type": "Polygon", "coordinates": [ [ [ 116.36875, 39.96475 ], [ 116.37025, 39.96475 ], [ 116.37025, 39.96625 ], [ 116.36875, 39.96625 ], [ 116.36875, 39.96475 ] ] ] } },
{ "type": "Feature", "properties": { "place_id": 768, "height_m": 9.0, "area_m2": 21364.075223541859 }, "geometry": { "type": "Polygon", "coordinates": [ [ [ 116.37375, 39.84975 ], [ 116.37525, 39.84975 ], [ 116.37525, 39.85125 ], [ 116.37375, 39.85125 ], [ 116.37375, 39.84975 ] ] ] } },
{ "type": "Feature", "properties": { "place_id": 769, "height_m": 9.0, "area_m2": 21362.543429255882 }, "geometry": { "type": "Polygon", "coordinates": [ [ [ 116.37375, 39.85475 ], [ 116.37525, 39.85475 ], [ 116.37525, 39.85625 ], [ 116.37375, 39.85625 ], [ 116.37375, 39.85475 ] ] ] } },
{ "type": "Feature", "properties": { "place_id": 770, "height_m": 9.0, "area_m2": 21361.011469722893 }, "geometry": { "type": "Polygon", "coordinates": [ [ [ 116.37375, 39.85975 ], [ 116.37525, 39.85975 ], [ 116.37525, 39.86125 ], [ 116.37375, 39.86125 ], [ 116.37375, 39.85975 ] ] ] } },
{ "type": "Feature", "properties": { "place_id": 771, "height_m": 9.0, "area_m2": 21359.479344644558 }, "geometry": { "type": "Polygon", "coordinates": [ [ [ 116.37375, 39.86475 ], [ 116.37525, 39.86475 ], [ 116.37525, 39.86625 ], [ 116.37375, 39.86625 ], [ 116.37375, 39.86475 ] ] ] } },
{ "type": "Feature", "properties": { "place_id": 772, "height_m": 9.0, "area_m2": 21357.947054285654 }, "geometry": { "type": "Polygon", "coordinates": [ [ [ 116.37375, 39.86975 ], [ 116.37525, 39.86975 ], [ 116.37525, 39.87125 ], [ 116.37375, 39.87125 ], [ 116.37375, 39.86975 ] ] ] } },
{ "type": "Feature", "properties": { "place_id": 773, "height_m": 9.0, "area_m2": 21356.414598452495 }, "geometry": { "type": "Polygon", "coordinates": [ [ [ 116.37375, 39.87475 ], [ 116.37525, 39.87475 ], [ 116.37525, 39.87625 ], [ 116.37375, 39.87625 ], [ 116.37375, 39.87475 ] ] ] } },
{ "type": "Feature", "properties": { "place_id": 774, "height_m": 9.0, "area_m2": 21354.881976946977 }, "geometry": { "type": "Polygon", "coordinates": [ [ [ 116.37375, 39.87975 ], [ 116.37525, 39.87975 ], [ 116.37525, 39.88125 ], [ 116.37375, 39.88125 ], [ 116.37375, 39.87975 ] ] ] } },
{ "type": "Feature", "properties": { "place_id": 775, "height_m": 9.0, "area_m2": 21353.349190716712 }, "geometry": { "type": "Polygon", "coordinates": [ [ [ 116.37375, 39.88475 ], [ 116.37525, 39.88475 ], [ 116.37525, 39.88625 ], [ 116.37375, 39.88625 ], [ 116.37375, 39.88475 ] ] ] } },
{ "type": "Feature", "properties": { "place_id": 776, "height_m": 9.0, "area_m2": 21351.816238271207 }, "geometry": { "type": "Polygon", "coordinates": [ [ [ 116.37375, 39.88975 ], [ 116.37525, 39.88975 ], [ 116.37525, 39.89125 ], [ 116.37375, 39.89125 ], [ 116.37375, 39.88975 ] ] ] } },
{ "type": "Feature", "properties": { "place_id": 777, "height_m": 9.0, "area_m2": 21350.283121202523 }, "geometry": { "type": "Polygon", "coordinates": [ [ [ 116.37375, 39.89475 ], [ 116.37525, 39.89475 ], [ 116.37525, 39.89625 ], [ 116.37375, 39.89625 ], [ 116.37375, 39.89475 ] ] ] } },
{ "type": "Feature", "properties": { "place_id": 778, "height_m": 9.0, "area_m2": 21348.749838541149 }, "geometry": { "type": "Polygon", "coordinates": [ [ [ 116.37375, 39.89975 ], [ 116.37525, 39.89975 ], [ 116.37525, 39.90125 ], [ 116.37375, 39.90125 ], [ 116.37375, 39.89975 ] ] ] } },
{ "type": "Feature", "properties": { "place_id": 779, "height_m": 9.0, "area_m2": 21347.216390610331 }, "geometry": { "type": "Polygon", "coordinates": [ [ [ 116.37375, 39.90475 ], [ 116.37525, 39.90475 ], [ 116.37525, 39.90625 ], [ 116.37375, 39.90625 ], [ 116.37375, 39.90475 ] ] ] } },
{ "type": "Feature", "properties": { "place_id": 780, "height_m": 9.0, "area_m2": 21345.682777170266 }, "geometry": { "type": "Polygon", "coordinates": [ [ [ 116.37375, 39.90975 ], [ 116.37525, 39.90975 ], [ 116.37525, 39.91125 ], [ 116.37375, 39.91125 ], [ 116.37375, 39.90975 ] ] ] } },
{ "type": "Feature", "properties": { "place_id": 781, "height_m": 9.0, "area_m2": 21344.148998540353 }, "geometry": { "type": "Polygon", "coordinates": [ [ [ 116.37375, 39.91475 ], [ 116.37525, 39.91475 ], [ 116.37525, 39.91625 ], [ 116.37375, 39.91625 ], [ 116.37375, 39.91475 ] ] ] } },
{ "type": "Feature", "properties": { "place_id": 782, "height_m": 9.0, "area_m2": 21342.615054669517 }, "geometry": { "type": "Polygon", "coordinates": [ [ [ 116.37375, 39.91975 ], [ 116.37525, 39.91975 ], [ 116.37525, 39.92125 ], [ 116.37375, 39.92125 ], [ 116.37375, 39.91975 ] ] ] } },
{ "type": "Feature", "properties": { "place_id": 783, "height_m": 9.0, "area_m2": 21341.080945570073 }, "geometry": { "type": "Polygon", "coordinates": [ [ [ 116.37375, 39.92475 ], [ 116.37525, 39.92475 ], [ 116.37525, 39.92625 ], [ 116.37375, 39.92625 ], [ 116.37375, 39.92475 ] ] ] } },
{ "type": "Feature", "properties": { "place_id": 784, "height_m": 9.0, "area_m2": 21339.546670948923 }, "geometry": { "type": "Polygon", "coordinates": [ [ [ 116.37375, 39.92975 ], [ 116.37525, 39.92975 ], [ 116.37525, 39.93125 ], [ 116.37375, 39.93125 ], [ 116.37375, 39.92975 ] ] ] } },
{ "type": "Feature", "properties": { "place_id": 785, "height_m": 9.0, "area_m2": 21338.012231121284 }, "geometry": { "type": "Polygon", "coordinates": [ [ [ 116.37375, 39.93475 ], [ 116.37525, 39.93475 ], [ 116.37525, 39.93625 ], [ 116.37375, 39.93625 ], [ 116.37375, 39.93475 ] ] ] } },
{ "type": "Feature", "properties": { "place_id": 786, "height_m": 9.0, "area_m2": 21336.477626090324 }, "geometry": { "type": "Polygon", "coordinates": [ [ [ 116.37375, 39.93975 ], [ 116.37525, 39.93975 ], [ 116.37525, 39.94125 ], [ 116.37375, 39.94125 ], [ 116.37375, 39.93975 ] ] ] } },
{ "type": "Feature", "properties": { "place_id": 787, "height_m": 9.0, "area_m2": 21334.942855943562 }, "geometry": { "type": "Polygon", "coordinates": [ [ [ 116.37375, 39.94475 ], [ 116.37525, 39.94475 ], [ 116.37525, 39.94625 ], [ 116.37375, 39.94625 ], [ 116.37375, 39.94475 ] ] ] } },
{ "type": "Feature", "properties": { "place_id": 788, "height_m": 9.0, "area_m2": 21333.407920374117 }, "geometry": { "type": "Polygon", "coordinates": [ [ [ 116.37375, 39.94975 ], [ 116.37525, 39.94975 ], [ 116.37525, 39.95125 ], [ 116.37375, 39.95125 ], [ 116.37375, 39.94975 ] ] ] } },
{ "type": "Feature", "properties": { "place_id": 789, "height_m": 9.0, "area_m2": 21331.872819345477 }, "geometry": { "type": "Polygon", "coordinates": [ [ [ 116.37375, 39.95475 ], [ 116.37525, 39.95475 ], [ 116.37525, 39.95625 ], [ 116.37375, 39.95625 ], [ 116.37375, 39.95475 ] ] ] } },
{ "type": "Feature", "properties": { "place_id": 790, "height_m": 9.0, "area_m2": 21330.337553815381 }, "geometry": { "type": "Polygon", "coordinates": [ [ [ 116.37375, 39.95975 ], [ 116.37525, 39.95975 ], [ 116.37525, 39.96125 ], [ 116.37375, 39.96125 ], [ 116.37375, 39.95975 ] ] ] } },
{ "type": "Feature", "properties": { "place_id": 791, "height_m": 9.0, "area_m2": 21328.802122361179 }, "geometry": { "type": "Polygon", "coordinates": [ [ [ 116.37375, 39.96475 ], [ 116.37525, 39.96475 ], [ 116.37525, 39.96625 ], [ 116.37375, 39.96625 ], [ 116.37375, 39.96475 ] ] ] } },
{ "type": "Feature", "properties": { "place_id": 792, "height_m": 9.0, "area_m2": 21364.051232133406 }, "geometry": { "type": "Polygon", "coordinates": [ [ [ 116.37875, 39.84975 ], [ 116.38025, 39.84975 ], [ 116.38025, 39.85125 ], [ 116.37875, 39.85125 ], [ 116.37875, 39.84975 ] ] ] } },
{ "type": "Feature", "properties": { "place_id": 793, "height_m": 9.0, "area_m2": 21362.519443055186 }, "geometry": { "type": "Polygon", "coordinates": [ [ [ 116.37875, 39.85475 ], [ 116.38025, 39.85475 ], [ 116.38025, 39.85625 ], [ 116.37875, 39.85625 ], [ 116.37875, 39.85475 ] ] ] } },
{ "type": "Feature", "properties": { "place_id": 794, "height_m": 9.0, "area_m2": 21360.987488838389 }, "geometry": { "type": "Polygon", "coordinates": [ [ [ 116.37875, 39.85975 ], [ 116.38025, 39.85975 ], [ 116.38025, 39.86125 ], [ 116.37875, 39.86125 ], [ 116.37875, 39.85975 ] ] ] } },
{ "type": "Feature", "properties": { "place_id": 795, "height_m": 9.0, "area_m2": 21359.455368975989 }, "geometry": { "type": "Polygon", "coordinates": [ [ [ 116.37875, 39.86475 ], [ 116.38025, 39.86475 ], [ 116.38025, 39.86625 ], [ 116.37875, 39.86625 ], [ 116.37875, 39.86475 ] ] ] } },
{ "type": "Feature", "properties": { "place_id": 796, "height_m": 9.0, "area_m2": 21357.923083744536 }, "geometry": { "type": "Polygon", "coordinates": [ [ [ 116.37875, 39.86975 ], [ 116.38025, 39.86975 ], [ 116.38025, 39.87125 ], [ 116.37875, 39.87125 ], [ 116.37875, 39.86975 ] ] ] } },
{ "type": "Feature", "properties": { "place_id": 797, "height_m": 9.0, "area_m2": 21356.390633122006 }, "geometry": { "type": "Polygon", "coordinates": [ [ [ 116.37875, 39.87475 ], [ 116.38025, 39.87475 ], [ 116.38025, 39.87625 ], [ 116.37875, 39.87625 ], [ 116.37875, 39.87475 ] ] ] } },
{ "type": "Feature", "properties": { "place_id": 798, "height_m": 9.0, "area_m2": 21354.85801710892 }, "geometry": { "type": "Polygon", "coordinates": [ [ [ 116.37875, 39.87975 ], [ 116.38025, 39.87975 ], [ 116.38025, 39.88125 ], [ 116.37875, 39.88125 ], [ 116.37875, 39.87975 ] ] ] } },
{ "type": "Feature", "properties": { "place_id": 799, "height_m": 9.0, "area_m2": 21353.325235782198 }, "geometry": { "type": "Polygon", "coordinates": [ [ [ 116.37875, 39.88475 ], [ 116.38025, 39.88475 ], [ 116.38025, 39.88625 ], [ 116.37875, 39.88625 ], [ 116.37875, 39.88475 ] ] ] } },
{ "type": "Feature", "properties": { "place_id": 800, "height_m": 9.0, "area_m2": 21351.792288842145 }, "geometry": { "type": "Polygon", "coordinates": [ [ [ 116.37875, 39.88975 ], [ 116.38025, 39.88975 ], [ 116.38025, 39.89125 ], [ 116.37875, 39.89125 ], [ 116.37875, 39.88975 ] ] ] } },
{ "type": "Feature", "properties": { "place_id": 801, "height_m": 9.0, "area_m2": 21350.259176906926 }, "geometry": { "type": "Polygon", "coordinates": [ [ [ 116.37875, 39.89475 ], [ 116.38025, 39.89475 ], [ 116.38025, 39.89625 ], [ 116.37875, 39.89625 ], [ 116.37875, 39.89475 ] ] ] } },
{ "type": "Feature", "properties": { "place_id": 802, "height_m": 9.0, "area_m2": 21348.725899444387 }, "geometry": { "type": "Polygon", "coordinates": [ [ [ 116.37875, 39.89975 ], [ 116.38025, 39.89975 ], [ 116.38025, 39.90125 ], [ 116.37875, 39.90125 ], [ 116.37875, 39.89975 ] ] ] } },
{ "type": "Feature", "properties": { "place_id": 803, "height_m": 9.0, "area_m2": 21347.192456642893 }, "geometry": { "type": "Polygon", "coordinates": [ [ [ 116.37875, 39.90475 ], [ 116.38025, 39.90475 ], [ 116.38025, 39.90625 ], [ 116.37875, 39.90625 ], [ 116.37875, 39.90475 ] ] ] } },
{ "type": "Feature", "properties": { "place_id": 804, "height_m": 9.0, "area_m2": 21345.658848414219 }, "geometry": { "type": "Polygon", "coordinates": [ [ [ 116.37875, 39.90975 ], [ 116.38025, 39.90975 ], [ 116.38025, 39.91125 ], [ 116.37875, 39.91125 ], [ 116.37875, 39.90975 ] ] ] } },
{ "type": "Feature", "properties": { "place_id": 805, "height_m": 9.0, "area_m2": 21344.125075100321 }, "geometry": { "type": "Polygon", "coordinates": [ [ [ 116.37875, 39.91475 ], [ 116.38025, 39.91475 ], [ 116.38025, 39.91625 ], [ 116.37875, 39.91625 ], [ 116.37875, 39.91475 ] ] ] } },
{ "type": "Feature", "properties": { "place_id": 806, "height_m": 9.0, "area_m2": 21342.591136487248 }, "geometry": { "type": "Polygon", "coordinates": [ [ [ 116.37875, 39.91975 ], [ 116.38025, 39.91975 ], [ 116.38025, 39.92125 ], [ 116.37875, 39.92125 ], [ 116.37875, 39.91975 ] ] ] } },
{ "type": "Feature", "properties": { "place_id": 807, "height_m": 9.0, "area_m2": 21341.057032529752 }, "geometry": { "type": "Polygon", "coordinates": [ [ [ 116.37875, 39.92475 ], [ 116.38025, 39.92475 ], [ 116.38025, 39.92625 ], [ 116.37875, 39.92625 ], [ 116.37875, 39.92475 ] ] ] } },
{ "type": "Feature", "properties": { "place_id": 808, "height_m": 9.0, "area_m2": 21339.522763167075 }, "geometry": { "type": "Polygon", "coordinates": [ [ [ 116.37875, 39.92975 ], [ 116.38025, 39.92975 ], [ 116.38025, 39.93125 ], [ 116.37875, 39.93125 ], [ 116.37875, 39.92975 ] ] ] } },
{ "type": "Feature", "properties": { "place_id": 809, "height_m": 9.0, "area_m2": 21337.98832853038 }, "geometry": { "type": "Polygon", "coordinates": [ [ [ 116.37875, 39.93475 ], [ 116.38025, 39.93475 ], [ 116.38025, 39.93625 ], [ 116.37875, 39.93625 ], [ 116.37875, 39.93475 ] ] ] } },
{ "type": "Feature", "properties": { "place_id": 810, "height_m": 9.0, "area_m2": 21336.453728825145 }, "geometry": { "type": "Polygon", "coordinates": [ [ [ 116.37875, 39.93975 ], [ 116.38025, 39.93975 ], [ 116.38025, 39.94125 ], [ 116.37875, 39.94125 ], [ 116.37875, 39.93975 ] ] ] } },
{ "type": "Feature", "properties": { "place_id": 811, "height_m": 9.0, "area_m2": 21334.918963752891 }, "geometry": { "type": "Polygon", "coordinates": [ [ [ 116.37875, 39.94475 ], [ 116.38025, 39.94475 ], [ 116.38025, 39.94625 ], [ 116.37875, 39.94625 ], [ 116.37875, 39.94475 ] ] ] } },
{ "type": "Feature", "properties": { "place_id": 812, "height_m": 9.0, "area_m2": 21333.384033491559 }, "geometry": { "type": "Polygon", "coordinates": [ [ [ 116.37875, 39.94975 ], [ 116.38025, 39.94975 ], [ 116.38025, 39.95125 ], [ 116.37875, 39.95125 ], [ 116.37875, 39.94975 ] ] ] } },
{ "type": "Feature", "properties": { "place_id": 813, "height_m": 9.0, "area_m2": 21331.848937784278 }, "geometry": { "type": "Polygon", "coordinates": [ [ [ 116.37875, 39.95475 ], [ 116.38025, 39.95475 ], [ 116.38025, 39.95625 ], [ 116.37875, 39.95625 ], [ 116.37875, 39.95475 ] ] ] } },
{ "type": "Feature", "properties": { "place_id": 814, "height_m": 9.0, "area_m2": 21330.313677212554 }, "geometry": { "type": "Polygon", "coordinates": [ [ [ 116.37875, 39.95975 ], [ 116.38025, 39.95975 ], [ 116.38025, 39.96125 ], [ 116.37875, 39.96125 ], [ 116.37875, 39.95975 ] ] ] } },
{ "type": "Feature", "properties": { "place_id": 815, "height_m": 9.0, "area_m2": 21328.778251199623 }, "geometry": { "type": "Polygon", "coordinates": [ [ [ 116.37875, 39.96475 ], [ 116.38025, 39.96475 ], [ 116.38025, 39.96625 ], [ 116.37875, 39.96625 ], [ 116.37875, 39.96475 ] ] ] } },
{ "type": "Feature", "properties": { "place_id": 816, "height_m": 9.0, "area_m2": 21364.027433730094 }, "geometry": { "type": "Polygon", "coordinates": [ [ [ 116.38375, 39.84975 ], [ 116.38525, 39.84975 ], [ 116.38525, 39.85125 ], [ 116.38375, 39.85125 ], [ 116.38375, 39.84975 ] ] ] } },
{ "type": "Feature", "properties": { "place_id": 817, "height_m": 9.0, "area_m2": 21362.495649785367 }, "geometry": { "type": "Polygon", "coordinates": [ [ [ 116.38375, 39.85475 ], [ 116.38525, 39.85475 ], [ 116.38525, 39.85625 ], [ 116.38375, 39.85625 ], [ 116.38375, 39.85475 ] ] ] } },
{ "type": "Feature", "properties": { "place_id": 818, "height_m": 9.0, "area_m2": 21360.963700767064 }, "geometry": { "type": "Polygon", "coordinates": [ [ [ 116.38375, 39.85975 ], [ 116.38525, 39.85975 ], [ 116.38525, 39.86125 ], [ 116.38375, 39.86125 ], [ 116.38375, 39.85975 ] ] ] } },
{ "type": "Feature", "properties": { "place_id": 819, "height_m": 9.0, "area_m2": 21359.431586074843 }, "geometry": { "type": "Polygon", "coordinates": [ [ [ 116.38375, 39.86475 ], [ 116.38525, 39.86475 ], [ 116.38525, 39.86625 ], [ 116.38375, 39.86625 ], [ 116.38375, 39.86475 ] ] ] } },
{ "type": "Feature", "properties": { "place_id": 820, "height_m": 9.0, "area_m2": 21357.899306106603 }, "geometry": { "type": "Polygon", "coordinates": [ [ [ 116.38375, 39.86975 ], [ 116.38525, 39.86975 ], [ 116.38525, 39.87125 ], [ 116.38375, 39.87125 ], [ 116.38375, 39.86975 ] ] ] } },
{ "type": "Feature", "properties": { "place_id": 821, "height_m": 9.0, "area_m2": 21356.366860663558 }, "geometry": { "type": "Polygon", "coordinates": [ [ [ 116.38375, 39.87475 ], [ 116.38525, 39.87475 ], [ 116.38525, 39.87625 ], [ 116.38375, 39.87625 ], [ 116.38375, 39.87475 ] ] ] } },
{ "type": "Feature", "properties": { "place_id": 822, "height_m": 9.0, "area_m2": 21354.834249653868 }, "geometry": { "type": "Polygon", "coordinates": [ [ [ 116.38375, 39.87975 ], [ 116.38525, 39.87975 ], [ 116.38525, 39.88125 ], [ 116.38375, 39.88125 ], [ 116.38375, 39.87975 ] ] ] } },
{ "type": "Feature", "properties": { "place_id": 823, "height_m": 9.0, "area_m2": 21353.301473635402 }, "geometry": { "type": "Polygon", "coordinates": [ [ [ 116.38375, 39.88475 ], [ 116.38525, 39.88475 ], [ 116.38525, 39.88625 ], [ 116.38375, 39.88625 ], [ 116.38375, 39.88475 ] ] ] } },
{ "type": "Feature", "properties": { "place_id": 824, "height_m": 9.0, "area_m2": 21351.768531834441 }, "geometry": { "type": "Polygon", "coordinates": [ [ [ 116.38375, 39.88975 ], [ 116.38525, 39.88975 ], [ 116.38525, 39.89125 ], [ 116.38375, 39.89125 ], [ 116.38375, 39.88975 ] ] ] } },
{ "type": "Feature", "properties": { "place_id": 825, "height_m": 9.0, "area_m2": 21350.23542501765 }, "geometry": { "type": "Polygon", "coordinates": [ [ [ 116.38375, 39.89475 ], [ 116.38525, 39.89475 ], [ 116.38525, 39.89625 ], [ 116.38375, 39.89625 ], [ 116.38375, 39.89475 ] ] ] } },
{ "type": "Feature", "properties": { "place_id": 826, "height_m": 9.0, "area_m2": 21348.702152925147 }, "geometry": { "type": "Polygon", "coordinates": [ [ [ 116.38375, 39.89975 ], [ 116.38525, 39.89975 ], [ 116.38525, 39.90125 ], [ 116.38375, 39.90125 ], [ 116.38375, 39.89975 ] ] ] } },
{ "type": "Feature", "properties": { "place_id": 827, "height_m": 9.0, "area_m2": 21347.168715312702 }, "geometry": { "type": "Polygon", "coordinates": [ [ [ 116.38375, 39.90475 ], [ 116.38525, 39.90475 ], [ 116.38525, 39.90625 ], [ 116.38375, 39.90625 ], [ 116.38375, 39.90475 ] ] ] } },
{ "type": "Feature", "properties": { "place_id": 828, "height_m": 9.0, "area_m2": 21345.635112317472 }, "geometry": { "type": "Polygon", "coordinates": [ [ [ 116.38375, 39.90975 ], [ 116.38525, 39.90975 ], [ 116.38525, 39.91125 ], [ 116.38375, 39.91125 ], [ 116.38375, 39.90975 ] ] ] } },
{ "type": "Feature", "properties": { "place_id": 829, "height_m": 9.0, "area_m2": 21344.101344069055 }, "geometry": { "type": "Polygon", "coordinates": [ [ [ 116.38375, 39.91475 ], [ 116.38525, 39.91475 ], [ 116.38525, 39.91625 ], [ 116.38375, 39.91625 ], [ 116.38375, 39.91475 ] ] ] } },
{ "type": "Feature", "properties": { "place_id": 830, "height_m": 9.0, "area_m2": 21342.567410764863 }, "geometry": { "type": "Polygon", "coordinates": [ [ [ 116.38375, 39.91975 ], [ 116.38525, 39.91975 ], [ 116.38525, 39.92125 ], [ 116.38375, 39.92125 ], [ 116.38375, 39.91975 ] ] ] } },
{ "type": "Feature", "properties": { "place_id": 831, "height_m": 9.0, "area_m2": 21341.033311871364 }, "geometry": { "type": "Polygon", "coordinates": [ [ [ 116.38375, 39.92475 ], [ 116.38525, 39.92475 ], [ 116.38525, 39.92625 ], [ 116.38375, 39.92625 ], [ 116.38375, 39.92475 ] ] ] } },
{ "type": "Feature", "properties": { "place_id": 832, "height_m": 9.0, "area_m2": 21339.499047693989 }, "geometry": { "type": "Polygon", "coordinates": [ [ [ 116.38375, 39.92975 ], [ 116.38525, 39.92975 ], [ 116.38525, 39.93125 ], [ 116.38375, 39.93125 ], [ 116.38375, 39.92975 ] ] ] } },
{ "type": "Feature", "properties": { "place_id": 833, "height_m": 9.0, "area_m2": 21337.964618302671 }, "geometry": { "type": "Polygon", "coordinates": [ [ [ 116.38375, 39.93475 ], [ 116.38525, 39.93475 ], [ 116.38525, 39.93625 ], [ 116.38375, 39.93625 ], [ 116.38375, 39.93475 ] ] ] } },
{ "type": "Feature", "properties": { "place_id": 834, "height_m": 9.0, "area_m2": 21336.430023593119 }, "geometry": { "type": "Polygon", "coordinates": [ [ [ 116.38375, 39.93975 ], [ 116.38525, 39.93975 ], [ 116.38525, 39.94125 ], [ 116.38375, 39.94125 ], [ 116.38375, 39.93975 ] ] ] } },
{ "type": "Feature", "properties": { "place_id": 835, "height_m": 9.0, "area_m2": 21334.895263770621 }, "geometry": { "type": "Polygon", "coordinates": [ [ [ 116.38375, 39.94475 ], [ 116.38525, 39.94475 ], [ 116.38525, 39.94625 ], [ 116.38375, 39.94625 ], [ 116.38375, 39.94475 ] ] ] } },
{ "type": "Feature", "properties": { "place_id": 836, "height_m": 9.0, "area_m2": 21333.360338697545 }, "geometry": { "type": "Polygon", "coordinates": [ [ [ 116.38375, 39.94975 ], [ 116.38525, 39.94975 ], [ 116.38525, 39.95125 ], [ 116.38375, 39.95125 ], [ 116.38375, 39.94975 ] ] ] } },
{ "type": "Feature", "properties": { "place_id": 837, "height_m": 9.0, "area_m2": 21331.825248225065 }, "geometry": { "type": "Polygon", "coordinates": [ [ [ 116.38375, 39.95475 ], [ 116.38525, 39.95475 ], [ 116.38525, 39.95625 ], [ 116.38375, 39.95625 ], [ 116.38375, 39.95475 ] ] ] } },
{ "type": "Feature", "properties": { "place_id": 838, "height_m": 9.0, "area_m2": 21330.289992952992 }, "geometry": { "type": "Polygon", "coordinates": [ [ [ 116.38375, 39.95975 ], [ 116.38525, 39.95975 ], [ 116.38525, 39.96125 ], [ 116.38375, 39.96125 ], [ 116.38375, 39.95975 ] ] ] } },
{ "type": "Feature", "properties": { "place_id": 839, "height_m": 9.0, "area_m2": 21328.754571942871 }, "geometry": { "type": "Polygon", "coordinates": [ [ [ 116.38375, 39.96475 ], [ 116.38525, 39.96475 ], [ 116.38525, 39.96625 ], [ 116.38375, 39.96625 ], [ 116.38375, 39.96475 ] ] ] } },
{ "type": "Feature", "properties": { "place_id": 840, "height_m": 9.0, "area_m2": 21364.003828277997 }, "geometry": { "type": "Polygon", "coordinates": [ [ [ 116.38875, 39.84975 ], [ 116.39025, 39.84975 ], [ 116.39025, 39.85125 ], [ 116.38875, 39.85125 ], [ 116.38875, 39.84975 ] ] ] } },
{ "type": "Feature", "properties": { "place_id": 841, "height_m": 9.0, "area_m2": 21362.47204938022 }, "geometry": { "type": "Polygon", "coordinates": [ [ [ 116.38875, 39.85475 ], [ 116.39025, 39.85475 ], [ 116.39025, 39.85625 ], [ 116.38875, 39.85625 ], [ 116.38875, 39.85475 ] ] ] } },
{ "type": "Feature", "properties": { "place_id": 842, "height_m": 9.0, "area_m2": 21360.94010553672 }, "geometry": { "type": "Polygon", "coordinates": [ [ [ 116.38875, 39.85975 ], [ 116.39025, 39.85975 ], [ 116.39025, 39.86125 ], [ 116.38875, 39.86125 ], [ 116.38875, 39.85975 ] ] ] } },
{ "type": "Feature", "properties": { "place_id": 843, "height_m": 9.0, "area_m2": 21359.407996025129 }, "geometry": { "type": "Polygon", "coordinates": [ [ [ 116.38875, 39.86475 ], [ 116.39025, 39.86475 ], [ 116.39025, 39.86625 ], [ 116.38875, 39.86625 ], [ 116.38875, 39.86475 ] ] ] } },
{ "type": "Feature", "properties": { "place_id": 844, "height_m": 9.0, "area_m2": 21357.8757211091 }, "geometry": { "type": "Polygon", "coordinates": [ [ [ 116.38875, 39.86975 ], [ 116.39025, 39.86975 ], [ 116.39025, 39.87125 ], [ 116.38875, 39.87125 ], [ 116.38875, 39.86975 ] ] ] } },
{ "type": "Feature", "properties": { "place_id": 845, "height_m": 9.0, "area_m2": 21356.343280842495 }, "geometry": { "type": "Polygon", "coordinates": [ [ [ 116.38875, 39.87475 ], [ 116.39025, 39.87475 ], [ 116.39025, 39.87625 ], [ 116.38875, 39.87625 ], [ 116.38875, 39.87475 ] ] ] } },
{ "type": "Feature", "properties": { "place_id": 846, "height_m": 9.0, "area_m2": 21354.810675128389 }, "geometry": { "type": "Polygon", "coordinates": [ [ [ 116.38875, 39.87975 ], [ 116.39025, 39.87975 ], [ 116.39025, 39.88125 ], [ 116.38875, 39.88125 ], [ 116.38875, 39.87975 ] ] ] } },
{ "type": "Feature", "properties": { "place_id": 847, "height_m": 9.0, "area_m2": 21353.277904220795 }, "geometry": { "type": "Polygon", "coordinates": [ [ [ 116.38875, 39.88475 ], [ 116.39025, 39.88475 ], [ 116.39025, 39.88625 ], [ 116.38875, 39.88625 ], [ 116.38875, 39.88475 ] ] ] } },
{ "type": "Feature", "properties": { "place_id": 848, "height_m": 9.0, "area_m2": 21351.744967457813 }, "geometry": { "type": "Polygon", "coordinates": [ [ [ 116.38875, 39.88975 ], [ 116.39025, 39.88975 ], [ 116.39025, 39.89125 ], [ 116.38875, 39.89125 ], [ 116.38875, 39.88975 ] ] ] } },
{ "type": "Feature", "properties": { "place_id": 849, "height_m": 9.0, "area_m2": 21350.21186582249 }, "geometry": { "type": "Polygon", "coordinates": [ [ [ 116.38875, 39.89475 ], [ 116.39025, 39.89475 ], [ 116.39025, 39.89625 ], [ 116.38875, 39.89625 ], [ 116.38875, 39.89475 ] ] ] } },
{ "type": "Feature", "properties": { "place_id": 850, "height_m": 9.0, "area_m2": 21348.678598841296 }, "geometry": { "type": "Polygon", "coordinates": [ [ [ 116.38875, 39.89975 ], [ 116.39025, 39.89975 ], [ 116.39025, 39.90125 ], [ 116.38875, 39.90125 ], [ 116.38875, 39.89975 ] ] ] } },
{ "type": "Feature", "properties": { "place_id": 851, "height_m": 9.0, "area_m2": 21347.145166285602 }, "geometry": { "type": "Polygon", "coordinates": [ [ [ 116.38875, 39.90475 ], [ 116.39025, 39.90475 ], [ 116.39025, 39.90625 ], [ 116.38875, 39.90625 ], [ 116.38875, 39.90475 ] ] ] } },
{ "type": "Feature", "properties": { "place_id": 852, "height_m": 9.0, "area_m2": 21345.611568466375 }, "geometry": { "type": "Polygon", "coordinates": [ [ [ 116.38875, 39.90975 ], [ 116.39025, 39.90975 ], [ 116.39025, 39.91125 ], [ 116.38875, 39.91125 ], [ 116.38875, 39.90975 ] ] ] } },
{ "type": "Feature", "properties": { "place_id": 853, "height_m": 9.0, "area_m2": 21344.07780550938 }, "geometry": { "type": "Polygon", "coordinates": [ [ [ 116.38875, 39.91475 ], [ 116.39025, 39.91475 ], [ 116.39025, 39.91625 ], [ 116.38875, 39.91625 ], [ 116.38875, 39.91475 ] ] ] } },
{ "type": "Feature", "properties": { "place_id": 854, "height_m": 9.0, "area_m2": 21342.543877068303 }, "geometry": { "type": "Polygon", "coordinates": [ [ [ 116.38875, 39.91975 ], [ 116.39025, 39.91975 ], [ 116.39025, 39.92125 ], [ 116.38875, 39.92125 ], [ 116.38875, 39.91975 ] ] ] } },
{ "type": "Feature", "properties": { "place_id": 855, "height_m": 9.0, "area_m2": 21341.009783521142 }, "geometry": { "type": "Polygon", "coordinates": [ [ [ 116.38875, 39.92475 ], [ 116.39025, 39.92475 ], [ 116.39025, 39.92625 ], [ 116.38875, 39.92625 ], [ 116.38875, 39.92475 ] ] ] } },
{ "type": "Feature", "properties": { "place_id": 856, "height_m": 9.0, "area_m2": 21339.475524454923 }, "geometry": { "type": "Polygon", "coordinates": [ [ [ 116.38875, 39.92975 ], [ 116.39025, 39.92975 ], [ 116.39025, 39.93125 ], [ 116.38875, 39.93125 ], [ 116.38875, 39.92975 ] ] ] } },
{ "type": "Feature", "properties": { "place_id": 857, "height_m": 9.0, "area_m2": 21337.941100235887 }, "geometry": { "type": "Polygon", "coordinates": [ [ [ 116.38875, 39.93475 ], [ 116.39025, 39.93475 ], [ 116.39025, 39.93625 ], [ 116.38875, 39.93625 ], [ 116.38875, 39.93475 ] ] ] } },
{ "type": "Feature", "properties": { "place_id": 858, "height_m": 9.0, "area_m2": 21336.406510703167 }, "geometry": { "type": "Polygon", "coordinates": [ [ [ 116.38875, 39.93975 ], [ 116.39025, 39.93975 ], [ 116.39025, 39.94125 ], [ 116.38875, 39.94125 ], [ 116.38875, 39.93975 ] ] ] } },
{ "type": "Feature", "properties": { "place_id": 859, "height_m": 9.0, "area_m2": 21334.871756100903 }, "geometry": { "type": "Polygon", "coordinates": [ [ [ 116.38875, 39.94475 ], [ 116.39025, 39.94475 ], [ 116.39025, 39.94625 ], [ 116.38875, 39.94625 ], [ 116.38875, 39.94475 ] ] ] } },
{ "type": "Feature", "properties": { "place_id": 860, "height_m": 9.0, "area_m2": 21333.336836141425 }, "geometry": { "type": "Polygon", "coordinates": [ [ [ 116.38875, 39.94975 ], [ 116.39025, 39.94975 ], [ 116.39025, 39.95125 ], [ 116.38875, 39.95125 ], [ 116.38875, 39.94975 ] ] ] } },
{ "type": "Feature", "properties": { "place_id": 861, "height_m": 9.0, "area_m2": 21331.801750834424 }, "geometry": { "type": "Polygon", "coordinates": [ [ [ 116.38875, 39.95475 ], [ 116.39025, 39.95475 ], [ 116.39025, 39.95625 ], [ 116.38875, 39.95625 ], [ 116.38875, 39.95475 ] ] ] } },
{ "type": "Feature", "properties": { "place_id": 862, "height_m": 9.0, "area_m2": 21330.266500611549 }, "geometry": { "type": "Polygon", "coordinates": [ [ [ 116.38875, 39.95975 ], [ 116.39025, 39.95975 ], [ 116.39025, 39.96125 ], [ 116.38875, 39.96125 ], [ 116.38875, 39.95975 ] ] ] } },
{ "type": "Feature", "properties": { "place_id": 863, "height_m": 9.0, "area_m2": 21328.73108471329 }, "geometry": { "type": "Polygon", "coordinates": [ [ [ 116.38875, 39.96475 ], [ 116.39025, 39.96475 ], [ 116.39025, 39.96625 ], [ 116.38875, 39.96625 ], [ 116.38875, 39.96475 ] ] ] } },
{ "type": "Feature", "properties": { "place_id": 864, "height_m": 9.0, "area_m2": 21363.980414440826 }, "geometry": { "type": "Polygon", "coordinates": [ [ [ 116.39375, 39.84975 ], [ 116.39525, 39.84975 ], [ 116.39525, 39.85125 ], [ 116.39375, 39.85125 ], [ 116.39375, 39.84975 ] ] ] } },
{ "type": "Feature", "properties": { "place_id": 865, "height_m": 9.0, "area_m2": 21362.448640950231 }, "geometry": { "type": "Polygon", "coordinates": [ [ [ 116.39375, 39.85475 ], [ 116.39525, 39.85475 ], [ 116.39525, 39.85625 ], [ 116.39375, 39.85625 ], [ 116.39375, 39.85475 ] ] ] } },
{ "type": "Feature", "properties": { "place_id": 866, "height_m": 9.0, "area_m2": 21360.916702075545 }, "geometry": { "type": "Polygon", "coordinates": [ [ [ 116.39375, 39.85975 ], [ 116.39525, 39.85975 ], [ 116.39525, 39.86125 ], [ 116.39375, 39.86125 ], [ 116.39375, 39.85975 ] ] ] } },
{ "type": "Feature", "properties": { "place_id": 867, "height_m": 9.0, "area_m2": 21359.384597608398 }, "geometry": { "type": "Polygon", "coordinates": [ [ [ 116.39375, 39.86475 ], [ 116.39525, 39.86475 ], [ 116.39525, 39.86625 ], [ 116.39375, 39.86625 ], [ 116.39375, 39.86475 ] ] ] } },
{ "type": "Feature", "properties": { "place_id": 868, "height_m": 9.0, "area_m2": 21357.852327850211 }, "geometry": { "type": "Polygon", "coordinates": [ [ [ 116.39375, 39.86975 ], [ 116.39525, 39.86975 ], [ 116.39525, 39.87125 ], [ 116.39375, 39.87125 ], [ 116.39375, 39.86975 ] ] ] } },
{ "type": "Feature", "properties": { "place_id": 869, "height_m": 9.0, "area_m2": 21356.31989262177 }, "geometry": { "type": "Polygon", "coordinates": [ [ [ 116.39375, 39.87475 ], [ 116.39525, 39.87475 ], [ 116.39525, 39.87625 ], [ 116.39375, 39.87625 ], [ 116.39375, 39.87475 ] ] ] } },
{ "type": "Feature", "properties": { "place_id": 870, "height_m": 9.0, "area_m2": 21354.787292076868 }, "geometry": { "type": "Polygon", "coordinates": [ [ [ 116.39375, 39.87975 ], [ 116.39525, 39.87975 ], [ 116.39525, 39.88125 ], [ 116.39375, 39.88125 ], [ 116.39375, 39.87975 ] ] ] } },
{ "type": "Feature", "properties": { "place_id": 871, "height_m": 9.0, "area_m2": 21353.254526197339 }, "geometry": { "type": "Polygon", "coordinates": [ [ [ 116.39375, 39.88475 ], [ 116.39525, 39.88475 ], [ 116.39525, 39.88625 ], [ 116.39375, 39.88625 ], [ 116.39375, 39.88475 ] ] ] } },
{ "type": "Feature", "properties": { "place_id": 872, "height_m": 9.0, "area_m2": 21351.721594542934 }, "geometry": { "type": "Polygon", "coordinates": [ [ [ 116.39375, 39.88975 ], [ 116.39525, 39.88975 ], [ 116.39525, 39.89125 ], [ 116.39375, 39.89125 ], [ 116.39375, 39.88975 ] ] ] } },
{ "type": "Feature", "properties": { "place_id": 873, "height_m": 9.0, "area_m2": 21350.188498125724 }, "geometry": { "type": "Polygon", "coordinates": [ [ [ 116.39375, 39.89475 ], [ 116.39525, 39.89475 ], [ 116.39525, 39.89625 ], [ 116.39375, 39.89625 ], [ 116.39375, 39.89475 ] ] ] } },
{ "type": "Feature", "properties": { "place_id": 874, "height_m": 9.0, "area_m2": 21348.655236119801 }, "geometry": { "type": "Polygon", "coordinates": [ [ [ 116.39375, 39.89975 ], [ 116.39525, 39.89975 ], [ 116.39525, 39.90125 ], [ 116.39375, 39.90125 ], [ 116.39375, 39.89975 ] ] ] } },
{ "type": "Feature", "properties": { "place_id": 875, "height_m": 9.0, "area_m2": 21347.121808837139 }, "geometry": { "type": "Polygon", "coordinates": [ [ [ 116.39375, 39.90475 ], [ 116.39525, 39.90475 ], [ 116.39525, 39.90625 ], [ 116.39375, 39.90625 ], [ 116.39375, 39.90475 ] ] ] } },
{ "type": "Feature", "properties": { "place_id": 876, "height_m": 9.0, "area_m2": 21345.58821605788 }, "geometry": { "type": "Polygon", "coordinates": [ [ [ 116.39375, 39.90975 ], [ 116.39525, 39.90975 ], [ 116.39525, 39.91125 ], [ 116.39375, 39.91125 ], [ 116.39375, 39.90975 ] ] ] } },
{ "type": "Feature", "properties": { "place_id": 877, "height_m": 9.0, "area_m2": 21344.054458079325 }, "geometry": { "type": "Polygon", "coordinates": [ [ [ 116.39375, 39.91475 ], [ 116.39525, 39.91475 ], [ 116.39525, 39.91625 ], [ 116.39375, 39.91625 ], [ 116.39375, 39.91475 ] ] ] } },
{ "type": "Feature", "properties": { "place_id": 878, "height_m": 9.0, "area_m2": 21342.520534981672 }, "geometry": { "type": "Polygon", "coordinates": [ [ [ 116.39375, 39.91975 ], [ 116.39525, 39.91975 ], [ 116.39525, 39.92125 ], [ 116.39375, 39.92125 ], [ 116.39375, 39.91975 ] ] ] } },
{ "type": "Feature", "properties": { "place_id": 879, "height_m": 9.0, "area_m2": 21340.986446348561 }, "geometry": { "type": "Polygon", "coordinates": [ [ [ 116.39375, 39.92475 ], [ 116.39525, 39.92475 ], [ 116.39525, 39.92625 ], [ 116.39375, 39.92625 ], [ 116.39375, 39.92475 ] ] ] } },
{ "type": "Feature", "properties": { "place_id": 880, "height_m": 9.0, "area_m2": 21339.45219232154 }, "geometry": { "type": "Polygon", "coordinates": [ [ [ 116.39375, 39.92975 ], [ 116.39525, 39.92975 ], [ 116.39525, 39.93125 ], [ 116.39375, 39.93125 ], [ 116.39375, 39.92975 ] ] ] } },
{ "type": "Feature", "properties": { "place_id": 881, "height_m": 9.0, "area_m2": 21337.917773316145 }, "geometry": { "type": "Polygon", "coordinates": [ [ [ 116.39375, 39.93475 ], [ 116.39525, 39.93475 ], [ 116.39525, 39.93625 ], [ 116.39375, 39.93625 ], [ 116.39375, 39.93475 ] ] ] } },
{ "type": "Feature", "properties": { "place_id": 882, "height_m": 9.0, "area_m2": 21336.38318893504 }, "geometry": { "type": "Polygon", "coordinates": [ [ [ 116.39375, 39.93975 ], [ 116.39525, 39.93975 ], [ 116.39525, 39.94125 ], [ 116.39375, 39.94125 ], [ 116.39375, 39.93975 ] ] ] } },
{ "type": "Feature", "properties": { "place_id": 883, "height_m": 9.0, "area_m2": 21334.848439128844 }, "geometry": { "type": "Polygon", "coordinates": [ [ [ 116.39375, 39.94475 ], [ 116.39525, 39.94475 ], [ 116.39525, 39.94625 ], [ 116.39375, 39.94625 ], [ 116.39375, 39.94475 ] ] ] } },
{ "type": "Feature", "properties": { "place_id": 884, "height_m": 9.0, "area_m2": 21333.313524440502 }, "geometry": { "type": "Polygon", "coordinates": [ [ [ 116.39375, 39.94975 ], [ 116.39525, 39.94975 ], [ 116.39525, 39.95125 ], [ 116.39375, 39.95125 ], [ 116.39375, 39.94975 ] ] ] } },
{ "type": "Feature", "properties": { "place_id": 885, "height_m": 9.0, "area_m2": 21331.778444170028 }, "geometry": { "type": "Polygon", "coordinates": [ [ [ 116.39375, 39.95475 ], [ 116.39525, 39.95475 ], [ 116.39525, 39.95625 ], [ 116.39375, 39.95625 ], [ 116.39375, 39.95475 ] ] ] } },
{ "type": "Feature", "properties": { "place_id": 886, "height_m": 9.0, "area_m2": 21330.243198986162 }, "geometry": { "type": "Polygon", "coordinates": [ [ [ 116.39375, 39.95975 ], [ 116.39525, 39.95975 ], [ 116.39525, 39.96125 ], [ 116.39375, 39.96125 ], [ 116.39375, 39.95975 ] ] ] } },
{ "type": "Feature", "properties": { "place_id": 887, "height_m": 9.0, "area_m2": 21328.707788350828 }, "geometry": { "type": "Polygon", "coordinates": [ [ [ 116.39375, 39.96475 ], [ 116.39525, 39.96475 ], [ 116.39525, 39.96625 ], [ 116.39375, 39.96625 ], [ 116.39375, 39.96475 ] ] ] } },
{ "type": "Feature", "properties": { "place_id": 888, "height_m": 9.0, "area_m2": 21363.957193727576 }, "geometry": { "type": "Polygon", "coordinates": [ [ [ 116.39875, 39.84975 ], [ 116.40025, 39.84975 ], [ 116.40025, 39.85125 ], [ 116.39875, 39.85125 ], [ 116.39875, 39.84975 ] ] ] } },
{ "type": "Feature", "properties": { "place_id": 889, "height_m": 9.0, "area_m2": 21362.425425142588 }, "geometry": { "type": "Polygon", "coordinates": [ [ [ 116.39875, 39.85475 ], [ 116.40025, 39.85475 ], [ 116.40025, 39.85625 ], [ 116.39875, 39.85625 ], [ 116.39875, 39.85475 ] ] ] } },
{ "type": "Feature", "properties": { "place_id": 890, "height_m": 9.0, "area_m2": 21360.893491299674 }, "geometry": { "type": "Polygon", "coordinates": [ [ [ 116.39875, 39.85975 ], [ 116.40025, 39.85975 ], [ 116.40025, 39.86125 ], [ 116.39875, 39.86125 ], [ 116.39875, 39.85975 ] ] ] } },
{ "type": "Feature", "properties": { "place_id": 891, "height_m": 9.0, "area_m2": 21359.361392086514 }, "geometry": { "type": "Polygon", "coordinates": [ [ [ 116.39875, 39.86475 ], [ 116.40025, 39.86475 ], [ 116.40025, 39.86625 ], [ 116.39875, 39.86625 ], [ 116.39875, 39.86475 ] ] ] } },
{ "type": "Feature", "properties": { "place_id": 892, "height_m": 9.0, "area_m2": 21357.829127354897 }, "geometry": { "type": "Polygon", "coordinates": [ [ [ 116.39875, 39.86975 ], [ 116.40025, 39.86975 ], [ 116.40025, 39.87125 ], [ 116.39875, 39.87125 ], [ 116.39875, 39.86975 ] ] ] } },
{ "type": "Feature", "properties": { "place_id": 893, "height_m": 9.0, "area_m2": 21356.296697285765 }, "geometry": { "type": "Polygon", "coordinates": [ [ [ 116.39875, 39.87475 ], [ 116.40025, 39.87475 ], [ 116.40025, 39.87625 ], [ 116.39875, 39.87625 ], [ 116.39875, 39.87475 ] ] ] } },
{ "type": "Feature", "properties": { "place_id": 894, "height_m": 9.0, "area_m2": 21354.764101698169 }, "geometry": { "type": "Polygon", "coordinates": [ [ [ 116.39875, 39.87975 ], [ 116.40025, 39.87975 ], [ 116.40025, 39.88125 ], [ 116.39875, 39.88125 ], [ 116.39875, 39.87975 ] ] ] } },
{ "type": "Feature", "properties": { "place_id": 895, "height_m": 9.0, "area_m2": 21353.231340909722 }, "geometry": { "type": "Polygon", "coordinates": [ [ [ 116.39875, 39.88475 ], [ 116.40025, 39.88475 ], [ 116.40025, 39.88625 ], [ 116.39875, 39.88625 ], [ 116.39875, 39.88475 ] ] ] } },
{ "type": "Feature", "properties": { "place_id": 896, "height_m": 9.0, "area_m2": 21351.698414330578 }, "geometry": { "type": "Polygon", "coordinates": [ [ [ 116.39875, 39.88975 ], [ 116.40025, 39.88975 ], [ 116.40025, 39.89125 ], [ 116.39875, 39.89125 ], [ 116.39875, 39.88975 ] ] ] } },
{ "type": "Feature", "properties": { "place_id": 897, "height_m": 9.0, "area_m2": 21350.165322880803 }, "geometry": { "type": "Polygon", "coordinates": [ [ [ 116.39875, 39.89475 ], [ 116.40025, 39.89475 ], [ 116.40025, 39.89625 ], [ 116.39875, 39.89625 ], [ 116.39875, 39.89475 ] ] ] } },
{ "type": "Feature", "properties": { "place_id": 898, "height_m": 9.0, "area_m2": 21348.632065901264 }, "geometry": { "type": "Polygon", "coordinates": [ [ [ 116.39875, 39.89975 ], [ 116.40025, 39.89975 ], [ 116.40025, 39.90125 ], [ 116.39875, 39.90125 ], [ 116.39875, 39.89975 ] ] ] } },
{ "type": "Feature", "properties": { "place_id": 899, "height_m": 9.0, "area_m2": 21347.098643769161 }, "geometry": { "type": "Polygon", "coordinates": [ [ [ 116.39875, 39.90475 ], [ 116.40025, 39.90475 ], [ 116.40025, 39.90625 ], [ 116.39875, 39.90625 ], [ 116.39875, 39.90475 ] ] ] } },
{ "type": "Feature", "properties": { "place_id": 900, "height_m": 9.0, "area_m2": 21345.565056060543 }, "geometry": { "type": "Polygon", "coordinates": [ [ [ 116.39875, 39.90975 ], [ 116.40025, 39.90975 ], [ 116.40025, 39.91125 ], [ 116.39875, 39.91125 ], [ 116.39875, 39.90975 ] ] ] } },
{ "type": "Feature", "properties": { "place_id": 901, "height_m": 9.0, "area_m2": 21344.031303108943 }, "geometry": { "type": "Polygon", "coordinates": [ [ [ 116.39875, 39.91475 ], [ 116.40025, 39.91475 ], [ 116.40025, 39.91625 ], [ 116.39875, 39.91625 ], [ 116.39875, 39.91475 ] ] ] } },
{ "type": "Feature", "properties": { "place_id": 902, "height_m": 9.0, "area_m2": 21342.497384853468 }, "geometry": { "type": "Polygon", "coordinates": [ [ [ 116.39875, 39.91975 ], [ 116.40025, 39.91975 ], [ 116.40025, 39.92125 ], [ 116.39875, 39.92125 ], [ 116.39875, 39.91975 ] ] ] } },
{ "type": "Feature", "properties": { "place_id": 903, "height_m": 9.0, "area_m2": 21340.963301432374 }, "geometry": { "type": "Polygon", "coordinates": [ [ [ 116.39875, 39.92475 ], [ 116.40025, 39.92475 ], [ 116.40025, 39.92625 ], [ 116.39875, 39.92625 ], [ 116.39875, 39.92475 ] ] ] } },
{ "type": "Feature", "properties": { "place_id": 904, "height_m": 9.0, "area_m2": 21339.42905260043 }, "geometry": { "type": "Polygon", "coordinates": [ [ [ 116.39875, 39.92975 ], [ 116.40025, 39.92975 ], [ 116.40025, 39.93125 ], [ 116.39875, 39.93125 ], [ 116.39875, 39.92975 ] ] ] } },
{ "type": "Feature", "properties": { "place_id": 905, "height_m": 9.0, "area_m2": 21337.894638617334 }, "geometry": { "type": "Polygon", "coordinates": [ [ [ 116.39875, 39.93475 ], [ 116.40025, 39.93475 ], [ 116.40025, 39.93625 ], [ 116.39875, 39.93625 ], [ 116.39875, 39.93475 ] ] ] } },
{ "type": "Feature", "properties": { "place_id": 906, "height_m": 9.0, "area_m2": 21336.360059196024 }, "geometry": { "type": "Polygon", "coordinates": [ [ [ 116.39875, 39.93975 ], [ 116.40025, 39.93975 ], [ 116.40025, 39.94125 ], [ 116.39875, 39.94125 ], [ 116.39875, 39.93975 ] ] ] } },
{ "type": "Feature", "properties": { "place_id": 907, "height_m": 9.0, "area_m2": 21334.825314596143 }, "geometry": { "type": "Polygon", "coordinates": [ [ [ 116.39875, 39.94475 ], [ 116.40025, 39.94475 ], [ 116.40025, 39.94625 ], [ 116.39875, 39.94625 ], [ 116.39875, 39.94475 ] ] ] } },
{ "type": "Feature", "properties": { "place_id": 908, "height_m": 9.0, "area_m2": 21333.290404925709 }, "geometry": { "type": "Polygon", "coordinates": [ [ [ 116.39875, 39.94975 ], [ 116.40025, 39.94975 ], [ 116.40025, 39.95125 ], [ 116.39875, 39.95125 ], [ 116.39875, 39.94975 ] ] ] } },
{ "type": "Feature", "properties": { "place_id": 909, "height_m": 9.0, "area_m2": 21331.755329621392 }, "geometry": { "type": "Polygon", "coordinates": [ [ [ 116.39875, 39.95475 ], [ 116.40025, 39.95475 ], [ 116.40025, 39.95625 ], [ 116.39875, 39.95625 ], [ 116.39875, 39.95475 ] ] ] } },
{ "type": "Feature", "properties": { "place_id": 910, "height_m": 9.0, "area_m2": 21330.220089757669 }, "geometry": { "type": "Polygon", "coordinates": [ [ [ 116.39875, 39.95975 ], [ 116.40025, 39.95975 ], [ 116.40025, 39.96125 ], [ 116.39875, 39.96125 ], [ 116.39875, 39.95975 ] ] ] } },
{ "type": "Feature", "properties": { "place_id": 911, "height_m": 9.0, "area_m2": 21328.684683847783 }, "geometry": { "type": "Polygon", "coordinates": [ [ [ 116.39875, 39.96475 ], [ 116.40025, 39.96475 ], [ 116.40025, 39.96625 ], [ 116.39875, 39.96625 ], [ 116.39875, 39.96475 ] ] ] } },
{ "type": "Feature", "properties": { "place_id": 912, "height_m": 9.0, "area_m2": 21363.93416606605 }, "geometry": { "type": "Polygon", "coordinates": [ [ [ 116.40375, 39.84975 ], [ 116.40525, 39.84975 ], [ 116.40525, 39.85125 ], [ 116.40375, 39.85125 ], [ 116.40375, 39.84975 ] ] ] } },
{ "type": "Feature", "properties": { "place_id": 913, "height_m": 9.0, "area_m2": 21362.402402374828 }, "geometry": { "type": "Polygon", "coordinates": [ [ [ 116.40375, 39.85475 ], [ 116.40525, 39.85475 ], [ 116.40525, 39.85625 ], [ 116.40375, 39.85625 ], [ 116.40375, 39.85475 ] ] ] } },
{ "type": "Feature", "properties": { "place_id": 914, "height_m": 9.0, "area_m2": 21360.870473553688 }, "geometry": { "type": "Polygon", "coordinates": [ [ [ 116.40375, 39.85975 ], [ 116.40525, 39.85975 ], [ 116.40525, 39.86125 ], [ 116.40375, 39.86125 ], [ 116.40375, 39.85975 ] ] ] } },
{ "type": "Feature", "properties": { "place_id": 915, "height_m": 9.0, "area_m2": 21359.338379294168 }, "geometry": { "type": "Polygon", "coordinates": [ [ [ 116.40375, 39.86475 ], [ 116.40525, 39.86475 ], [ 116.40525, 39.86625 ], [ 116.40375, 39.86625 ], [ 116.40375, 39.86475 ] ] ] } },
{ "type": "Feature", "properties": { "place_id": 916, "height_m": 9.0, "area_m2": 21357.806119635512 }, "geometry": { "type": "Polygon", "coordinates": [ [ [ 116.40375, 39.86975 ], [ 116.40525, 39.86975 ], [ 116.40525, 39.87125 ], [ 116.40375, 39.87125 ], [ 116.40375, 39.86975 ] ] ] } },
{ "type": "Feature", "properties": { "place_id": 917, "height_m": 9.0, "area_m2": 21356.273694511001 }, "geometry": { "type": "Polygon", "coordinates": [ [ [ 116.40375, 39.87475 ], [ 116.40525, 39.87475 ], [ 116.40525, 39.87625 ], [ 116.40375, 39.87625 ], [ 116.40375, 39.87475 ] ] ] } },
{ "type": "Feature", "properties": { "place_id": 918, "height_m": 9.0, "area_m2": 21354.741103875502 }, "geometry": { "type": "Polygon", "coordinates": [ [ [ 116.40375, 39.87975 ], [ 116.40525, 39.87975 ], [ 116.40525, 39.88125 ], [ 116.40375, 39.88125 ], [ 116.40375, 39.87975 ] ] ] } },
{ "type": "Feature", "properties": { "place_id": 919, "height_m": 9.0, "area_m2": 21353.208348096352 }, "geometry": { "type": "Polygon", "coordinates": [ [ [ 116.40375, 39.88475 ], [ 116.40525, 39.88475 ], [ 116.40525, 39.88625 ], [ 116.40375, 39.88625 ], [ 116.40375, 39.88475 ] ] ] } },
{ "type": "Feature", "properties": { "place_id": 920, "height_m": 9.0, "area_m2": 21351.675426596317 }, "geometry": { "type": "Polygon", "coordinates": [ [ [ 116.40375, 39.88975 ], [ 116.40525, 39.88975 ], [ 116.40525, 39.89125 ], [ 116.40375, 39.89125 ], [ 116.40375, 39.88975 ] ] ] } },
{ "type": "Feature", "properties": { "place_id": 921, "height_m": 9.0, "area_m2": 21350.142340218448 }, "geometry": { "type": "Polygon", "coordinates": [ [ [ 116.40375, 39.89475 ], [ 116.40525, 39.89475 ], [ 116.40525, 39.89625 ], [ 116.40375, 39.89625 ], [ 116.40375, 39.89475 ] ] ] } },
{ "type": "Feature", "properties": { "place_id": 922, "height_m": 9.0, "area_m2": 21348.609088306861 }, "geometry": { "type": "Polygon", "coordinates": [ [ [ 116.40375, 39.89975 ], [ 116.40525, 39.89975 ], [ 116.40525, 39.90125 ], [ 116.40375, 39.90125 ], [ 116.40375, 39.89975 ] ] ] } },
{ "type": "Feature", "properties": { "place_id": 923, "height_m": 9.0, "area_m2": 21347.075670998805 }, "geometry": { "type": "Polygon", "coordinates": [ [ [ 116.40375, 39.90475 ], [ 116.40525, 39.90475 ], [ 116.40525, 39.90625 ], [ 116.40375, 39.90625 ], [ 116.40375, 39.90475 ] ] ] } },
{ "type": "Feature", "properties": { "place_id": 924, "height_m": 9.0, "area_m2": 21345.542088369486 }, "geometry": { "type": "Polygon", "coordinates": [ [ [ 116.40375, 39.90975 ], [ 116.40525, 39.90975 ], [ 116.40525, 39.91125 ], [ 116.40375, 39.91125 ], [ 116.40375, 39.90975 ] ] ] } },
{ "type": "Feature", "properties": { "place_id": 925, "height_m": 9.0, "area_m2": 21344.008340485212 }, "geometry": { "type": "Polygon", "coordinates": [ [ [ 116.40375, 39.91475 ], [ 116.40525, 39.91475 ], [ 116.40525, 39.91625 ], [ 116.40375, 39.91625 ], [ 116.40375, 39.91475 ] ] ] } },
{ "type": "Feature", "properties": { "place_id": 926, "height_m": 9.0, "area_m2": 21342.474427358095 }, "geometry": { "type": "Polygon", "coordinates": [ [ [ 116.40375, 39.91975 ], [ 116.40525, 39.91975 ], [ 116.40525, 39.92125 ], [ 116.40375, 39.92125 ], [ 116.40375, 39.91975 ] ] ] } },
{ "type": "Feature", "properties": { "place_id": 927, "height_m": 9.0, "area_m2": 21340.940348821558 }, "geometry": { "type": "Polygon", "coordinates": [ [ [ 116.40375, 39.92475 ], [ 116.40525, 39.92475 ], [ 116.40525, 39.92625 ], [ 116.40375, 39.92625 ], [ 116.40375, 39.92475 ] ] ] } },
{ "type": "Feature", "properties": { "place_id": 928, "height_m": 9.0, "area_m2": 21339.406105118629 }, "geometry": { "type": "Polygon", "coordinates": [ [ [ 116.40375, 39.92975 ], [ 116.40525, 39.92975 ], [ 116.40525, 39.93125 ], [ 116.40375, 39.93125 ], [ 116.40375, 39.92975 ] ] ] } },
{ "type": "Feature", "properties": { "place_id": 929, "height_m": 9.0, "area_m2": 21337.87169614766 }, "geometry": { "type": "Polygon", "coordinates": [ [ [ 116.40375, 39.93475 ], [ 116.40525, 39.93475 ], [ 116.40525, 39.93625 ], [ 116.40375, 39.93625 ], [ 116.40375, 39.93475 ] ] ] } },
{ "type": "Feature", "properties": { "place_id": 930, "height_m": 9.0, "area_m2": 21336.337121801676 }, "geometry": { "type": "Polygon", "coordinates": [ [ [ 116.40375, 39.93975 ], [ 116.40525, 39.93975 ], [ 116.40525, 39.94125 ], [ 116.40375, 39.94125 ], [ 116.40375, 39.93975 ] ] ] } },
{ "type": "Feature", "properties": { "place_id": 931, "height_m": 9.0, "area_m2": 21334.80238214093 }, "geometry": { "type": "Polygon", "coordinates": [ [ [ 116.40375, 39.94475 ], [ 116.40525, 39.94475 ], [ 116.40525, 39.94625 ], [ 116.40375, 39.94625 ], [ 116.40375, 39.94475 ] ] ] } },
{ "type": "Feature", "properties": { "place_id": 932, "height_m": 9.0, "area_m2": 21333.267477425026 }, "geometry": { "type": "Polygon", "coordinates": [ [ [ 116.40375, 39.94975 ], [ 116.40525, 39.94975 ], [ 116.40525, 39.95125 ], [ 116.40375, 39.95125 ], [ 116.40375, 39.94975 ] ] ] } },
{ "type": "Feature", "properties": { "place_id": 933, "height_m": 9.0, "area_m2": 21331.732407240052 }, "geometry": { "type": "Polygon", "coordinates": [ [ [ 116.40375, 39.95475 ], [ 116.40525, 39.95475 ], [ 116.40525, 39.95625 ], [ 116.40375, 39.95625 ], [ 116.40375, 39.95475 ] ] ] } },
{ "type": "Feature", "properties": { "place_id": 934, "height_m": 9.0, "area_m2": 21330.197172195538 }, "geometry": { "type": "Polygon", "coordinates": [ [ [ 116.40375, 39.95975 ], [ 116.40525, 39.95975 ], [ 116.40525, 39.96125 ], [ 116.40375, 39.96125 ], [ 116.40375, 39.95975 ] ] ] } },
{ "type": "Feature", "properties": { "place_id": 935, "height_m": 9.0, "area_m2": 21328.661771414241 }, "geometry": { "type": "Polygon", "coordinates": [ [ [ 116.40375, 39.96475 ], [ 116.40525, 39.96475 ], [ 116.40525, 39.96625 ], [ 116.40375, 39.96625 ], [ 116.40375, 39.96475 ] ] ] } },
{ "type": "Feature", "properties": { "place_id": 936, "height_m": 9.0, "area_m2": 21363.911330325151 }, "geometry": { "type": "Polygon", "coordinates": [ [ [ 116.40875, 39.84975 ], [ 116.41025, 39.84975 ], [ 116.41025, 39.85125 ], [ 116.40875, 39.85125 ], [ 116.40875, 39.84975 ] ] ] } },
{ "type": "Feature", "properties": { "place_id": 937, "height_m": 9.0, "area_m2": 21362.379571693622 }, "geometry": { "type": "Polygon", "coordinates": [ [ [ 116.40875, 39.85475 ], [ 116.41025, 39.85475 ], [ 116.41025, 39.85625 ], [ 116.40875, 39.85625 ], [ 116.40875, 39.85475 ] ] ] } },
{ "type": "Feature", "properties": { "place_id": 938, "height_m": 9.0, "area_m2": 21360.847647987393 }, "geometry": { "type": "Polygon", "coordinates": [ [ [ 116.40875, 39.85975 ], [ 116.41025, 39.85975 ], [ 116.41025, 39.86125 ], [ 116.40875, 39.86125 ], [ 116.40875, 39.85975 ] ] ] } },
{ "type": "Feature", "properties": { "place_id": 939, "height_m": 9.0, "area_m2": 21359.315558678412 }, "geometry": { "type": "Polygon", "coordinates": [ [ [ 116.40875, 39.86475 ], [ 116.41025, 39.86475 ], [ 116.41025, 39.86625 ], [ 116.40875, 39.86625 ], [ 116.40875, 39.86475 ] ] ] } },
{ "type": "Feature", "properties": { "place_id": 940, "height_m": 9.0, "area_m2": 21357.783303836055 }, "geometry": { "type": "Polygon", "coordinates": [ [ [ 116.40875, 39.86975 ], [ 116.41025, 39.86975 ], [ 116.41025, 39.87125 ], [ 116.40875, 39.87125 ], [ 116.40875, 39.86975 ] ] ] } },
{ "type": "Feature", "properties": { "place_id": 941, "height_m": 9.0, "area_m2": 21356.250883701534 }, "geometry": { "type": "Polygon", "coordinates": [ [ [ 116.40875, 39.87475 ], [ 116.41025, 39.87475 ], [ 116.41025, 39.87625 ], [ 116.40875, 39.87625 ], [ 116.40875, 39.87475 ] ] ] } },
{ "type": "Feature", "properties": { "place_id": 942, "height_m": 9.0, "area_m2": 21354.718298121894 }, "geometry": { "type": "Polygon", "coordinates": [ [ [ 116.40875, 39.87975 ], [ 116.41025, 39.87975 ], [ 116.41025, 39.88125 ], [ 116.40875, 39.88125 ], [ 116.40875, 39.87975 ] ] ] } },
{ "type": "Feature", "properties": { "place_id": 943, "height_m": 9.0, "area_m2": 21353.185547287652 }, "geometry": { "type": "Polygon", "coordinates": [ [ [ 116.40875, 39.88475 ], [ 116.41025, 39.88475 ], [ 116.41025, 39.88625 ], [ 116.40875, 39.88625 ], [ 116.40875, 39.88475 ] ] ] } },
{ "type": "Feature", "properties": { "place_id": 944, "height_m": 9.0, "area_m2": 21351.652630847962 }, "geometry": { "type": "Polygon", "coordinates": [ [ [ 116.40875, 39.88975 ], [ 116.41025, 39.88975 ], [ 116.41025, 39.89125 ], [ 116.40875, 39.89125 ], [ 116.40875, 39.88975 ] ] ] } },
{ "type": "Feature", "properties": { "place_id": 945, "height_m": 9.0, "area_m2": 21350.119549332216 }, "geometry": { "type": "Polygon", "coordinates": [ [ [ 116.40875, 39.89475 ], [ 116.41025, 39.89475 ], [ 116.41025, 39.89625 ], [ 116.40875, 39.89625 ], [ 116.40875, 39.89475 ] ] ] } },
{ "type": "Feature", "properties": { "place_id": 946, "height_m": 9.0, "area_m2": 21348.586302306765 }, "geometry": { "type": "Polygon", "coordinates": [ [ [ 116.40875, 39.89975 ], [ 116.41025, 39.89975 ], [ 116.41025, 39.90125 ], [ 116.40875, 39.90125 ], [ 116.40875, 39.89975 ] ] ] } },
{ "type": "Feature", "properties": { "place_id": 947, "height_m": 9.0, "area_m2": 21347.052890059462 }, "geometry": { "type": "Polygon", "coordinates": [ [ [ 116.40875, 39.90475 ], [ 116.41025, 39.90475 ], [ 116.41025, 39.90625 ], [ 116.40875, 39.90625 ], [ 116.40875, 39.90475 ] ] ] } },
{ "type": "Feature", "properties": { "place_id": 948, "height_m": 9.0, "area_m2": 21345.519312544999 }, "geometry": { "type": "Polygon", "coordinates": [ [ [ 116.40875, 39.90975 ], [ 116.41025, 39.90975 ], [ 116.41025, 39.91125 ], [ 116.40875, 39.91125 ], [ 116.40875, 39.90975 ] ] ] } },
{ "type": "Feature", "properties": { "place_id": 949, "height_m": 9.0, "area_m2": 21343.985569596782 }, "geometry": { "type": "Polygon", "coordinates": [ [ [ 116.40875, 39.91475 ], [ 116.41025, 39.91475 ], [ 116.41025, 39.91625 ], [ 116.40875, 39.91625 ], [ 116.40875, 39.91475 ] ] ] } },
{ "type": "Feature", "properties": { "place_id": 950, "height_m": 9.0, "area_m2": 21342.451661406682 }, "geometry": { "type": "Polygon", "coordinates": [ [ [ 116.40875, 39.91975 ], [ 116.41025, 39.91975 ], [ 116.41025, 39.92125 ], [ 116.40875, 39.92125 ], [ 116.40875, 39.91975 ] ] ] } },
{ "type": "Feature", "properties": { "place_id": 951, "height_m": 9.0, "area_m2": 21340.917587860149 }, "geometry": { "type": "Polygon", "coordinates": [ [ [ 116.40875, 39.92475 ], [ 116.41025, 39.92475 ], [ 116.41025, 39.92625 ], [ 116.40875, 39.92625 ], [ 116.40875, 39.92475 ] ] ] } },
{ "type": "Feature", "properties": { "place_id": 952, "height_m": 9.0, "area_m2": 21339.383349097581 }, "geometry": { "type": "Polygon", "coordinates": [ [ [ 116.40875, 39.92975 ], [ 116.41025, 39.92975 ], [ 116.41025, 39.93125 ], [ 116.40875, 39.93125 ], [ 116.40875, 39.92975 ] ] ] } },
{ "type": "Feature", "properties": { "place_id": 953, "height_m": 9.0, "area_m2": 21337.84894493988 }, "geometry": { "type": "Polygon", "coordinates": [ [ [ 116.40875, 39.93475 ], [ 116.41025, 39.93475 ], [ 116.41025, 39.93625 ], [ 116.40875, 39.93625 ], [ 116.40875, 39.93475 ] ] ] } },
{ "type": "Feature", "properties": { "place_id": 954, "height_m": 9.0, "area_m2": 21336.314375583337 }, "geometry": { "type": "Polygon", "coordinates": [ [ [ 116.40875, 39.93975 ], [ 116.41025, 39.93975 ], [ 116.41025, 39.94125 ], [ 116.40875, 39.94125 ], [ 116.40875, 39.93975 ] ] ] } },
{ "type": "Feature", "properties": { "place_id": 955, "height_m": 9.0, "area_m2": 21334.77964103912 }, "geometry": { "type": "Polygon", "coordinates": [ [ [ 116.40875, 39.94475 ], [ 116.41025, 39.94475 ], [ 116.41025, 39.94625 ], [ 116.40875, 39.94625 ], [ 116.40875, 39.94475 ] ] ] } },
{ "type": "Feature", "properties": { "place_id": 956, "height_m": 9.0, "area_m2": 21333.244741255137 }, "geometry": { "type": "Polygon", "coordinates": [ [ [ 116.40875, 39.94975 ], [ 116.41025, 39.94975 ], [ 116.41025, 39.95125 ], [ 116.40875, 39.95125 ], [ 116.40875, 39.94975 ] ] ] } },
{ "type": "Feature", "properties": { "place_id": 957, "height_m": 9.0, "area_m2": 21331.709676001934 }, "geometry": { "type": "Polygon", "coordinates": [ [ [ 116.40875, 39.95475 ], [ 116.41025, 39.95475 ], [ 116.41025, 39.95625 ], [ 116.40875, 39.95625 ], [ 116.40875, 39.95475 ] ] ] } },
{ "type": "Feature", "properties": { "place_id": 958, "height_m": 9.0, "area_m2": 21330.174445958866 }, "geometry": { "type": "Polygon", "coordinates": [ [ [ 116.40875, 39.95975 ], [ 116.41025, 39.95975 ], [ 116.41025, 39.96125 ], [ 116.40875, 39.96125 ], [ 116.40875, 39.95975 ] ] ] } },
{ "type": "Feature", "properties": { "place_id": 959, "height_m": 9.0, "area_m2": 21328.639050172933 }, "geometry": { "type": "Polygon", "coordinates": [ [ [ 116.40875, 39.96475 ], [ 116.41025, 39.96475 ], [ 116.41025, 39.96625 ], [ 116.40875, 39.96625 ], [ 116.40875, 39.96475 ] ] ] } },
{ "type": "Feature", "properties": { "place_id": 960, "height_m": 9.0, "area_m2": 21363.888686985607 }, "geometry": { "type": "Polygon", "coordinates": [ [ [ 116.41375, 39.84975 ], [ 116.41525, 39.84975 ], [ 116.41525, 39.85125 ], [ 116.41375, 39.85125 ], [ 116.41375, 39.84975 ] ] ] } },
{ "type": "Feature", "properties": { "place_id": 961, "height_m": 9.0, "area_m2": 21362.356933152249 }, "geometry": { "type": "Polygon", "coordinates": [ [ [ 116.41375, 39.85475 ], [ 116.41525, 39.85475 ], [ 116.41525, 39.85625 ], [ 116.41375, 39.85625 ], [ 116.41375, 39.85475 ] ] ] } },
{ "type": "Feature", "properties": { "place_id": 962, "height_m": 9.0, "area_m2": 21360.825014488863 }, "geometry": { "type": "Polygon", "coordinates": [ [ [ 116.41375, 39.85975 ], [ 116.41525, 39.85975 ], [ 116.41525, 39.86125 ], [ 116.41375, 39.86125 ], [ 116.41375, 39.85975 ] ] ] } },
{ "type": "Feature", "properties": { "place_id": 963, "height_m": 9.0, "area_m2": 21359.292930042735 }, "geometry": { "type": "Polygon", "coordinates": [ [ [ 116.41375, 39.86475 ], [ 116.41525, 39.86475 ], [ 116.41525, 39.86625 ], [ 116.41375, 39.86625 ], [ 116.41375, 39.86475 ] ] ] } },
{ "type": "Feature", "properties": { "place_id": 964, "height_m": 9.0, "area_m2": 21357.760680067942 }, "geometry": { "type": "Polygon", "coordinates": [ [ [ 116.41375, 39.86975 ], [ 116.41525, 39.86975 ], [ 116.41525, 39.87125 ], [ 116.41375, 39.87125 ], [ 116.41375, 39.86975 ] ] ] } },
{ "type": "Feature", "properties": { "place_id": 965, "height_m": 9.0, "area_m2": 21356.228265105856 }, "geometry": { "type": "Polygon", "coordinates": [ [ [ 116.41375, 39.87475 ], [ 116.41525, 39.87475 ], [ 116.41525, 39.87625 ], [ 116.41375, 39.87625 ], [ 116.41375, 39.87475 ] ] ] } },
{ "type": "Feature", "properties": { "place_id": 966, "height_m": 9.0, "area_m2": 21354.695684328264 }, "geometry": { "type": "Polygon", "coordinates": [ [ [ 116.41375, 39.87975 ], [ 116.41525, 39.87975 ], [ 116.41525, 39.88125 ], [ 116.41375, 39.88125 ], [ 116.41375, 39.87975 ] ] ] } },
{ "type": "Feature", "properties": { "place_id": 967, "height_m": 9.0, "area_m2": 21353.162938479745 }, "geometry": { "type": "Polygon", "coordinates": [ [ [ 116.41375, 39.88475 ], [ 116.41525, 39.88475 ], [ 116.41525, 39.88625 ], [ 116.41375, 39.88625 ], [ 116.41375, 39.88475 ] ] ] } },
{ "type": "Feature", "properties": { "place_id": 968, "height_m": 9.0, "area_m2": 21351.630026951465 }, "geometry": { "type": "Polygon", "coordinates": [ [ [ 116.41375, 39.88975 ], [ 116.41525, 39.88975 ], [ 116.41525, 39.89125 ], [ 116.41375, 39.89125 ], [ 116.41375, 39.88975 ] ] ] } },
{ "type": "Feature", "properties": { "place_id": 969, "height_m": 9.0, "area_m2": 21350.096950314059 }, "geometry": { "type": "Polygon", "coordinates": [ [ [ 116.41375, 39.89475 ], [ 116.41525, 39.89475 ], [ 116.41525, 39.89625 ], [ 116.41375, 39.89625 ], [ 116.41375, 39.89475 ] ] ] } },
{ "type": "Feature", "properties": { "place_id": 970, "height_m": 9.0, "area_m2": 21348.563708445421 }, "geometry": { "type": "Polygon", "coordinates": [ [ [ 116.41375, 39.89975 ], [ 116.41525, 39.89975 ], [ 116.41525, 39.90125 ], [ 116.41375, 39.90125 ], [ 116.41375, 39.89975 ] ] ] } },
{ "type": "Feature", "properties": { "place_id": 971, "height_m": 9.0, "area_m2": 21347.030301001319 }, "geometry": { "type": "Polygon", "coordinates": [ [ [ 116.41375, 39.90475 ], [ 116.41525, 39.90475 ], [ 116.41525, 39.90625 ], [ 116.41375, 39.90625 ], [ 116.41375, 39.90475 ] ] ] } },
{ "type": "Feature", "properties": { "place_id": 972, "height_m": 9.0, "area_m2": 21345.496728230686 }, "geometry": { "type": "Polygon", "coordinates": [ [ [ 116.41375, 39.90975 ], [ 116.41525, 39.90975 ], [ 116.41525, 39.91125 ], [ 116.41375, 39.91125 ], [ 116.41375, 39.90975 ] ] ] } },
{ "type": "Feature", "properties": { "place_id": 973, "height_m": 9.0, "area_m2": 21343.962990262138 }, "geometry": { "type": "Polygon", "coordinates": [ [ [ 116.41375, 39.91475 ], [ 116.41525, 39.91475 ], [ 116.41525, 39.91625 ], [ 116.41375, 39.91625 ], [ 116.41375, 39.91475 ] ] ] } },
{ "type": "Feature", "properties": { "place_id": 974, "height_m": 9.0, "area_m2": 21342.429086993961 }, "geometry": { "type": "Polygon", "coordinates": [ [ [ 116.41375, 39.91975 ], [ 116.41525, 39.91975 ], [ 116.41525, 39.92125 ], [ 116.41375, 39.92125 ], [ 116.41375, 39.91975 ] ] ] } },
{ "type": "Feature", "properties": { "place_id": 975, "height_m": 9.0, "area_m2": 21340.895018431544 }, "geometry": { "type": "Polygon", "coordinates": [ [ [ 116.41375, 39.92475 ], [ 116.41525, 39.92475 ], [ 116.41525, 39.92625 ], [ 116.41375, 39.92625 ], [ 116.41375, 39.92475 ] ] ] } },
{ "type": "Feature", "properties": { "place_id": 976, "height_m": 9.0, "area_m2": 21339.360784528642 }, "geometry": { "type": "Polygon", "coordinates": [ [ [ 116.41375, 39.92975 ], [ 116.41525, 39.92975 ], [ 116.41525, 39.93125 ], [ 116.41375, 39.93125 ], [ 116.41375, 39.92975 ] ] ] } },
{ "type": "Feature", "properties": { "place_id": 977, "height_m": 9.0, "area_m2": 21337.826385288565 }, "geometry": { "type": "Polygon", "coordinates": [ [ [ 116.41375, 39.93475 ], [ 116.41525, 39.93475 ], [ 116.41525, 39.93625 ], [ 116.41375, 39.93625 ], [ 116.41375, 39.93475 ] ] ] } },
{ "type": "Feature", "properties": { "place_id": 978, "height_m": 9.0, "area_m2": 21336.29182097083 }, "geometry": { "type": "Polygon", "coordinates": [ [ [ 116.41375, 39.93975 ], [ 116.41525, 39.93975 ], [ 116.41525, 39.94125 ], [ 116.41375, 39.94125 ], [ 116.41375, 39.93975 ] ] ] } },
{ "type": "Feature", "properties": { "place_id": 979, "height_m": 9.0, "area_m2": 21334.757091289568 }, "geometry": { "type": "Polygon", "coordinates": [ [ [ 116.41375, 39.94475 ], [ 116.41525, 39.94475 ], [ 116.41525, 39.94625 ], [ 116.41375, 39.94625 ], [ 116.41375, 39.94475 ] ] ] } },
{ "type": "Feature", "properties": { "place_id": 980, "height_m": 9.0, "area_m2": 21333.222196548792 }, "geometry": { "type": "Polygon", "coordinates": [ [ [ 116.41375, 39.94975 ], [ 116.41525, 39.94975 ], [ 116.41525, 39.95125 ], [ 116.41375, 39.95125 ], [ 116.41375, 39.94975 ] ] ] } },
{ "type": "Feature", "properties": { "place_id": 981, "height_m": 9.0, "area_m2": 21331.687136224209 }, "geometry": { "type": "Polygon", "coordinates": [ [ [ 116.41375, 39.95475 ], [ 116.41525, 39.95475 ], [ 116.41525, 39.95625 ], [ 116.41375, 39.95625 ], [ 116.41375, 39.95475 ] ] ] } },
{ "type": "Feature", "properties": { "place_id": 982, "height_m": 9.0, "area_m2": 21330.151911030993 }, "geometry": { "type": "Polygon", "coordinates": [ [ [ 116.41375, 39.95975 ], [ 116.41525, 39.95975 ], [ 116.41525, 39.96125 ], [ 116.41375, 39.96125 ], [ 116.41375, 39.95975 ] ] ] } },
{ "type": "Feature", "properties": { "place_id": 983, "height_m": 9.0, "area_m2": 21328.616520346866 }, "geometry": { "type": "Polygon", "coordinates": [ [ [ 116.41375, 39.96475 ], [ 116.41525, 39.96475 ], [ 116.41525, 39.96625 ], [ 116.41375, 39.96625 ], [ 116.41375, 39.96475 ] ] ] } },
{ "type": "Feature", "properties": { "place_id": 984, "height_m": 9.0, "area_m2": 21363.866236813992 }, "geometry": { "type": "Polygon", "coordinates": [ [ [ 116.41875, 39.84975 ], [ 116.42025, 39.84975 ], [ 116.42025, 39.85125 ], [ 116.41875, 39.85125 ], [ 116.41875, 39.84975 ] ] ] } },
{ "type": "Feature", "properties": { "place_id": 985, "height_m": 9.0, "area_m2": 21362.334487962304 }, "geometry": { "type": "Polygon", "coordinates": [ [ [ 116.41875, 39.85475 ], [ 116.42025, 39.85475 ], [ 116.42025, 39.85625 ], [ 116.41875, 39.85625 ], [ 116.41875, 39.85475 ] ] ] } },
{ "type": "Feature", "properties": { "place_id": 986, "height_m": 9.0, "area_m2": 21360.802574087931 }, "geometry": { "type": "Polygon", "coordinates": [ [ [ 116.41875, 39.85975 ], [ 116.42025, 39.85975 ], [ 116.42025, 39.86125 ], [ 116.41875, 39.86125 ], [ 116.41875, 39.85975 ] ] ] } },
{ "type": "Feature", "properties": { "place_id": 987, "height_m": 9.0, "area_m2": 21359.270494676468 }, "geometry": { "type": "Polygon", "coordinates": [ [ [ 116.41875, 39.86475 ], [ 116.42025, 39.86475 ], [ 116.42025, 39.86625 ], [ 116.41875, 39.86625 ], [ 116.41875, 39.86475 ] ] ] } },
{ "type": "Feature", "properties": { "place_id": 988, "height_m": 9.0, "area_m2": 21357.73824967588 }, "geometry": { "type": "Polygon", "coordinates": [ [ [ 116.41875, 39.86975 ], [ 116.42025, 39.86975 ], [ 116.42025, 39.87125 ], [ 116.41875, 39.87125 ], [ 116.41875, 39.86975 ] ] ] } },
{ "type": "Feature", "properties": { "place_id": 989, "height_m": 9.0, "area_m2": 21356.205839320661 }, "geometry": { "type": "Polygon", "coordinates": [ [ [ 116.41875, 39.87475 ], [ 116.42025, 39.87475 ], [ 116.42025, 39.87625 ], [ 116.41875, 39.87625 ], [ 116.41875, 39.87475 ] ] ] } },
{ "type": "Feature", "properties": { "place_id": 990, "height_m": 9.0, "area_m2": 21354.673263692755 }, "geometry": { "type": "Polygon", "coordinates": [ [ [ 116.41875, 39.87975 ], [ 116.42025, 39.87975 ], [ 116.42025, 39.88125 ], [ 116.41875, 39.88125 ], [ 116.41875, 39.87975 ] ] ] } },
{ "type": "Feature", "properties": { "place_id": 991, "height_m": 9.0, "area_m2": 21353.140522513808 }, "geometry": { "type": "Polygon", "coordinates": [ [ [ 116.41875, 39.88475 ], [ 116.42025, 39.88475 ], [ 116.42025, 39.88625 ], [ 116.41875, 39.88625 ], [ 116.41875, 39.88475 ] ] ] } },
{ "type": "Feature", "properties": { "place_id": 992, "height_m": 9.0, "area_m2": 21351.607615901768 }, "geometry": { "type": "Polygon", "coordinates": [ [ [ 116.41875, 39.88975 ], [ 116.42025, 39.88975 ], [ 116.42025, 39.89125 ], [ 116.41875, 39.89125 ], [ 116.41875, 39.88975 ] ] ] } },
{ "type": "Feature", "properties": { "place_id": 993, "height_m": 9.0, "area_m2": 21350.074544283245 }, "geometry": { "type": "Polygon", "coordinates": [ [ [ 116.41875, 39.89475 ], [ 116.42025, 39.89475 ], [ 116.42025, 39.89625 ], [ 116.41875, 39.89625 ], [ 116.41875, 39.89475 ] ] ] } },
{ "type": "Feature", "properties": { "place_id": 994, "height_m": 9.0, "area_m2": 21348.541307091575 }, "geometry": { "type": "Polygon", "coordinates": [ [ [ 116.41875, 39.89975 ], [ 116.42025, 39.89975 ], [ 116.42025, 39.90125 ], [ 116.41875, 39.90125 ], [ 116.41875, 39.89975 ] ] ] } },
{ "type": "Feature", "properties": { "place_id": 995, "height_m": 9.0, "area_m2": 21347.007904791193 }, "geometry": { "type": "Polygon", "coordinates": [ [ [ 116.41875, 39.90475 ], [ 116.42025, 39.90475 ], [ 116.42025, 39.90625 ], [ 116.41875, 39.90625 ], [ 116.41875, 39.90475 ] ] ] } },
{ "type": "Feature", "properties": { "place_id": 996, "height_m": 9.0, "area_m2": 21345.47433686713 }, "geometry": { "type": "Polygon", "coordinates": [ [ [ 116.41875, 39.90975 ], [ 116.42025, 39.90975 ], [ 116.42025, 39.91125 ], [ 116.41875, 39.91125 ], [ 116.41875, 39.90975 ] ] ] } },
{ "type": "Feature", "properties": { "place_id": 997, "height_m": 9.0, "area_m2": 21343.940603748757 }, "geometry": { "type": "Polygon", "coordinates": [ [ [ 116.41875, 39.91475 ], [ 116.42025, 39.91475 ], [ 116.42025, 39.91625 ], [ 116.41875, 39.91625 ], [ 116.41875, 39.91475 ] ] ] } },
{ "type": "Feature", "properties": { "place_id": 998, "height_m": 9.0, "area_m2": 21342.406705391779 }, "geometry": { "type": "Polygon", "coordinates": [ [ [ 116.41875, 39.91975 ], [ 116.42025, 39.91975 ], [ 116.42025, 39.92125 ], [ 116.41875, 39.92125 ], [ 116.41875, 39.91975 ] ] ] } },
{ "type": "Feature", "properties": { "place_id": 999, "height_m": 9.0, "area_m2": 21340.872641675334 }, "geometry": { "type": "Polygon", "coordinates": [ [ [ 116.41875, 39.92475 ], [ 116.42025, 39.92475 ], [ 116.42025, 39.92625 ], [ 116.41875, 39.92625 ], [ 116.41875, 39.92475 ] ] ] } },
{ "type": "Feature", "properties": { "place_id": 1000, "height_m": 9.0, "area_m2": 21339.338412672572 }, "geometry": { "type": "Polygon", "coordinates": [ [ [ 116.41875, 39.92975 ], [ 116.42025, 39.92975 ], [ 116.42025, 39.93125 ], [ 116.41875, 39.93125 ], [ 116.41875, 39.92975 ] ] ] } },
{ "type": "Feature", "properties": { "place_id": 1001, "height_m": 9.0, "area_m2": 21337.804018409148 }, "geometry": { "type": "Polygon", "coordinates": [ [ [ 116.41875, 39.93475 ], [ 116.42025, 39.93475 ], [ 116.42025, 39.93625 ], [ 116.41875, 39.93625 ], [ 116.41875, 39.93475 ] ] ] } },
{ "type": "Feature", "properties": { "place_id": 1002, "height_m": 9.0, "area_m2": 21336.269458876613 }, "geometry": { "type": "Polygon", "coordinates": [ [ [ 116.41875, 39.93975 ], [ 116.42025, 39.93975 ], [ 116.42025, 39.94125 ], [ 116.41875, 39.94125 ], [ 116.41875, 39.93975 ] ] ] } },
{ "type": "Feature", "properties": { "place_id": 1003, "height_m": 9.0, "area_m2": 21334.73473410173 }, "geometry": { "type": "Polygon", "coordinates": [ [ [ 116.41875, 39.94475 ], [ 116.42025, 39.94475 ], [ 116.42025, 39.94625 ], [ 116.41875, 39.94625 ], [ 116.41875, 39.94475 ] ] ] } },
{ "type": "Feature", "properties": { "place_id": 1004, "height_m": 9.0, "area_m2": 21333.199844027578 }, "geometry": { "type": "Polygon", "coordinates": [ [ [ 116.41875, 39.94975 ], [ 116.42025, 39.94975 ], [ 116.42025, 39.95125 ], [ 116.41875, 39.95125 ], [ 116.41875, 39.94975 ] ] ] } },
{ "type": "Feature", "properties": { "place_id": 1005, "height_m": 9.0, "area_m2": 21331.664788841696 }, "geometry": { "type": "Polygon", "coordinates": [ [ [ 116.41875, 39.95475 ], [ 116.42025, 39.95475 ], [ 116.42025, 39.95625 ], [ 116.41875, 39.95625 ], [ 116.41875, 39.95475 ] ] ] } },
{ "type": "Feature", "properties": { "place_id": 1006, "height_m": 9.0, "area_m2": 21330.129568621338 }, "geometry": { "type": "Polygon", "coordinates": [ [ [ 116.41875, 39.95975 ], [ 116.42025, 39.95975 ], [ 116.42025, 39.96125 ], [ 116.41875, 39.96125 ], [ 116.41875, 39.95975 ] ] ] } },
{ "type": "Feature", "properties": { "place_id": 1007, "height_m": 9.0, "area_m2": 21328.594182772969 }, "geometry": { "type": "Polygon", "coordinates": [ [ [ 116.41875, 39.96475 ], [ 116.42025, 39.96475 ], [ 116.42025, 39.96625 ], [ 116.41875, 39.96625 ], [ 116.41875, 39.96475 ] ] ] } },
{ "type": "Feature", "properties": { "place_id": 1008, "height_m": 9.0, "area_m2": 21363.843978744299 }, "geometry": { "type": "Polygon", "coordinates": [ [ [ 116.42375, 39.84975 ], [ 116.42525, 39.84975 ], [ 116.42525, 39.85125 ], [ 116.42375, 39.85125 ], [ 116.42375, 39.84975 ] ] ] } },
{ "type": "Feature", "properties": { "place_id": 1009, "height_m": 9.0, "area_m2": 21362.31223491182 }, "geometry": { "type": "Polygon", "coordinates": [ [ [ 116.42375, 39.85475 ], [ 116.42525, 39.85475 ], [ 116.42525, 39.85625 ], [ 116.42375, 39.85625 ], [ 116.42375, 39.85475 ] ] ] } },
{ "type": "Feature", "properties": { "place_id": 1010, "height_m": 9.0, "area_m2": 21360.780325762214 }, "geometry": { "type": "Polygon", "coordinates": [ [ [ 116.42375, 39.85975 ], [ 116.42525, 39.85975 ], [ 116.42525, 39.86125 ], [ 116.42375, 39.86125 ], [ 116.42375, 39.85975 ] ] ] } },
{ "type": "Feature", "properties": { "place_id": 1011, "height_m": 9.0, "area_m2": 21359.248251237554 }, "geometry": { "type": "Polygon", "coordinates": [ [ [ 116.42375, 39.86475 ], [ 116.42525, 39.86475 ], [ 116.42525, 39.86625 ], [ 116.42375, 39.86625 ], [ 116.42375, 39.86475 ] ] ] } },
{ "type": "Feature", "properties": { "place_id": 1012, "height_m": 9.0, "area_m2": 21357.716011071185 }, "geometry": { "type": "Polygon", "coordinates": [ [ [ 116.42375, 39.86975 ], [ 116.42525, 39.86975 ], [ 116.42525, 39.87125 ], [ 116.42375, 39.87125 ], [ 116.42375, 39.86975 ] ] ] } },
{ "type": "Feature", "properties": { "place_id": 1013, "height_m": 9.0, "area_m2": 21356.183605612037 }, "geometry": { "type": "Polygon", "coordinates": [ [ [ 116.42375, 39.87475 ], [ 116.42525, 39.87475 ], [ 116.42525, 39.87625 ], [ 116.42375, 39.87625 ], [ 116.42375, 39.87475 ] ] ] } },
{ "type": "Feature", "properties": { "place_id": 1014, "height_m": 9.0, "area_m2": 21354.65103476846 }, "geometry": { "type": "Polygon", "coordinates": [ [ [ 116.42375, 39.87975 ], [ 116.42525, 39.87975 ], [ 116.42525, 39.88125 ], [ 116.42375, 39.88125 ], [ 116.42375, 39.87975 ] ] ] } },
{ "type": "Feature", "properties": { "place_id": 1015, "height_m": 9.0, "area_m2": 21353.118298660022 }, "geometry": { "type": "Polygon", "coordinates": [ [ [ 116.42375, 39.88475 ], [ 116.42525, 39.88475 ], [ 116.42525, 39.88625 ], [ 116.42375, 39.88625 ], [ 116.42375, 39.88475 ] ] ] } },
{ "type": "Feature", "properties": { "place_id": 1016, "height_m": 9.0, "area_m2": 21351.58539670561 }, "geometry": { "type": "Polygon", "coordinates": [ [ [ 116.42375, 39.88975 ], [ 116.42525, 39.88975 ], [ 116.42525, 39.89125 ], [ 116.42375, 39.89125 ], [ 116.42375, 39.88975 ] ] ] } },
{ "type": "Feature", "properties": { "place_id": 1017, "height_m": 9.0, "area_m2": 21350.052329995036 }, "geometry": { "type": "Polygon", "coordinates": [ [ [ 116.42375, 39.89475 ], [ 116.42525, 39.89475 ], [ 116.42525, 39.89625 ], [ 116.42375, 39.89625 ], [ 116.42375, 39.89475 ] ] ] } },
{ "type": "Feature", "properties": { "place_id": 1018, "height_m": 9.0, "area_m2": 21348.51909774516 }, "geometry": { "type": "Polygon", "coordinates": [ [ [ 116.42375, 39.89975 ], [ 116.42525, 39.89975 ], [ 116.42525, 39.90125 ], [ 116.42375, 39.90125 ], [ 116.42375, 39.89975 ] ] ] } },
{ "type": "Feature", "properties": { "place_id": 1019, "height_m": 9.0, "area_m2": 21346.985700220488 }, "geometry": { "type": "Polygon", "coordinates": [ [ [ 116.42375, 39.90475 ], [ 116.42525, 39.90475 ], [ 116.42525, 39.90625 ], [ 116.42375, 39.90625 ], [ 116.42375, 39.90475 ] ] ] } },
{ "type": "Feature", "properties": { "place_id": 1020, "height_m": 9.0, "area_m2": 21345.452137017375 }, "geometry": { "type": "Polygon", "coordinates": [ [ [ 116.42375, 39.90975 ], [ 116.42525, 39.90975 ], [ 116.42525, 39.91125 ], [ 116.42375, 39.91125 ], [ 116.42375, 39.90975 ] ] ] } },
{ "type": "Feature", "properties": { "place_id": 1021, "height_m": 9.0, "area_m2": 21343.918408797501 }, "geometry": { "type": "Polygon", "coordinates": [ [ [ 116.42375, 39.91475 ], [ 116.42525, 39.91475 ], [ 116.42525, 39.91625 ], [ 116.42375, 39.91625 ], [ 116.42375, 39.91475 ] ] ] } },
{ "type": "Feature", "properties": { "place_id": 1022, "height_m": 9.0, "area_m2": 21342.384515387403 }, "geometry": { "type": "Polygon", "coordinates": [ [ [ 116.42375, 39.91975 ], [ 116.42525, 39.91975 ], [ 116.42525, 39.92125 ], [ 116.42375, 39.92125 ], [ 116.42375, 39.91975 ] ] ] } },
{ "type": "Feature", "properties": { "place_id": 1023, "height_m": 9.0, "area_m2": 21340.850456499207 }, "geometry": { "type": "Polygon", "coordinates": [ [ [ 116.42375, 39.92475 ], [ 116.42525, 39.92475 ], [ 116.42525, 39.92625 ], [ 116.42375, 39.92625 ], [ 116.42375, 39.92475 ] ] ] } },
{ "type": "Feature", "properties": { "place_id": 1024, "height_m": 9.0, "area_m2": 21339.316232399233 }, "geometry": { "type": "Polygon", "coordinates": [ [ [ 116.42375, 39.92975 ], [ 116.42525, 39.92975 ], [ 116.42525, 39.93125 ], [ 116.42375, 39.93125 ], [ 116.42375, 39.92975 ] ] ] } },
{ "type": "Feature", "properties": { "place_id": 1025, "height_m": 9.0, "area_m2": 21337.781842848162 }, "geometry": { "type": "Polygon", "coordinates": [ [ [ 116.42375, 39.93475 ], [ 116.42525, 39.93475 ], [ 116.42525, 39.93625 ], [ 116.42375, 39.93625 ], [ 116.42375, 39.93475 ] ] ] } },
{ "type": "Feature", "properties": { "place_id": 1026, "height_m": 9.0, "area_m2": 21336.247288209335 }, "geometry": { "type": "Polygon", "coordinates": [ [ [ 116.42375, 39.93975 ], [ 116.42525, 39.93975 ], [ 116.42525, 39.94125 ], [ 116.42375, 39.94125 ], [ 116.42375, 39.93975 ] ] ] } },
{ "type": "Feature", "properties": { "place_id": 1027, "height_m": 9.0, "area_m2": 21334.7125683183 }, "geometry": { "type": "Polygon", "coordinates": [ [ [ 116.42375, 39.94475 ], [ 116.42525, 39.94475 ], [ 116.42525, 39.94625 ], [ 116.42375, 39.94625 ], [ 116.42375, 39.94475 ] ] ] } },
{ "type": "Feature", "properties": { "place_id": 1028, "height_m": 9.0, "area_m2": 21333.177683261594 }, "geometry": { "type": "Polygon", "coordinates": [ [ [ 116.42375, 39.94975 ], [ 116.42525, 39.94975 ], [ 116.42525, 39.95125 ], [ 116.42375, 39.95125 ], [ 116.42375, 39.94975 ] ] ] } },
{ "type": "Feature", "properties": { "place_id": 1029, "height_m": 9.0, "area_m2": 21331.642632667212 }, "geometry": { "type": "Polygon", "coordinates": [ [ [ 116.42375, 39.95475 ], [ 116.42525, 39.95475 ], [ 116.42525, 39.95625 ], [ 116.42375, 39.95625 ], [ 116.42375, 39.95475 ] ] ] } },
{ "type": "Feature", "properties": { "place_id": 1030, "height_m": 9.0, "area_m2": 21330.107417222334 }, "geometry": { "type": "Polygon", "coordinates": [ [ [ 116.42375, 39.95975 ], [ 116.42525, 39.95975 ], [ 116.42525, 39.96125 ], [ 116.42375, 39.96125 ], [ 116.42375, 39.95975 ] ] ] } },
{ "type": "Feature", "properties": { "place_id": 1031, "height_m": 9.0, "area_m2": 21328.572036268713 }, "geometry": { "type": "Polygon", "coordinates": [ [ [ 116.42375, 39.96475 ], [ 116.42525, 39.96475 ], [ 116.42525, 39.96625 ], [ 116.42375, 39.96625 ], [ 116.42375, 39.96475 ] ] ] } },
{ "type": "Feature", "properties": { "place_id": 1032, "height_m": 9.0, "area_m2": 21363.82191294933 }, "geometry": { "type": "Polygon", "coordinates": [ [ [ 116.42875, 39.84975 ], [ 116.43025, 39.84975 ], [ 116.43025, 39.85125 ], [ 116.42875, 39.85125 ], [ 116.42875, 39.84975 ] ] ] } },
{ "type": "Feature", "properties": { "place_id": 1033, "height_m": 9.0, "area_m2": 21362.290173876543 }, "geometry": { "type": "Polygon", "coordinates": [ [ [ 116.42875, 39.85475 ], [ 116.43025, 39.85475 ], [ 116.43025, 39.85625 ], [ 116.42875, 39.85625 ], [ 116.42875, 39.85475 ] ] ] } },
{ "type": "Feature", "properties": { "place_id": 1034, "height_m": 9.0, "area_m2": 21360.75826966617 }, "geometry": { "type": "Polygon", "coordinates": [ [ [ 116.42875, 39.85975 ], [ 116.43025, 39.85975 ], [ 116.43025, 39.86125 ], [ 116.42875, 39.86125 ], [ 116.42875, 39.85975 ] ] ] } },
{ "type": "Feature", "properties": { "place_id": 1035, "height_m": 9.0, "area_m2": 21359.226199856173 }, "geometry": { "type": "Polygon", "coordinates": [ [ [ 116.42875, 39.86475 ], [ 116.43025, 39.86475 ], [ 116.43025, 39.86625 ], [ 116.42875, 39.86625 ], [ 116.42875, 39.86475 ] ] ] } },
{ "type": "Feature", "properties": { "place_id": 1036, "height_m": 9.0, "area_m2": 21357.693964627622 }, "geometry": { "type": "Polygon", "coordinates": [ [ [ 116.42875, 39.86975 ], [ 116.43025, 39.86975 ], [ 116.43025, 39.87125 ], [ 116.42875, 39.87125 ], [ 116.42875, 39.86975 ] ] ] } },
{ "type": "Feature", "properties": { "place_id": 1037, "height_m": 9.0, "area_m2": 21356.161563934282 }, "geometry": { "type": "Polygon", "coordinates": [ [ [ 116.42875, 39.87475 ], [ 116.43025, 39.87475 ], [ 116.43025, 39.87625 ], [ 116.42875, 39.87625 ], [ 116.42875, 39.87475 ] ] ] } },
{ "type": "Feature", "properties": { "place_id": 1038, "height_m": 9.0, "area_m2": 21354.62899785423 }, "geometry": { "type": "Polygon", "coordinates": [ [ [ 116.42875, 39.87975 ], [ 116.43025, 39.87975 ], [ 116.43025, 39.88125 ], [ 116.42875, 39.88125 ], [ 116.42875, 39.87975 ] ] ] } },
{ "type": "Feature", "properties": { "place_id": 1039, "height_m": 9.0, "area_m2": 21353.096266566616 }, "geometry": { "type": "Polygon", "coordinates": [ [ [ 116.42875, 39.88475 ], [ 116.43025, 39.88475 ], [ 116.43025, 39.88625 ], [ 116.42875, 39.88625 ], [ 116.42875, 39.88475 ] ] ] } },
{ "type": "Feature", "properties": { "place_id": 1040, "height_m": 9.0, "area_m2": 21351.563369491996 }, "geometry": { "type": "Polygon", "coordinates": [ [ [ 116.42875, 39.88975 ], [ 116.43025, 39.88975 ], [ 116.43025, 39.89125 ], [ 116.42875, 39.89125 ], [ 116.42875, 39.88975 ] ] ] } },
{ "type": "Feature", "properties": { "place_id": 1041, "height_m": 9.0, "area_m2": 21350.030307536799 }, "geometry": { "type": "Polygon", "coordinates": [ [ [ 116.42875, 39.89475 ], [ 116.43025, 39.89475 ], [ 116.43025, 39.89625 ], [ 116.42875, 39.89625 ], [ 116.42875, 39.89475 ] ] ] } },
{ "type": "Feature", "properties": { "place_id": 1042, "height_m": 9.0, "area_m2": 21348.497080056579 }, "geometry": { "type": "Polygon", "coordinates": [ [ [ 116.42875, 39.89975 ], [ 116.43025, 39.89975 ], [ 116.43025, 39.90125 ], [ 116.42875, 39.90125 ], [ 116.42875, 39.89975 ] ] ] } },
{ "type": "Feature", "properties": { "place_id": 1043, "height_m": 9.0, "area_m2": 21346.96368735678 }, "geometry": { "type": "Polygon", "coordinates": [ [ [ 116.42875, 39.90475 ], [ 116.43025, 39.90475 ], [ 116.43025, 39.90625 ], [ 116.42875, 39.90625 ], [ 116.42875, 39.90475 ] ] ] } },
{ "type": "Feature", "properties": { "place_id": 1044, "height_m": 9.0, "area_m2": 21345.430129030807 }, "geometry": { "type": "Polygon", "coordinates": [ [ [ 116.42875, 39.90975 ], [ 116.43025, 39.90975 ], [ 116.43025, 39.91125 ], [ 116.42875, 39.91125 ], [ 116.42875, 39.90975 ] ] ] } },
{ "type": "Feature", "properties": { "place_id": 1045, "height_m": 9.0, "area_m2": 21343.896405689786 }, "geometry": { "type": "Polygon", "coordinates": [ [ [ 116.42875, 39.91475 ], [ 116.43025, 39.91475 ], [ 116.43025, 39.91625 ], [ 116.42875, 39.91625 ], [ 116.42875, 39.91475 ] ] ] } },
{ "type": "Feature", "properties": { "place_id": 1046, "height_m": 9.0, "area_m2": 21342.362516920522 }, "geometry": { "type": "Polygon", "coordinates": [ [ [ 116.42875, 39.91975 ], [ 116.43025, 39.91975 ], [ 116.43025, 39.92125 ], [ 116.42875, 39.92125 ], [ 116.42875, 39.91975 ] ] ] } },
{ "type": "Feature", "properties": { "place_id": 1047, "height_m": 9.0, "area_m2": 21340.828462971953 }, "geometry": { "type": "Polygon", "coordinates": [ [ [ 116.42875, 39.92475 ], [ 116.43025, 39.92475 ], [ 116.43025, 39.92625 ], [ 116.42875, 39.92625 ], [ 116.42875, 39.92475 ] ] ] } },
{ "type": "Feature", "properties": { "place_id": 1048, "height_m": 9.0, "area_m2": 21339.294243397944 }, "geometry": { "type": "Polygon", "coordinates": [ [ [ 116.42875, 39.92975 ], [ 116.43025, 39.92975 ], [ 116.43025, 39.93125 ], [ 116.42875, 39.93125 ], [ 116.42875, 39.92975 ] ] ] } },
{ "type": "Feature", "properties": { "place_id": 1049, "height_m": 9.0, "area_m2": 21337.759858896767 }, "geometry": { "type": "Polygon", "coordinates": [ [ [ 116.42875, 39.93475 ], [ 116.43025, 39.93475 ], [ 116.43025, 39.93625 ], [ 116.42875, 39.93625 ], [ 116.42875, 39.93475 ] ] ] } },
{ "type": "Feature", "properties": { "place_id": 1050, "height_m": 9.0, "area_m2": 21336.225308904974 }, "geometry": { "type": "Polygon", "coordinates": [ [ [ 116.42875, 39.93975 ], [ 116.43025, 39.93975 ], [ 116.43025, 39.94125 ], [ 116.42875, 39.94125 ], [ 116.42875, 39.93975 ] ] ] } },
{ "type": "Feature", "properties": { "place_id": 1051, "height_m": 9.0, "area_m2": 21334.690593892527 }, "geometry": { "type": "Polygon", "coordinates": [ [ [ 116.42875, 39.94475 ], [ 116.43025, 39.94475 ], [ 116.43025, 39.94625 ], [ 116.42875, 39.94625 ], [ 116.42875, 39.94475 ] ] ] } },
{ "type": "Feature", "properties": { "place_id": 1052, "height_m": 9.0, "area_m2": 21333.155713765762 }, "geometry": { "type": "Polygon", "coordinates": [ [ [ 116.42875, 39.94975 ], [ 116.43025, 39.94975 ], [ 116.43025, 39.95125 ], [ 116.42875, 39.95125 ], [ 116.42875, 39.94975 ] ] ] } },
{ "type": "Feature", "properties": { "place_id": 1053, "height_m": 9.0, "area_m2": 21331.620667938161 }, "geometry": { "type": "Polygon", "coordinates": [ [ [ 116.42875, 39.95475 ], [ 116.43025, 39.95475 ], [ 116.43025, 39.95625 ], [ 116.42875, 39.95625 ], [ 116.42875, 39.95475 ] ] ] } },
{ "type": "Feature", "properties": { "place_id": 1054, "height_m": 9.0, "area_m2": 21330.085457314177 }, "geometry": { "type": "Polygon", "coordinates": [ [ [ 116.42875, 39.95975 ], [ 116.43025, 39.95975 ], [ 116.43025, 39.96125 ], [ 116.42875, 39.96125 ], [ 116.42875, 39.95975 ] ] ] } },
{ "type": "Feature", "properties": { "place_id": 1055, "height_m": 9.0, "area_m2": 21328.550081111411 }, "geometry": { "type": "Polygon", "coordinates": [ [ [ 116.42875, 39.96475 ], [ 116.43025, 39.96475 ], [ 116.43025, 39.96625 ], [ 116.42875, 39.96625 ], [ 116.42875, 39.96475 ] ] ] } },
{ "type": "Feature", "properties": { "place_id": 1056, "height_m": 9.0, "area_m2": 21363.800040206275 }, "geometry": { "type": "Polygon", "coordinates": [ [ [ 116.43375, 39.84975 ], [ 116.43525, 39.84975 ], [ 116.43525, 39.85125 ], [ 116.43375, 39.85125 ], [ 116.43375, 39.84975 ] ] ] } },
{ "type": "Feature", "properties": { "place_id": 1057, "height_m": 9.0, "area_m2": 21362.268305886158 }, "geometry": { "type": "Polygon", "coordinates": [ [ [ 116.43375, 39.85475 ], [ 116.43525, 39.85475 ], [ 116.43525, 39.85625 ], [ 116.43375, 39.85625 ], [ 116.43375, 39.85475 ] ] ] } },
{ "type": "Feature", "properties": { "place_id": 1058, "height_m": 9.0, "area_m2": 21360.736406422493 }, "geometry": { "type": "Polygon", "coordinates": [ [ [ 116.43375, 39.85975 ], [ 116.43525, 39.85975 ], [ 116.43525, 39.86125 ], [ 116.43375, 39.86125 ], [ 116.43375, 39.85975 ] ] ] } },
{ "type": "Feature", "properties": { "place_id": 1059, "height_m": 9.0, "area_m2": 21359.204341359913 }, "geometry": { "type": "Polygon", "coordinates": [ [ [ 116.43375, 39.86475 ], [ 116.43525, 39.86475 ], [ 116.43525, 39.86625 ], [ 116.43375, 39.86625 ], [ 116.43375, 39.86475 ] ] ] } },
{ "type": "Feature", "properties": { "place_id": 1060, "height_m": 9.0, "area_m2": 21357.672110878662 }, "geometry": { "type": "Polygon", "coordinates": [ [ [ 116.43375, 39.86975 ], [ 116.43525, 39.86975 ], [ 116.43525, 39.87125 ], [ 116.43375, 39.87125 ], [ 116.43375, 39.86975 ] ] ] } },
{ "type": "Feature", "properties": { "place_id": 1061, "height_m": 9.0, "area_m2": 21356.139714882884 }, "geometry": { "type": "Polygon", "coordinates": [ [ [ 116.43375, 39.87475 ], [ 116.43525, 39.87475 ], [ 116.43525, 39.87625 ], [ 116.43375, 39.87625 ], [ 116.43375, 39.87475 ] ] ] } },
{ "type": "Feature", "properties": { "place_id": 1062, "height_m": 9.0, "area_m2": 21354.60715366439 }, "geometry": { "type": "Polygon", "coordinates": [ [ [ 116.43375, 39.87975 ], [ 116.43525, 39.87975 ], [ 116.43525, 39.88125 ], [ 116.43375, 39.88125 ], [ 116.43375, 39.87975 ] ] ] } },
{ "type": "Feature", "properties": { "place_id": 1063, "height_m": 9.0, "area_m2": 21353.074427073952 }, "geometry": { "type": "Polygon", "coordinates": [ [ [ 116.43375, 39.88475 ], [ 116.43525, 39.88475 ], [ 116.43525, 39.88625 ], [ 116.43375, 39.88625 ], [ 116.43375, 39.88475 ] ] ] } },
{ "type": "Feature", "properties": { "place_id": 1064, "height_m": 9.0, "area_m2": 21351.541534867269 }, "geometry": { "type": "Polygon", "coordinates": [ [ [ 116.43375, 39.88975 ], [ 116.43525, 39.88975 ], [ 116.43525, 39.89125 ], [ 116.43375, 39.89125 ], [ 116.43375, 39.88975 ] ] ] } },
{ "type": "Feature", "properties": { "place_id": 1065, "height_m": 9.0, "area_m2": 21350.008477604038 }, "geometry": { "type": "Polygon", "coordinates": [ [ [ 116.43375, 39.89475 ], [ 116.43525, 39.89475 ], [ 116.43525, 39.89625 ], [ 116.43375, 39.89625 ], [ 116.43375, 39.89475 ] ] ] } },
{ "type": "Feature", "properties": { "place_id": 1066, "height_m": 9.0, "area_m2": 21348.475254862326 }, "geometry": { "type": "Polygon", "coordinates": [ [ [ 116.43375, 39.89975 ], [ 116.43525, 39.89975 ], [ 116.43525, 39.90125 ], [ 116.43375, 39.90125 ], [ 116.43375, 39.89975 ] ] ] } },
{ "type": "Feature", "properties": { "place_id": 1067, "height_m": 9.0, "area_m2": 21346.941866794852 }, "geometry": { "type": "Polygon", "coordinates": [ [ [ 116.43375, 39.90475 ], [ 116.43525, 39.90475 ], [ 116.43525, 39.90625 ], [ 116.43375, 39.90625 ], [ 116.43375, 39.90475 ] ] ] } },
{ "type": "Feature", "properties": { "place_id": 1068, "height_m": 9.0, "area_m2": 21345.408313448661 }, "geometry": { "type": "Polygon", "coordinates": [ [ [ 116.43375, 39.90975 ], [ 116.43525, 39.90975 ], [ 116.43525, 39.91125 ], [ 116.43375, 39.91125 ], [ 116.43375, 39.90975 ] ] ] } },
{ "type": "Feature", "properties": { "place_id": 1069, "height_m": 9.0, "area_m2": 21343.874594676596 }, "geometry": { "type": "Polygon", "coordinates": [ [ [ 116.43375, 39.91475 ], [ 116.43525, 39.91475 ], [ 116.43525, 39.91625 ], [ 116.43375, 39.91625 ], [ 116.43375, 39.91475 ] ] ] } },
{ "type": "Feature", "properties": { "place_id": 1070, "height_m": 9.0, "area_m2": 21342.340710835309 }, "geometry": { "type": "Polygon", "coordinates": [ [ [ 116.43375, 39.91975 ], [ 116.43525, 39.91975 ], [ 116.43525, 39.92125 ], [ 116.43375, 39.92125 ], [ 116.43375, 39.91975 ] ] ] } },
{ "type": "Feature", "properties": { "place_id": 1071, "height_m": 9.0, "area_m2": 21340.806661588285 }, "geometry": { "type": "Polygon", "coordinates": [ [ [ 116.43375, 39.92475 ], [ 116.43525, 39.92475 ], [ 116.43525, 39.92625 ], [ 116.43375, 39.92625 ], [ 116.43375, 39.92475 ] ] ] } },
{ "type": "Feature", "properties": { "place_id": 1072, "height_m": 9.0, "area_m2": 21339.272446928258 }, "geometry": { "type": "Polygon", "coordinates": [ [ [ 116.43375, 39.92975 ], [ 116.43525, 39.92975 ], [ 116.43525, 39.93125 ], [ 116.43375, 39.93125 ], [ 116.43375, 39.92975 ] ] ] } },
{ "type": "Feature", "properties": { "place_id": 1073, "height_m": 9.0, "area_m2": 21337.738066995353 }, "geometry": { "type": "Polygon", "coordinates": [ [ [ 116.43375, 39.93475 ], [ 116.43525, 39.93475 ], [ 116.43525, 39.93625 ], [ 116.43375, 39.93625 ], [ 116.43375, 39.93475 ] ] ] } },
{ "type": "Feature", "properties": { "place_id": 1074, "height_m": 9.0, "area_m2": 21336.203522045169 }, "geometry": { "type": "Polygon", "coordinates": [ [ [ 116.43375, 39.93975 ], [ 116.43525, 39.93975 ], [ 116.43525, 39.94125 ], [ 116.43375, 39.94125 ], [ 116.43375, 39.93975 ] ] ] } },
{ "type": "Feature", "properties": { "place_id": 1075, "height_m": 9.0, "area_m2": 21334.668811601659 }, "geometry": { "type": "Polygon", "coordinates": [ [ [ 116.43375, 39.94475 ], [ 116.43525, 39.94475 ], [ 116.43525, 39.94625 ], [ 116.43375, 39.94625 ], [ 116.43375, 39.94475 ] ] ] } },
{ "type": "Feature", "properties": { "place_id": 1076, "height_m": 9.0, "area_m2": 21333.133936098999 }, "geometry": { "type": "Polygon", "coordinates": [ [ [ 116.43375, 39.94975 ], [ 116.43525, 39.94975 ], [ 116.43525, 39.95125 ], [ 116.43375, 39.95125 ], [ 116.43375, 39.94975 ] ] ] } },
{ "type": "Feature", "properties": { "place_id": 1077, "height_m": 9.0, "area_m2": 21331.598895251213 }, "geometry": { "type": "Polygon", "coordinates": [ [ [ 116.43375, 39.95475 ], [ 116.43525, 39.95475 ], [ 116.43525, 39.95625 ], [ 116.43375, 39.95625 ], [ 116.43375, 39.95475 ] ] ] } },
{ "type": "Feature", "properties": { "place_id": 1078, "height_m": 9.0, "area_m2": 21330.063689307222 }, "geometry": { "type": "Polygon", "coordinates": [ [ [ 116.43375, 39.95975 ], [ 116.43525, 39.95975 ], [ 116.43525, 39.96125 ], [ 116.43375, 39.96125 ], [ 116.43375, 39.95975 ] ] ] } },
{ "type": "Feature", "properties": { "place_id": 1079, "height_m": 9.0, "area_m2": 21328.528317911332 }, "geometry": { "type": "Polygon", "coordinates": [ [ [ 116.43375, 39.96475 ], [ 116.43525, 39.96475 ], [ 116.43525, 39.96625 ], [ 116.43375, 39.96625 ], [ 116.43375, 39.96475 ] ] ] } },
{ "type": "Feature", "properties": { "place_id": 1080, "height_m": 9.0, "area_m2": 21363.778360394597 }, "geometry": { "type": "Polygon", "coordinates": [ [ [ 116.43875, 39.84975 ], [ 116.44025, 39.84975 ], [ 116.44025, 39.85125 ], [ 116.43875, 39.85125 ], [ 116.43875, 39.84975 ] ] ] } },
{ "type": "Feature", "properties": { "place_id": 1081, "height_m": 9.0, "area_m2": 21362.246630694855 }, "geometry": { "type": "Polygon", "coordinates": [ [ [ 116.43875, 39.85475 ], [ 116.44025, 39.85475 ], [ 116.44025, 39.85625 ], [ 116.43875, 39.85625 ], [ 116.43875, 39.85475 ] ] ] } },
{ "type": "Feature", "properties": { "place_id": 1082, "height_m": 9.0, "area_m2": 21360.714735968879 }, "geometry": { "type": "Polygon", "coordinates": [ [ [ 116.43875, 39.85975 ], [ 116.44025, 39.85975 ], [ 116.44025, 39.86125 ], [ 116.43875, 39.86125 ], [ 116.43875, 39.85975 ] ] ] } },
{ "type": "Feature", "properties": { "place_id": 1083, "height_m": 9.0, "area_m2": 21359.182675586588 }, "geometry": { "type": "Polygon", "coordinates": [ [ [ 116.43875, 39.86475 ], [ 116.44025, 39.86475 ], [ 116.44025, 39.86625 ], [ 116.43875, 39.86625 ], [ 116.43875, 39.86475 ] ] ] } },
{ "type": "Feature", "properties": { "place_id": 1084, "height_m": 9.0, "area_m2": 21357.650449834946 }, "geometry": { "type": "Polygon", "coordinates": [ [ [ 116.43875, 39.86975 ], [ 116.44025, 39.86975 ], [ 116.44025, 39.87125 ], [ 116.43875, 39.87125 ], [ 116.43875, 39.86975 ] ] ] } },
{ "type": "Feature", "properties": { "place_id": 1085, "height_m": 9.0, "area_m2": 21356.118058752105 }, "geometry": { "type": "Polygon", "coordinates": [ [ [ 116.43875, 39.87475 ], [ 116.44025, 39.87475 ], [ 116.44025, 39.87625 ], [ 116.43875, 39.87625 ], [ 116.43875, 39.87475 ] ] ] } },
{ "type": "Feature", "properties": { "place_id": 1086, "height_m": 9.0, "area_m2": 21354.585502154074 }, "geometry": { "type": "Polygon", "coordinates": [ [ [ 116.43875, 39.87975 ], [ 116.44025, 39.87975 ], [ 116.44025, 39.88125 ], [ 116.43875, 39.88125 ], [ 116.43875, 39.87975 ] ] ] } },
{ "type": "Feature", "properties": { "place_id": 1087, "height_m": 9.0, "area_m2": 21353.052780233407 }, "geometry": { "type": "Polygon", "coordinates": [ [ [ 116.43875, 39.88475 ], [ 116.44025, 39.88475 ], [ 116.44025, 39.88625 ], [ 116.43875, 39.88625 ], [ 116.43875, 39.88475 ] ] ] } },
{ "type": "Feature", "properties": { "place_id": 1088, "height_m": 9.0, "area_m2": 21351.519892641943 }, "geometry": { "type": "Polygon", "coordinates": [ [ [ 116.43875, 39.88975 ], [ 116.44025, 39.88975 ], [ 116.44025, 39.89125 ], [ 116.43875, 39.89125 ], [ 116.43875, 39.88975 ] ] ] } },
{ "type": "Feature", "properties": { "place_id": 1089, "height_m": 9.0, "area_m2": 21349.986840232672 }, "geometry": { "type": "Polygon", "coordinates": [ [ [ 116.43875, 39.89475 ], [ 116.44025, 39.89475 ], [ 116.44025, 39.89625 ], [ 116.43875, 39.89625 ], [ 116.43875, 39.89475 ] ] ] } },
{ "type": "Feature", "properties": { "place_id": 1090, "height_m": 9.0, "area_m2": 21348.453622229121 }, "geometry": { "type": "Polygon", "coordinates": [ [ [ 116.43875, 39.89975 ], [ 116.44025, 39.89975 ], [ 116.44025, 39.90125 ], [ 116.43875, 39.90125 ], [ 116.43875, 39.89975 ] ] ] } },
{ "type": "Feature", "properties": { "place_id": 1091, "height_m": 9.0, "area_m2": 21346.920238891911 }, "geometry": { "type": "Polygon", "coordinates": [ [ [ 116.43875, 39.90475 ], [ 116.44025, 39.90475 ], [ 116.44025, 39.90625 ], [ 116.43875, 39.90625 ], [ 116.43875, 39.90475 ] ] ] } },
{ "type": "Feature", "properties": { "place_id": 1092, "height_m": 9.0, "area_m2": 21345.386690167019 }, "geometry": { "type": "Polygon", "coordinates": [ [ [ 116.43875, 39.90975 ], [ 116.44025, 39.90975 ], [ 116.44025, 39.91125 ], [ 116.43875, 39.91125 ], [ 116.43875, 39.90975 ] ] ] } },
{ "type": "Feature", "properties": { "place_id": 1093, "height_m": 9.0, "area_m2": 21343.852976244238 }, "geometry": { "type": "Polygon", "coordinates": [ [ [ 116.43875, 39.91475 ], [ 116.44025, 39.91475 ], [ 116.44025, 39.91625 ], [ 116.43875, 39.91625 ], [ 116.43875, 39.91475 ] ] ] } },
{ "type": "Feature", "properties": { "place_id": 1094, "height_m": 9.0, "area_m2": 21342.319097130672 }, "geometry": { "type": "Polygon", "coordinates": [ [ [ 116.43875, 39.91975 ], [ 116.44025, 39.91975 ], [ 116.44025, 39.92125 ], [ 116.43875, 39.92125 ], [ 116.43875, 39.91975 ] ] ] } },
{ "type": "Feature", "properties": { "place_id": 1095, "height_m": 9.0, "area_m2": 21340.785052491861 }, "geometry": { "type": "Polygon", "coordinates": [ [ [ 116.43875, 39.92475 ], [ 116.44025, 39.92475 ], [ 116.44025, 39.92625 ], [ 116.43875, 39.92625 ], [ 116.43875, 39.92475 ] ] ] } },
{ "type": "Feature", "properties": { "place_id": 1096, "height_m": 9.0, "area_m2": 21339.250842625195 }, "geometry": { "type": "Polygon", "coordinates": [ [ [ 116.43875, 39.92975 ], [ 116.44025, 39.92975 ], [ 116.44025, 39.93125 ], [ 116.43875, 39.93125 ], [ 116.43875, 39.92975 ] ] ] } },
{ "type": "Feature", "properties": { "place_id": 1097, "height_m": 9.0, "area_m2": 21337.716467486429 }, "geometry": { "type": "Polygon", "coordinates": [ [ [ 116.43875, 39.93475 ], [ 116.44025, 39.93475 ], [ 116.44025, 39.93625 ], [ 116.43875, 39.93625 ], [ 116.43875, 39.93475 ] ] ] } },
{ "type": "Feature", "properties": { "place_id": 1098, "height_m": 9.0, "area_m2": 21336.181927151632 }, "geometry": { "type": "Polygon", "coordinates": [ [ [ 116.43875, 39.93975 ], [ 116.44025, 39.93975 ], [ 116.44025, 39.94125 ], [ 116.43875, 39.94125 ], [ 116.43875, 39.93975 ] ] ] } },
{ "type": "Feature", "properties": { "place_id": 1099, "height_m": 9.0, "area_m2": 21334.647221504831 }, "geometry": { "type": "Polygon", "coordinates": [ [ [ 116.43875, 39.94475 ], [ 116.44025, 39.94475 ], [ 116.44025, 39.94625 ], [ 116.43875, 39.94625 ], [ 116.43875, 39.94475 ] ] ] } },
{ "type": "Feature", "properties": { "place_id": 1100, "height_m": 9.0, "area_m2": 21333.112350730673 }, "geometry": { "type": "Polygon", "coordinates": [ [ [ 116.43875, 39.94975 ], [ 116.44025, 39.94975 ], [ 116.44025, 39.95125 ], [ 116.43875, 39.95125 ], [ 116.43875, 39.94975 ] ] ] } },
{ "type": "Feature", "properties": { "place_id": 1101, "height_m": 9.0, "area_m2": 21331.577314489048 }, "geometry": { "type": "Polygon", "coordinates": [ [ [ 116.43875, 39.95475 ], [ 116.44025, 39.95475 ], [ 116.44025, 39.95625 ], [ 116.43875, 39.95625 ], [ 116.43875, 39.95475 ] ] ] } },
{ "type": "Feature", "properties": { "place_id": 1102, "height_m": 9.0, "area_m2": 21330.042113329528 }, "geometry": { "type": "Polygon", "coordinates": [ [ [ 116.43875, 39.95975 ], [ 116.44025, 39.95975 ], [ 116.44025, 39.96125 ], [ 116.43875, 39.96125 ], [ 116.43875, 39.95975 ] ] ] } },
{ "type": "Feature", "properties": { "place_id": 1103, "height_m": 9.0, "area_m2": 21328.506746620904 }, "geometry": { "type": "Polygon", "coordinates": [ [ [ 116.43875, 39.96475 ], [ 116.44025, 39.96475 ], [ 116.44025, 39.96625 ], [ 116.43875, 39.96625 ], [ 116.43875, 39.96475 ] ] ] } },
{ "type": "Feature", "properties": { "place_id": 1104, "height_m": 9.0, "area_m2": 21363.756872319067 }, "geometry": { "type": "Polygon", "coordinates": [ [ [ 116.44375, 39.84975 ], [ 116.44525, 39.84975 ], [ 116.44525, 39.85125 ], [ 116.44375, 39.85125 ], [ 116.44375, 39.84975 ] ] ] } },
{ "type": "Feature", "properties": { "place_id": 1105, "height_m": 9.0, "area_m2": 21362.225147459983 }, "geometry": { "type": "Polygon", "coordinates": [ [ [ 116.44375, 39.85475 ], [ 116.44525, 39.85475 ], [ 116.44525, 39.85625 ], [ 116.44375, 39.85625 ], [ 116.44375, 39.85475 ] ] ] } },
{ "type": "Feature", "properties": { "place_id": 1106, "height_m": 9.0, "area_m2": 21360.693257211227 }, "geometry": { "type": "Polygon", "coordinates": [ [ [ 116.44375, 39.85975 ], [ 116.44525, 39.85975 ], [ 116.44525, 39.86125 ], [ 116.44375, 39.86125 ], [ 116.44375, 39.85975 ] ] ] } },
{ "type": "Feature", "properties": { "place_id": 1107, "height_m": 9.0, "area_m2": 21359.161201730472 }, "geometry": { "type": "Polygon", "coordinates": [ [ [ 116.44375, 39.86475 ], [ 116.44525, 39.86475 ], [ 116.44525, 39.86625 ], [ 116.44375, 39.86625 ], [ 116.44375, 39.86475 ] ] ] } },
{ "type": "Feature", "properties": { "place_id": 1108, "height_m": 9.0, "area_m2": 21357.628980525544 }, "geometry": { "type": "Polygon", "coordinates": [ [ [ 116.44375, 39.86975 ], [ 116.44525, 39.86975 ], [ 116.44525, 39.87125 ], [ 116.44375, 39.87125 ], [ 116.44375, 39.86975 ] ] ] } },
{ "type": "Feature", "properties": { "place_id": 1109, "height_m": 9.0, "area_m2": 21356.09659415932 }, "geometry": { "type": "Polygon", "coordinates": [ [ [ 116.44375, 39.87475 ], [ 116.44525, 39.87475 ], [ 116.44525, 39.87625 ], [ 116.44375, 39.87625 ], [ 116.44375, 39.87475 ] ] ] } },
{ "type": "Feature", "properties": { "place_id": 1110, "height_m": 9.0, "area_m2": 21354.564042108643 }, "geometry": { "type": "Polygon", "coordinates": [ [ [ 116.44375, 39.87975 ], [ 116.44525, 39.87975 ], [ 116.44525, 39.88125 ], [ 116.44375, 39.88125 ], [ 116.44375, 39.87975 ] ] ] } },
{ "type": "Feature", "properties": { "place_id": 1111, "height_m": 9.0, "area_m2": 21353.031324964417 }, "geometry": { "type": "Polygon", "coordinates": [ [ [ 116.44375, 39.88475 ], [ 116.44525, 39.88475 ], [ 116.44525, 39.88625 ], [ 116.44375, 39.88625 ], [ 116.44375, 39.88475 ] ] ] } },
{ "type": "Feature", "properties": { "place_id": 1112, "height_m": 9.0, "area_m2": 21351.498442158867 }, "geometry": { "type": "Polygon", "coordinates": [ [ [ 116.44375, 39.88975 ], [ 116.44525, 39.88975 ], [ 116.44525, 39.89125 ], [ 116.44375, 39.89125 ], [ 116.44375, 39.88975 ] ] ] } },
{ "type": "Feature", "properties": { "place_id": 1113, "height_m": 9.0, "area_m2": 21349.965394407154 }, "geometry": { "type": "Polygon", "coordinates": [ [ [ 116.44375, 39.89475 ], [ 116.44525, 39.89475 ], [ 116.44525, 39.89625 ], [ 116.44375, 39.89625 ], [ 116.44375, 39.89475 ] ] ] } },
{ "type": "Feature", "properties": { "place_id": 1114, "height_m": 9.0, "area_m2": 21348.432181066764 }, "geometry": { "type": "Polygon", "coordinates": [ [ [ 116.44375, 39.89975 ], [ 116.44525, 39.89975 ], [ 116.44525, 39.90125 ], [ 116.44375, 39.90125 ], [ 116.44375, 39.89975 ] ] ] } },
{ "type": "Feature", "properties": { "place_id": 1115, "height_m": 9.0, "area_m2": 21346.89880232557 }, "geometry": { "type": "Polygon", "coordinates": [ [ [ 116.44375, 39.90475 ], [ 116.44525, 39.90475 ], [ 116.44525, 39.90625 ], [ 116.44375, 39.90625 ], [ 116.44375, 39.90475 ] ] ] } },
{ "type": "Feature", "properties": { "place_id": 1116, "height_m": 9.0, "area_m2": 21345.365258437345 }, "geometry": { "type": "Polygon", "coordinates": [ [ [ 116.44375, 39.90975 ], [ 116.44525, 39.90975 ], [ 116.44525, 39.91125 ], [ 116.44375, 39.91125 ], [ 116.44375, 39.90975 ] ] ] } },
{ "type": "Feature", "properties": { "place_id": 1117, "height_m": 9.0, "area_m2": 21343.83154905292 }, "geometry": { "type": "Polygon", "coordinates": [ [ [ 116.44375, 39.91475 ], [ 116.44525, 39.91475 ], [ 116.44525, 39.91625 ], [ 116.44375, 39.91625 ], [ 116.44375, 39.91475 ] ] ] } },
{ "type": "Feature", "properties": { "place_id": 1118, "height_m": 9.0, "area_m2": 21342.297674663914 }, "geometry": { "type": "Polygon", "coordinates": [ [ [ 116.44375, 39.91975 ], [ 116.44525, 39.91975 ], [ 116.44525, 39.92125 ], [ 116.44375, 39.92125 ], [ 116.44375, 39.91975 ] ] ] } },
{ "type": "Feature", "properties": { "place_id": 1119, "height_m": 9.0, "area_m2": 21340.763634743649 }, "geometry": { "type": "Polygon", "coordinates": [ [ [ 116.44375, 39.92475 ], [ 116.44525, 39.92475 ], [ 116.44525, 39.92625 ], [ 116.44375, 39.92625 ], [ 116.44375, 39.92475 ] ] ] } },
{ "type": "Feature", "properties": { "place_id": 1120, "height_m": 9.0, "area_m2": 21339.22942947115 }, "geometry": { "type": "Polygon", "coordinates": [ [ [ 116.44375, 39.92975 ], [ 116.44525, 39.92975 ], [ 116.44525, 39.93125 ], [ 116.44375, 39.93125 ], [ 116.44375, 39.92975 ] ] ] } },
{ "type": "Feature", "properties": { "place_id": 1121, "height_m": 9.0, "area_m2": 21337.69505900014 }, "geometry": { "type": "Polygon", "coordinates": [ [ [ 116.44375, 39.93475 ], [ 116.44525, 39.93475 ], [ 116.44525, 39.93625 ], [ 116.44375, 39.93625 ], [ 116.44375, 39.93475 ] ] ] } },
{ "type": "Feature", "properties": { "place_id": 1122, "height_m": 9.0, "area_m2": 21336.160523371738 }, "geometry": { "type": "Polygon", "coordinates": [ [ [ 116.44375, 39.93975 ], [ 116.44525, 39.93975 ], [ 116.44525, 39.94125 ], [ 116.44375, 39.94125 ], [ 116.44375, 39.93975 ] ] ] } },
{ "type": "Feature", "properties": { "place_id": 1123, "height_m": 9.0, "area_m2": 21334.625822381586 }, "geometry": { "type": "Polygon", "coordinates": [ [ [ 116.44375, 39.94475 ], [ 116.44525, 39.94475 ], [ 116.44525, 39.94625 ], [ 116.44375, 39.94625 ], [ 116.44375, 39.94475 ] ] ] } },
{ "type": "Feature", "properties": { "place_id": 1124, "height_m": 9.0, "area_m2": 21333.090956271717 }, "geometry": { "type": "Polygon", "coordinates": [ [ [ 116.44375, 39.94975 ], [ 116.44525, 39.94975 ], [ 116.44525, 39.95125 ], [ 116.44375, 39.95125 ], [ 116.44375, 39.94975 ] ] ] } },
{ "type": "Feature", "properties": { "place_id": 1125, "height_m": 9.0, "area_m2": 21331.555924682561 }, "geometry": { "type": "Polygon", "coordinates": [ [ [ 116.44375, 39.95475 ], [ 116.44525, 39.95475 ], [ 116.44525, 39.95625 ], [ 116.44375, 39.95625 ], [ 116.44375, 39.95475 ] ] ] } },
{ "type": "Feature", "properties": { "place_id": 1126, "height_m": 9.0, "area_m2": 21330.020728250023 }, "geometry": { "type": "Polygon", "coordinates": [ [ [ 116.44375, 39.95975 ], [ 116.44525, 39.95975 ], [ 116.44525, 39.96125 ], [ 116.44375, 39.96125 ], [ 116.44375, 39.95975 ] ] ] } },
{ "type": "Feature", "properties": { "place_id": 1127, "height_m": 9.0, "area_m2": 21328.485366242912 }, "geometry": { "type": "Polygon", "coordinates": [ [ [ 116.44375, 39.96475 ], [ 116.44525, 39.96475 ], [ 116.44525, 39.96625 ], [ 116.44375, 39.96625 ], [ 116.44375, 39.96475 ] ] ] } },
{ "type": "Feature", "properties": { "place_id": 1128, "height_m": 9.0, "area_m2": 21363.735577225252 }, "geometry": { "type": "Polygon", "coordinates": [ [ [ 116.44875, 39.84975 ], [ 116.45025, 39.84975 ], [ 116.45025, 39.85125 ], [ 116.44875, 39.85125 ], [ 116.44875, 39.84975 ] ] ] } },
{ "type": "Feature", "properties": { "place_id": 1129, "height_m": 9.0, "area_m2": 21362.203856899687 }, "geometry": { "type": "Polygon", "coordinates": [ [ [ 116.44875, 39.85475 ], [ 116.45025, 39.85475 ], [ 116.45025, 39.85625 ], [ 116.44875, 39.85625 ], [ 116.44875, 39.85475 ] ] ] } },
{ "type": "Feature", "properties": { "place_id": 1130, "height_m": 9.0, "area_m2": 21360.6719714951 }, "geometry": { "type": "Polygon", "coordinates": [ [ [ 116.44875, 39.85975 ], [ 116.45025, 39.85975 ], [ 116.45025, 39.86125 ], [ 116.44875, 39.86125 ], [ 116.44875, 39.85975 ] ] ] } },
{ "type": "Feature", "properties": { "place_id": 1131, "height_m": 9.0, "area_m2": 21359.139920532885 }, "geometry": { "type": "Polygon", "coordinates": [ [ [ 116.44875, 39.86475 ], [ 116.45025, 39.86475 ], [ 116.45025, 39.86625 ], [ 116.44875, 39.86625 ], [ 116.44875, 39.86475 ] ] ] } },
{ "type": "Feature", "properties": { "place_id": 1132, "height_m": 9.0, "area_m2": 21357.607703912465 }, "geometry": { "type": "Polygon", "coordinates": [ [ [ 116.44875, 39.86975 ], [ 116.45025, 39.86975 ], [ 116.45025, 39.87125 ], [ 116.44875, 39.87125 ], [ 116.44875, 39.86975 ] ] ] } },
{ "type": "Feature", "properties": { "place_id": 1133, "height_m": 9.0, "area_m2": 21356.07532208096 }, "geometry": { "type": "Polygon", "coordinates": [ [ [ 116.44875, 39.87475 ], [ 116.45025, 39.87475 ], [ 116.45025, 39.87625 ], [ 116.44875, 39.87625 ], [ 116.44875, 39.87475 ] ] ] } },
{ "type": "Feature", "properties": { "place_id": 1134, "height_m": 9.0, "area_m2": 21354.542774908663 }, "geometry": { "type": "Polygon", "coordinates": [ [ [ 116.44875, 39.87975 ], [ 116.45025, 39.87975 ], [ 116.45025, 39.88125 ], [ 116.44875, 39.88125 ], [ 116.44875, 39.87975 ] ] ] } },
{ "type": "Feature", "properties": { "place_id": 1135, "height_m": 9.0, "area_m2": 21353.010062298818 }, "geometry": { "type": "Polygon", "coordinates": [ [ [ 116.44875, 39.88475 ], [ 116.45025, 39.88475 ], [ 116.45025, 39.88625 ], [ 116.44875, 39.88625 ], [ 116.44875, 39.88475 ] ] ] } },
{ "type": "Feature", "properties": { "place_id": 1136, "height_m": 9.0, "area_m2": 21351.477184017785 }, "geometry": { "type": "Polygon", "coordinates": [ [ [ 116.44875, 39.88975 ], [ 116.45025, 39.88975 ], [ 116.45025, 39.89125 ], [ 116.44875, 39.89125 ], [ 116.44875, 39.88975 ] ] ] } },
{ "type": "Feature", "properties": { "place_id": 1137, "height_m": 9.0, "area_m2": 21349.94414102922 }, "geometry": { "type": "Polygon", "coordinates": [ [ [ 116.44875, 39.89475 ], [ 116.45025, 39.89475 ], [ 116.45025, 39.89625 ], [ 116.44875, 39.89625 ], [ 116.44875, 39.89475 ] ] ] } },
{ "type": "Feature", "properties": { "place_id": 1138, "height_m": 9.0, "area_m2": 21348.410932329487 }, "geometry": { "type": "Polygon", "coordinates": [ [ [ 116.44875, 39.89975 ], [ 116.45025, 39.89975 ], [ 116.45025, 39.90125 ], [ 116.44875, 39.90125 ], [ 116.44875, 39.89975 ] ] ] } },
{ "type": "Feature", "properties": { "place_id": 1139, "height_m": 9.0, "area_m2": 21346.877558307366 }, "geometry": { "type": "Polygon", "coordinates": [ [ [ 116.44875, 39.90475 ], [ 116.45025, 39.90475 ], [ 116.45025, 39.90625 ], [ 116.44875, 39.90625 ], [ 116.44875, 39.90475 ] ] ] } },
{ "type": "Feature", "properties": { "place_id": 1140, "height_m": 9.0, "area_m2": 21345.344018888518 }, "geometry": { "type": "Polygon", "coordinates": [ [ [ 116.44875, 39.90975 ], [ 116.45025, 39.90975 ], [ 116.45025, 39.91125 ], [ 116.44875, 39.91125 ], [ 116.44875, 39.90975 ] ] ] } },
{ "type": "Feature", "properties": { "place_id": 1141, "height_m": 9.0, "area_m2": 21343.810314317005 }, "geometry": { "type": "Polygon", "coordinates": [ [ [ 116.44875, 39.91475 ], [ 116.45025, 39.91475 ], [ 116.45025, 39.91625 ], [ 116.44875, 39.91625 ], [ 116.44875, 39.91475 ] ] ] } },
{ "type": "Feature", "properties": { "place_id": 1142, "height_m": 9.0, "area_m2": 21342.276444457268 }, "geometry": { "type": "Polygon", "coordinates": [ [ [ 116.44875, 39.91975 ], [ 116.45025, 39.91975 ], [ 116.45025, 39.92125 ], [ 116.44875, 39.92125 ], [ 116.44875, 39.91975 ] ] ] } },
{ "type": "Feature", "properties": { "place_id": 1143, "height_m": 9.0, "area_m2": 21340.742409119459 }, "geometry": { "type": "Polygon", "coordinates": [ [ [ 116.44875, 39.92475 ], [ 116.45025, 39.92475 ], [ 116.45025, 39.92625 ], [ 116.44875, 39.92625 ], [ 116.44875, 39.92475 ] ] ] } },
{ "type": "Feature", "properties": { "place_id": 1144, "height_m": 9.0, "area_m2": 21339.208208618482 }, "geometry": { "type": "Polygon", "coordinates": [ [ [ 116.44875, 39.92975 ], [ 116.45025, 39.92975 ], [ 116.45025, 39.93125 ], [ 116.44875, 39.93125 ], [ 116.44875, 39.92975 ] ] ] } },
{ "type": "Feature", "properties": { "place_id": 1145, "height_m": 9.0, "area_m2": 21337.673842838209 }, "geometry": { "type": "Polygon", "coordinates": [ [ [ 116.44875, 39.93475 ], [ 116.45025, 39.93475 ], [ 116.45025, 39.93625 ], [ 116.44875, 39.93625 ], [ 116.44875, 39.93475 ] ] ] } },
{ "type": "Feature", "properties": { "place_id": 1146, "height_m": 9.0, "area_m2": 21336.139311865441 }, "geometry": { "type": "Polygon", "coordinates": [ [ [ 116.44875, 39.93975 ], [ 116.45025, 39.93975 ], [ 116.45025, 39.94125 ], [ 116.44875, 39.94125 ], [ 116.44875, 39.93975 ] ] ] } },
{ "type": "Feature", "properties": { "place_id": 1147, "height_m": 9.0, "area_m2": 21334.604615335764 }, "geometry": { "type": "Polygon", "coordinates": [ [ [ 116.44875, 39.94475 ], [ 116.45025, 39.94475 ], [ 116.45025, 39.94625 ], [ 116.44875, 39.94625 ], [ 116.44875, 39.94475 ] ] ] } },
{ "type": "Feature", "properties": { "place_id": 1148, "height_m": 9.0, "area_m2": 21333.069754048065 }, "geometry": { "type": "Polygon", "coordinates": [ [ [ 116.44875, 39.94975 ], [ 116.45025, 39.94975 ], [ 116.45025, 39.95125 ], [ 116.44875, 39.95125 ], [ 116.44875, 39.94975 ] ] ] } },
{ "type": "Feature", "properties": { "place_id": 1149, "height_m": 9.0, "area_m2": 21331.534726984959 }, "geometry": { "type": "Polygon", "coordinates": [ [ [ 116.44875, 39.95475 ], [ 116.45025, 39.95475 ], [ 116.45025, 39.95625 ], [ 116.44875, 39.95625 ], [ 116.44875, 39.95475 ] ] ] } },
{ "type": "Feature", "properties": { "place_id": 1150, "height_m": 9.0, "area_m2": 21329.999535191775 }, "geometry": { "type": "Polygon", "coordinates": [ [ [ 116.44875, 39.95975 ], [ 116.45025, 39.95975 ], [ 116.45025, 39.96125 ], [ 116.44875, 39.96125 ], [ 116.44875, 39.95975 ] ] ] } },
{ "type": "Feature", "properties": { "place_id": 1151, "height_m": 9.0, "area_m2": 21328.464177830709 }, "geometry": { "type": "Polygon", "coordinates": [ [ [ 116.44875, 39.96475 ], [ 116.45025, 39.96475 ], [ 116.45025, 39.96625 ], [ 116.44875, 39.96625 ], [ 116.44875, 39.96475 ] ] ] } }
]
}
