{
"type": "FeatureCollection",
"name": "stations",
"crs": { "type": "name", "properties": { "name": "urn:ogc:def:crs:OGC:1.3:CRS84" } },
"features": [
{ "type": "Feature", "properties": { "station_id": 0, "name": "天坛北门站", "capacity": 30 }, "geometry": { "type": "Point", "coordinates": [ 116.39876637, 39.88012046 ] } },
{ "type": "Feature", "properties": { "station_id": 1, "name": "地铁天坛东门南侧站", "capacity": 40 }, "geometry": { "type": "Point", "coordinates": [ 116.39875873, 39.88012046 ] } },
{ "type": "Feature", "properties": { "station_id": 2, "name": "天坛南门公交站", "capacity": 25 }, "geometry": { "type": "Point", "coordinates": [ 116.39025033, 39.8941738 ] } },
{ "type": "Feature", "properties": { "station_id": 3, "name": "永定门东大街站", "capacity": 25 }, "geometry": { "type": "Point", "coordinates": [ 116.40446872, 39.87187483 ] } },
{ "type": "Feature", "properties": { "station_id": 4, "name": "永定门东大街西站", "capacity": 25 }, "geometry": { "type": "Point", "coordinates": [ 116.40500309, 39.87169957 ] } },
{ "type": "Feature", "properties": { "station_id": 5, "name": "幸福大街站", "capacity": 20 }, "geometry": { "type": "Point", "coordinates": [ 116.42530324, 39.88680681 ] } },
{ "type": "Feature", "properties": { "station_id": 6, "name": "广渠门内大街站", "capacity": 25 }, "geometry": { "type": "Point", "coordinates": [ 116.42632255, 39.86437885 ] } },
{ "type": "Feature", "properties": { "station_id": 7, "name": "东花市大街东站", "capacity": 34 }, "geometry": { "type": "Point", "coordinates": [ 116.42514157, 39.89609878 ] } },
{ "type": "Feature", "properties": { "station_id": 8, "name": "崇文门东大街站", "capacity": 30 }, "geometry": { "type": "Point", "coordinates": [ 116.41232942, 39.89977843 ] } },
{ "type": "Feature", "properties": { "station_id": 9, "name": "地铁张自忠路A口站", "capacity": 30 }, "geometry": { "type": "Point", "coordinates": [ 116.406652, 39.93208041 ] } },
{ "type": "Feature", "properties": { "station_id": 10, "name": "钱粮胡同东口站", "capacity": 25 }, "geometry": { "type": "Point", "coordinates": [ 116.40762995, 39.92645443 ] } },
{ "type": "Feature", "properties": { "station_id": 11, "name": "天坛西门站", "capacity": 35 }, "geometry": { "type": "Point", "coordinates": [ 116.39876637, 39.88012046 ] } },
{ "type": "Feature", "properties": { "station_id": 12, "name": "好润大厦站", "capacity": 25 }, "geometry": { "type": "Point", "coordinates": [ 116.40662333, 39.91740967 ] } },
{ "type": "Feature", "properties": { "station_id": 13, "name": "智德北巷东口站", "capacity": 20 }, "geometry": { "type": "Point", "coordinates": [ 116.40005896, 39.91722452 ] } },
{ "type": "Feature", "properties": { "station_id": 14, "name": "大甜水井胡同西口站", "capacity": 30 }, "geometry": { "type": "Point", "coordinates": [ 116.40425767, 39.91067987 ] } },
{ "type": "Feature", "properties": { "station_id": 15, "name": "中国美术馆站", "capacity": 30 }, "geometry": { "type": "Point", "coordinates": [ 116.40272174, 39.92385479 ] } },
{ "type": "Feature", "properties": { "station_id": 16, "name": "地铁建国门C口站", "capacity": 40 }, "geometry": { "type": "Point", "coordinates": [ 116.42977205, 39.90673625 ] } },
{ "type": "Feature", "properties": { "station_id": 17, "name": "地铁建国门A口站", "capacity": 40 }, "geometry": { "type": "Point", "coordinates": [ 116.40128192, 39.90262654 ] } },
{ "type": "Feature", "properties": { "station_id": 18, "name": "红星胡同东口站", "capacity": 25 }, "geometry": { "type": "Point", "coordinates": [ 116.41464944, 39.91349346 ] } },
{ "type": "Feature", "properties": { "station_id": 19, "name": "大方家胡同站", "capacity": 30 }, "geometry": { "type": "Point", "coordinates": [ 116.41302944, 39.92009897 ] } },
{ "type": "Feature", "properties": { "station_id": 20, "name": "内蒙古大厦站", "capacity": 30 }, "geometry": { "type": "Point", "coordinates": [ 116.41235979, 39.90117839 ] } },
{ "type": "Feature", "properties": { "station_id": 21, "name": "地铁朝阳门B口站", "capacity": 50 }, "geometry": { "type": "Point", "coordinates": [ 116.42660565, 39.92210056 ] } },
{ "type": "Feature", "properties": { "station_id": 22, "name": "地铁东四C口站", "capacity": 40 }, "geometry": { "type": "Point", "coordinates": [ 116.40128192, 39.90262654 ] } },
{ "type": "Feature", "properties": { "station_id": 23, "name": "地铁东四十条D口", "capacity": 50 }, "geometry": { "type": "Point", "coordinates": [ 116.367767, 39.91434958 ] } },
{ "type": "Feature", "properties": { "station_id": 24, "name": "天坛饭店站", "capacity": 30 }, "geometry": { "type": "Point", "coordinates": [ 116.42426435, 39.88326563 ] } },
{ "type": "Feature", "properties": { "station_id": 25, "name": "龙潭湖公园北门站", "capacity": 30 }, "geometry": { "type": "Point", "coordinates": [ 116.43446226, 39.87732222 ] } },
{ "type": "Feature", "properties": { "station_id": 26, "name": "崇文工人文化馆站", "capacity": 30 }, "geometry": { "type": "Point", "coordinates": [ 116.42591496, 39.88431673 ] } },
{ "type": "Feature", "properties": { "station_id": 27, "name": "北京玉器厂站", "capacity": 25 }, "geometry": { "type": "Point", "coordinates": [ 116.42978266, 39.88341427 ] } },
{ "type": "Feature", "properties": { "station_id": 28, "name": "龙潭湖门诊部站", "capacity": 25 }, "geometry": { "type": "Point", "coordinates": [ 116.4342398, 39.88305887 ] } },
{ "type": "Feature", "properties": { "station_id": 29, "name": "龙潭路西口站", "capacity": 30 }, "geometry": { "type": "Point", "coordinates": [ 116.43398785, 39.88014417 ] } },
{ "type": "Feature", "properties": { "station_id": 30, "name": "天坛路鑫方盛站", "capacity": 30 }, "geometry": { "type": "Point", "coordinates": [ 116.39747595, 39.886544 ] } },
{ "type": "Feature", "properties": { "station_id": 31, "name": "长青园小区站", "capacity": 15 }, "geometry": { "type": "Point", "coordinates": [ 116.58496122, 39.82546467 ] } },
{ "type": "Feature", "properties": { "station_id": 32, "name": "红桥路口北东侧站", "capacity": 25 }, "geometry": { "type": "Point", "coordinates": [ 116.41396515, 39.88913333 ] } },
{ "type": "Feature", "properties": { "station_id": 33, "name": "新文化纪念馆站", "capacity": 25 }, "geometry": { "type": "Point", "coordinates": [ 116.39946297, 39.92301872 ] } },
{ "type": "Feature", "properties": { "station_id": 34, "name": "南剪子巷北口站", "capacity": 25 }, "geometry": { "type": "Point", "coordinates": [ 116.40575897, 39.93061904 ] } },
{ "type": "Feature", "properties": { "station_id": 35, "name": "地铁北新桥站", "capacity": 30 }, "geometry": { "type": "Point", "coordinates": [ 116.40128192, 39.90262654 ] } },
{ "type": "Feature", "properties": { "station_id": 36, "name": "地坛体育馆站", "capacity": 34 }, "geometry": { "type": "Point", "coordinates": [ 116.41480441, 39.95603719 ] } },
{ "type": "Feature", "properties": { "station_id": 37, "name": "安定门东大街东口站", "capacity": 30 }, "geometry": { "type": "Point", "coordinates": [ 116.41271278, 39.94782284 ] } },
{ "type": "Feature", "properties": { "station_id": 38, "name": "和平里大酒店站", "capacity": 30 }, "geometry": { "type": "Point", "coordinates": [ 116.41393355, 39.95727621 ] } },
{ "type": "Feature", "properties": { "station_id": 39, "name": "忠实里文汇中学站", "capacity": 29 }, "geometry": { "type": "Point", "coordinates": [ 116.43898683, 39.89629212 ] } },
{ "type": "Feature", "properties": { "station_id": 40, "name": "三利百货站", "capacity": 30 }, "geometry": { "type": "Point", "coordinates": [ 116.40352759, 39.9492866 ] } },
{ "type": "Feature", "properties": { "station_id": 41, "name": "皇城国际站", "capacity": 30 }, "geometry": { "type": "Point", "coordinates": [ 116.40247366, 39.95392096 ] } },
{ "type": "Feature", "properties": { "station_id": 42, "name": "蒋宅口站", "capacity": 25 }, "geometry": { "type": "Point", "coordinates": [ 116.4017407, 39.95576701 ] } },
{ "type": "Feature", "properties": { "station_id": 43, "name": "永安堂药店站", "capacity": 25 }, "geometry": { "type": "Point", "coordinates": [ 116.40247366, 39.95392096 ] } },
{ "type": "Feature", "properties": { "station_id": 44, "name": "交道口东大街西口站", "capacity": 30 }, "geometry": { "type": "Point", "coordinates": [ 116.40342958, 39.93968536 ] } },
{ "type": "Feature", "properties": { "station_id": 45, "name": "民安街站", "capacity": 30 }, "geometry": { "type": "Point", "coordinates": [ 116.4193894, 39.94341911 ] } },
{ "type": "Feature", "properties": { "station_id": 46, "name": "地铁雍和宫C口站", "capacity": 40 }, "geometry": { "type": "Point", "coordinates": [ 116.40128192, 39.90262654 ] } },
{ "type": "Feature", "properties": { "station_id": 47, "name": "北花市大街北口站", "capacity": 30 }, "geometry": { "type": "Point", "coordinates": [ 116.42127476, 39.89759708 ] } },
{ "type": "Feature", "properties": { "station_id": 48, "name": "白桥大街北口站", "capacity": 30 }, "geometry": { "type": "Point", "coordinates": [ 116.11319228, 39.93767485 ] } },
{ "type": "Feature", "properties": { "station_id": 49, "name": "体育馆西门站", "capacity": 25 }, "geometry": { "type": "Point", "coordinates": [ 116.43567122, 39.93088787 ] } },
{ "type": "Feature", "properties": { "station_id": 50, "name": "春秀路站", "capacity": 30 }, "geometry": { "type": "Point", "coordinates": [ 116.43799543, 39.93458826 ] } },
{ "type": "Feature", "properties": { "station_id": 51, "name": "新中街西里站", "capacity": 30 }, "geometry": { "type": "Point", "coordinates": [ 116.43359119, 39.93309302 ] } },
{ "type": "Feature", "properties": { "station_id": 52, "name": "地铁东直门东北口站", "capacity": 25 }, "geometry": { "type": "Point", "coordinates": [ 116.40128192, 39.90262654 ] } },
{ "type": "Feature", "properties": { "station_id": 53, "name": "地铁东四十条B口站", "capacity": 30 }, "geometry": { "type": "Point", "coordinates": [ 116.367767, 39.91434958 ] } },
{ "type": "Feature", "properties": { "station_id": 54, "name": "刘老根大舞台站", "capacity": 30 }, "geometry": { "type": "Point", "coordinates": [ 116.39408766, 39.89173563 ] } },
{ "type": "Feature", "properties": { "station_id": 55, "name": "前门东路北口站", "capacity": 25 }, "geometry": { "type": "Point", "coordinates": [ 116.39472042, 39.89542422 ] } },
{ "type": "Feature", "properties": { "station_id": 56, "name": "工人体育馆北路站", "capacity": 30 }, "geometry": { "type": "Point", "coordinates": [ 116.43567122, 39.93088787 ] } },
{ "type": "Feature", "properties": { "station_id": 57, "name": "全新大药房站", "capacity": 24 }, "geometry": { "type": "Point", "coordinates": [ 116.40450513, 39.94549528 ] } },
{ "type": "Feature", "properties": { "station_id": 58, "name": "国家林业局站", "capacity": 25 }, "geometry": { "type": "Point", "coordinates": [ 116.39228813, 39.88511388 ] } },
{ "type": "Feature", "properties": { "station_id": 59, "name": "东四十二条站", "capacity": 40 }, "geometry": { "type": "Point", "coordinates": [ 116.41305943, 39.92450478 ] } },
{ "type": "Feature", "properties": { "station_id": 60, "name": "向新西里西侧站", "capacity": 30 }, "geometry": { "type": "Point", "coordinates": [ 116.4303193, 39.87129256 ] } },
{ "type": "Feature", "properties": { "station_id": 61, "name": "天泽祥菜市场站", "capacity": 30 }, "geometry": { "type": "Point", "coordinates": [ 116.64512873, 40.23370709 ] } },
{ "type": "Feature", "properties": { "station_id": 62, "name": "外斜街南口站", "capacity": 20 }, "geometry": { "type": "Point", "coordinates": [ 116.43346795, 39.94027179 ] } },
{ "type": "Feature", "properties": { "station_id": 63, "name": "大草厂胡同北站", "capacity": 25 }, "geometry": { "type": "Point", "coordinates": [ 116.40146306, 39.91852937 ] } },
{ "type": "Feature", "properties": { "station_id": 64, "name": "中国棋院站", "capacity": 30 }, "geometry": { "type": "Point", "coordinates": [ 116.41554832, 39.87250337 ] } },
{ "type": "Feature", "properties": { "station_id": 65, "name": "龙潭公园西门站", "capacity": 30 }, "geometry": { "type": "Point", "coordinates": [ 116.43446226, 39.87732222 ] } },
{ "type": "Feature", "properties": { "station_id": 66, "name": "华侨大厦站", "capacity": 25 }, "geometry": { "type": "Point", "coordinates": [ 116.40787461, 39.92375767 ] } },
{ "type": "Feature", "properties": { "station_id": 67, "name": "美术馆后街北站", "capacity": 50 }, "geometry": { "type": "Point", "coordinates": [ 116.40353766, 39.93020243 ] } },
{ "type": "Feature", "properties": { "station_id": 68, "name": "朝内小街口站", "capacity": 30 }, "geometry": { "type": "Point", "coordinates": [ 116.4184752, 39.92328121 ] } },
{ "type": "Feature", "properties": { "station_id": 69, "name": "新闻出版大厦站", "capacity": 30 }, "geometry": { "type": "Point", "coordinates": [ 116.4258714, 39.92637187 ] } },
{ "type": "Feature", "properties": { "station_id": 70, "name": "台湾饭店西侧站", "capacity": 60 }, "geometry": { "type": "Point", "coordinates": [ 116.40676115, 39.91430088 ] } },
{ "type": "Feature", "properties": { "station_id": 71, "name": "财政局站", "capacity": 20 }, "geometry": { "type": "Point", "coordinates": [ 116.4326423, 39.9397555 ] } },
{ "type": "Feature", "properties": { "station_id": 72, "name": "和平里北街站", "capacity": 30 }, "geometry": { "type": "Point", "coordinates": [ 116.4103594, 39.95812814 ] } },
{ "type": "Feature", "properties": { "station_id": 73, "name": "兴隆街车站", "capacity": 30 }, "geometry": { "type": "Point", "coordinates": [ 116.40618345, 39.89458713 ] } },
{ "type": "Feature", "properties": { "station_id": 74, "name": "金宝街东口北侧站", "capacity": 30 }, "geometry": { "type": "Point", "coordinates": [ 116.41247275, 39.91367106 ] } },
{ "type": "Feature", "properties": { "station_id": 75, "name": "东单体育馆站", "capacity": 25 }, "geometry": { "type": "Point", "coordinates": [ 116.41235979, 39.90117839 ] } },
{ "type": "Feature", "properties": { "station_id": 76, "name": "祈年大街北口站", "capacity": 40 }, "geometry": { "type": "Point", "coordinates": [ 116.40437367, 39.89891971 ] } },
{ "type": "Feature", "properties": { "station_id": 77, "name": "崇文门饭店站", "capacity": 40 }, "geometry": { "type": "Point", "coordinates": [ 116.41137493, 39.89899961 ] } },
{ "type": "Feature", "properties": { "station_id": 78, "name": "民安街东口站", "capacity": 40 }, "geometry": { "type": "Point", "coordinates": [ 116.39228813, 39.88511388 ] } },
{ "type": "Feature", "properties": { "station_id": 79, "name": "安定门西南角站", "capacity": 50 }, "geometry": { "type": "Point", "coordinates": [ 116.40045212, 39.94611594 ] } },
{ "type": "Feature", "properties": { "station_id": 80, "name": "体育馆路西站", "capacity": 34 }, "geometry": { "type": "Point", "coordinates": [ 116.41689145, 39.88235362 ] } },
{ "type": "Feature", "properties": { "station_id": 81, "name": "光明桥西北角站", "capacity": 29 }, "geometry": { "type": "Point", "coordinates": [ 116.43685461, 39.88525287 ] } },
{ "type": "Feature", "properties": { "station_id": 82, "name": "天坛公园东北角站", "capacity": 60 }, "geometry": { "type": "Point", "coordinates": [ 116.40080432, 39.87735525 ] } },
{ "type": "Feature", "properties": { "station_id": 83, "name": "玉蜓桥公园站", "capacity": 35 }, "geometry": { "type": "Point", "coordinates": [ 116.40500309, 39.87169957 ] } },
{ "type": "Feature", "properties": { "station_id": 84, "name": "和平里医院站", "capacity": 50 }, "geometry": { "type": "Point", "coordinates": [ 116.40743505, 39.95798918 ] } },
{ "type": "Feature", "properties": { "station_id": 85, "name": "兴隆街西口站", "capacity": 45 }, "geometry": { "type": "Point", "coordinates": [ 116.40586264, 39.89589919 ] } },
{ "type": "Feature", "properties": { "station_id": 86, "name": "天坛北门北西侧站", "capacity": 40 }, "geometry": { "type": "Point", "coordinates": [ 116.40623758, 39.88917435 ] } },
{ "type": "Feature", "properties": { "station_id": 87, "name": "和平里北街西口站", "capacity": 39 }, "geometry": { "type": "Point", "coordinates": [ 116.4084201, 39.95692161 ] } },
{ "type": "Feature", "properties": { "station_id": 88, "name": "和平里路口西站", "capacity": 30 }, "geometry": { "type": "Point", "coordinates": [ 116.41711096, 39.95816391 ] } },
{ "type": "Feature", "properties": { "station_id": 89, "name": "安外北京人才大厦北侧站", "capacity": 45 }, "geometry": { "type": "Point", "coordinates": [ 116.43006045, 39.9831458 ] } },
{ "type": "Feature", "properties": { "station_id": 90, "name": "名酒城站", "capacity": 30 }, "geometry": { "type": "Point", "coordinates": [ 116.42200635, 39.91283314 ] } },
{ "type": "Feature", "properties": { "station_id": 91, "name": "和平里南街东口站", "capacity": 55 }, "geometry": { "type": "Point", "coordinates": [ 116.41903677, 39.95284449 ] } },
{ "type": "Feature", "properties": { "station_id": 92, "name": "培新街站", "capacity": 25 }, "geometry": { "type": "Point", "coordinates": [ 116.42920098, 39.88912375 ] } },
{ "type": "Feature", "properties": { "station_id": 93, "name": "南花市大街崇外街道站", "capacity": 35 }, "geometry": { "type": "Point", "coordinates": [ 116.41875385, 39.89479074 ] } },
{ "type": "Feature", "properties": { "station_id": 94, "name": "正义路站", "capacity": 30 }, "geometry": { "type": "Point", "coordinates": [ 116.40041945, 39.90314895 ] } },
{ "type": "Feature", "properties": { "station_id": 95, "name": "北新桥三条西口站", "capacity": 30 }, "geometry": { "type": "Point", "coordinates": [ 116.41348464, 39.94389825 ] } },
{ "type": "Feature", "properties": { "station_id": 96, "name": "龙潭北门西侧站", "capacity": 55 }, "geometry": { "type": "Point", "coordinates": [ 116.43237455, 39.88079385 ] } },
{ "type": "Feature", "properties": { "station_id": 97, "name": "龙潭路站", "capacity": 19 }, "geometry": { "type": "Point", "coordinates": [ 116.41870994, 39.8796318 ] } },
{ "type": "Feature", "properties": { "station_id": 98, "name": "前门街道站", "capacity": 25 }, "geometry": { "type": "Point", "coordinates": [ 116.39766514, 39.89883058 ] } },
{ "type": "Feature", "properties": { "station_id": 99, "name": "天坛东路南口站", "capacity": 55 }, "geometry": { "type": "Point", "coordinates": [ 116.41459322, 39.87517272 ] } },
{ "type": "Feature", "properties": { "station_id": 100, "name": "中国黄金站", "capacity": 25 }, "geometry": { "type": "Point", "coordinates": [ 116.4084201, 39.95692161 ] } },
{ "type": "Feature", "properties": { "station_id": 101, "name": "雍和宫大街站", "capacity": 30 }, "geometry": { "type": "Point", "coordinates": [ 116.41035364, 39.94346121 ] } },
{ "type": "Feature", "properties": { "station_id": 102, "name": "金鱼池站", "capacity": 25 }, "geometry": { "type": "Point", "coordinates": [ 116.402566, 39.8882461 ] } },
{ "type": "Feature", "properties": { "station_id": 103, "name": "东直门医院站", "capacity": 29 }, "geometry": { "type": "Point", "coordinates": [ 116.42152205, 39.93574654 ] } },
{ "type": "Feature", "properties": { "station_id": 104, "name": "东直门内稻香村站", "capacity": 24 }, "geometry": { "type": "Point", "coordinates": [ 116.41381363, 39.93940878 ] } },
{ "type": "Feature", "properties": { "station_id": 105, "name": "俄罗斯大使馆站", "capacity": 30 }, "geometry": { "type": "Point", "coordinates": [ 116.42208654, 39.94315884 ] } },
{ "type": "Feature", "properties": { "station_id": 106, "name": "金宝街东口南侧站", "capacity": 25 }, "geometry": { "type": "Point", "coordinates": [ 116.41247275, 39.91367106 ] } },
{ "type": "Feature", "properties": { "station_id": 107, "name": "体育馆路口东北角站", "capacity": 30 }, "geometry": { "type": "Point", "coordinates": [ 116.41878596, 39.88260338 ] } },
{ "type": "Feature", "properties": { "station_id": 108, "name": "李村公交车站站", "capacity": 39 }, "geometry": { "type": "Point", "coordinates": [ 116.37634408, 39.70361158 ] } },
{ "type": "Feature", "properties": { "station_id": 109, "name": "琉璃井公交车站站", "capacity": 29 }, "geometry": { "type": "Point", "coordinates": [ 116.3422913, 39.85863815 ] } },
{ "type": "Feature", "properties": { "station_id": 110, "name": "南小市口街北口站", "capacity": 40 }, "geometry": { "type": "Point", "coordinates": [ 116.42329984, 39.89623382 ] } },
{ "type": "Feature", "properties": { "station_id": 111, "name": "东中街站", "capacity": 29 }, "geometry": { "type": "Point", "coordinates": [ 116.43042656, 39.92958631 ] } },
{ "type": "Feature", "properties": { "station_id": 112, "name": "北新仓胡同站", "capacity": 29 }, "geometry": { "type": "Point", "coordinates": [ 116.42246911, 39.93908535 ] } },
{ "type": "Feature", "properties": { "station_id": 113, "name": "玉蜓桥北侧站", "capacity": 25 }, "geometry": { "type": "Point", "coordinates": [ 116.41459322, 39.87517272 ] } },
{ "type": "Feature", "properties": { "station_id": 114, "name": "体育馆西路北口站", "capacity": 30 }, "geometry": { "type": "Point", "coordinates": [ 116.4189924, 39.88128759 ] } },
{ "type": "Feature", "properties": { "station_id": 115, "name": "北京京坛医院景泰路站", "capacity": 29 }, "geometry": { "type": "Point", "coordinates": [ 116.4075234, 39.86390767 ] } },
{ "type": "Feature", "properties": { "station_id": 116, "name": "幸福大街南站", "capacity": 29 }, "geometry": { "type": "Point", "coordinates": [ 116.70292881, 40.32499882 ] } },
{ "type": "Feature", "properties": { "station_id": 117, "name": "红桥路口北西侧站", "capacity": 30 }, "geometry": { "type": "Point", "coordinates": [ 116.41246846, 39.88736989 ] } },
{ "type": "Feature", "properties": { "station_id": 118, "name": "协和医院西门站", "capacity": 32 }, "geometry": { "type": "Point", "coordinates": [ 116.40772364, 39.9102465 ] } },
{ "type": "Feature", "properties": { "station_id": 119, "name": "正义路南口站", "capacity": 34 }, "geometry": { "type": "Point", "coordinates": [ 116.40063361, 39.89940313 ] } },
{ "type": "Feature", "properties": { "station_id": 120, "name": "景山后街站", "capacity": 34 }, "geometry": { "type": "Point", "coordinates": [ 116.391253, 39.92702432 ] } },
{ "type": "Feature", "properties": { "station_id": 121, "name": "景山东街北口站", "capacity": 23 }, "geometry": { "type": "Point", "coordinates": [ 116.39338927, 39.92434996 ] } },
{ "type": "Feature", "properties": { "station_id": 122, "name": "向新西里东站", "capacity": 32 }, "geometry": { "type": "Point", "coordinates": [ 116.43041099, 39.871636 ] } },
{ "type": "Feature", "properties": { "station_id": 123, "name": "夕照寺中街站", "capacity": 67 }, "geometry": { "type": "Point", "coordinates": [ 116.4346138, 39.88820528 ] } },
{ "type": "Feature", "properties": { "station_id": 124, "name": "夕照寺中街东口站", "capacity": 32 }, "geometry": { "type": "Point", "coordinates": [ 116.43521786, 39.88816052 ] } },
{ "type": "Feature", "properties": { "station_id": 125, "name": "左安门西街站", "capacity": 25 }, "geometry": { "type": "Point", "coordinates": [ 116.42353981, 39.87200813 ] } },
{ "type": "Feature", "properties": { "station_id": 126, "name": "安乐林路工商银行站", "capacity": 64 }, "geometry": { "type": "Point", "coordinates": [ 116.3943656, 39.8658885 ] } },
{ "type": "Feature", "properties": { "station_id": 127, "name": "地铁东四十条C口站", "capacity": 32 }, "geometry": { "type": "Point", "coordinates": [ 116.367767, 39.91434958 ] } },
{ "type": "Feature", "properties": { "station_id": 128, "name": "光明桥北站", "capacity": 28 }, "geometry": { "type": "Point", "coordinates": [ 116.43759649, 39.88438829 ] } },
{ "type": "Feature", "properties": { "station_id": 129, "name": "东直门中学站", "capacity": 29 }, "geometry": { "type": "Point", "coordinates": [ 116.42559415, 39.94299148 ] } },
{ "type": "Feature", "properties": { "station_id": 130, "name": "北京站西街西口站", "capacity": 30 }, "geometry": { "type": "Point", "coordinates": [ 116.41432267, 39.90050471 ] } },
{ "type": "Feature", "properties": { "station_id": 131, "name": "公交亮果厂站", "capacity": 40 }, "geometry": { "type": "Point", "coordinates": [ 116.39860003, 39.92785164 ] } },
{ "type": "Feature", "properties": { "station_id": 132, "name": "地铁灯市口A口站", "capacity": 30 }, "geometry": { "type": "Point", "coordinates": [ 116.40128192, 39.90262654 ] } },
{ "type": "Feature", "properties": { "station_id": 133, "name": "崇文门外大街北口站", "capacity": 40 }, "geometry": { "type": "Point", "coordinates": [ 116.41076317, 39.90572422 ] } },
{ "type": "Feature", "properties": { "station_id": 134, "name": "北小街仓南胡同西口站", "capacity": 25 }, "geometry": { "type": "Point", "coordinates": [ 116.41561026, 39.92594873 ] } },
{ "type": "Feature", "properties": { "station_id": 135, "name": "东四十条小街路站", "capacity": 30 }, "geometry": { "type": "Point", "coordinates": [ 116.4230507, 39.93248305 ] } },
{ "type": "Feature", "properties": { "station_id": 136, "name": "公交东四十条站", "capacity": 27 }, "geometry": { "type": "Point", "coordinates": [ 116.40128192, 39.90262654 ] } },
{ "type": "Feature", "properties": { "station_id": 137, "name": "光明楼公交车站站", "capacity": 15 }, "geometry": { "type": "Point", "coordinates": [ 116.44959218, 39.87253401 ] } },
{ "type": "Feature", "properties": { "station_id": 138, "name": "东四十条125号站", "capacity": 28 }, "geometry": { "type": "Point", "coordinates": [ 116.406652, 39.93208041 ] } },
{ "type": "Feature", "properties": { "station_id": 139, "name": "公交张自忠路站", "capacity": 20 }, "geometry": { "type": "Point", "coordinates": [ 116.40128192, 39.90262654 ] } },
{ "type": "Feature", "properties": { "station_id": 140, "name": "东四十条青蓝大厦站", "capacity": 23 }, "geometry": { "type": "Point", "coordinates": [ 116.42159125, 39.93236311 ] } },
{ "type": "Feature", "properties": { "station_id": 141, "name": "安外公交蒋宅口站", "capacity": 29 }, "geometry": { "type": "Point", "coordinates": [ 116.40163369, 39.9570296 ] } },
{ "type": "Feature", "properties": { "station_id": 142, "name": "安外中国石化报站", "capacity": 30 }, "geometry": { "type": "Point", "coordinates": [ 116.40187559, 39.9753166 ] } },
{ "type": "Feature", "properties": { "station_id": 143, "name": "朝内小街站", "capacity": 27 }, "geometry": { "type": "Point", "coordinates": [ 116.42200635, 39.91283314 ] } },
{ "type": "Feature", "properties": { "station_id": 144, "name": "景山公园东门站", "capacity": 27 }, "geometry": { "type": "Point", "coordinates": [ 116.39574677, 39.92392255 ] } },
{ "type": "Feature", "properties": { "station_id": 145, "name": "先农坛公交车站北站", "capacity": 30 }, "geometry": { "type": "Point", "coordinates": [ 116.39159475, 39.8790146 ] } },
{ "type": "Feature", "properties": { "station_id": 146, "name": "先农坛公交车站南站", "capacity": 29 }, "geometry": { "type": "Point", "coordinates": [ 116.39159475, 39.8790146 ] } },
{ "type": "Feature", "properties": { "station_id": 147, "name": "地铁2号线东直门C口站", "capacity": 27 }, "geometry": { "type": "Point", "coordinates": [ 116.42763527, 39.93940854 ] } },
{ "type": "Feature", "properties": { "station_id": 148, "name": "五老胡同站", "capacity": 20 }, "geometry": { "type": "Point", "coordinates": [ 116.40908483, 39.89356249 ] } },
{ "type": "Feature", "properties": { "station_id": 149, "name": "地铁磁器口D 出口站", "capacity": 25 }, "geometry": { "type": "Point", "coordinates": [ 116.41263593, 39.89169568 ] } },
{ "type": "Feature", "properties": { "station_id": 150, "name": "前门街道办事处站", "capacity": 15 }, "geometry": { "type": "Point", "coordinates": [ 116.40006987, 39.89154892 ] } },
{ "type": "Feature", "properties": { "station_id": 151, "name": "永外管村路站", "capacity": 20 }, "geometry": { "type": "Point", "coordinates": [ 116.38879765, 39.86184628 ] } },
{ "type": "Feature", "properties": { "station_id": 152, "name": "安乐林路站", "capacity": 20 }, "geometry": { "type": "Point", "coordinates": [ 116.39833349, 39.86367991 ] } },
{ "type": "Feature", "properties": { "station_id": 153, "name": "地铁朝阳门F口站", "capacity": 25 }, "geometry": { "type": "Point", "coordinates": [ 116.42660565, 39.92210056 ] } },
{ "type": "Feature", "properties": { "station_id": 154, "name": "陶然亭桥站", "capacity": 35 }, "geometry": { "type": "Point", "coordinates": [ 116.38093523, 39.86739257 ] } },
{ "type": "Feature", "properties": { "station_id": 155, "name": "安乐林路西口站", "capacity": 20 }, "geometry": { "type": "Point", "coordinates": [ 116.40187395, 39.86852873 ] } },
{ "type": "Feature", "properties": { "station_id": 156, "name": "安乐林社区站", "capacity": 15 }, "geometry": { "type": "Point", "coordinates": [ 116.40224128, 39.86085025 ] } },
{ "type": "Feature", "properties": { "station_id": 157, "name": "台基厂三号站", "capacity": 20 }, "geometry": { "type": "Point", "coordinates": [ 116.40511342, 39.90453497 ] } },
{ "type": "Feature", "properties": { "station_id": 158, "name": "正义路二号A站", "capacity": 14 }, "geometry": { "type": "Point", "coordinates": [ 116.40257171, 39.90329059 ] } },
{ "type": "Feature", "properties": { "station_id": 159, "name": "正义路二号B站", "capacity": 15 }, "geometry": { "type": "Point", "coordinates": [ 116.40257171, 39.90329059 ] } },
{ "type": "Feature", "properties": { "station_id": 160, "name": "柏树胡同西口站", "capacity": 10 }, "geometry": { "type": "Point", "coordinates": [ 116.40618179, 39.90756415 ] } },
{ "type": "Feature", "properties": { "station_id": 161, "name": "南小市口中街站", "capacity": 20 }, "geometry": { "type": "Point", "coordinates": [ 116.42417126, 39.89417504 ] } },
{ "type": "Feature", "properties": { "station_id": 162, "name": "什锦花园站", "capacity": 15 }, "geometry": { "type": "Point", "coordinates": [ 116.40846959, 39.92811419 ] } },
{ "type": "Feature", "properties": { "station_id": 163, "name": "中国农业银行东单站", "capacity": 20 }, "geometry": { "type": "Point", "coordinates": [ 116.41810275, 39.90846518 ] } },
{ "type": "Feature", "properties": { "station_id": 164, "name": "东城第二文化馆站", "capacity": 20 }, "geometry": { "type": "Point", "coordinates": [ 116.41166575, 39.89402567 ] } },
{ "type": "Feature", "properties": { "station_id": 165, "name": "老干部活动中心站", "capacity": 20 }, "geometry": { "type": "Point", "coordinates": [ 116.42232266, 39.94907166 ] } },
{ "type": "Feature", "properties": { "station_id": 166, "name": "台基厂路站", "capacity": 20 }, "geometry": { "type": "Point", "coordinates": [ 116.40128192, 39.90262654 ] } },
{ "type": "Feature", "properties": { "station_id": 167, "name": "崇文门东大街东口站", "capacity": 40 }, "geometry": { "type": "Point", "coordinates": [ 116.42593602, 39.89896833 ] } },
{ "type": "Feature", "properties": { "station_id": 168, "name": "地铁广渠门B口站", "capacity": 20 }, "geometry": { "type": "Point", "coordinates": [ 116.43076008, 39.89178097 ] } },
{ "type": "Feature", "properties": { "station_id": 169, "name": "永定门桥东站", "capacity": 25 }, "geometry": { "type": "Point", "coordinates": [ 116.3923663, 39.87036698 ] } },
{ "type": "Feature", "properties": { "station_id": 170, "name": "永外文化用品城站", "capacity": 25 }, "geometry": { "type": "Point", "coordinates": [ 116.39009404, 39.86367304 ] } },
{ "type": "Feature", "properties": { "station_id": 171, "name": "安德里社区站", "capacity": 40 }, "geometry": { "type": "Point", "coordinates": [ 116.4482405, 39.91274754 ] } },
{ "type": "Feature", "properties": { "station_id": 172, "name": "东四北大街南口站", "capacity": 30 }, "geometry": { "type": "Point", "coordinates": [ 116.41939817, 39.93454267 ] } },
{ "type": "Feature", "properties": { "station_id": 173, "name": "天坛东路北坡大厦站", "capacity": 35 }, "geometry": { "type": "Point", "coordinates": [ 116.41525002, 39.8757073 ] } },
{ "type": "Feature", "properties": { "station_id": 174, "name": "天坛东路交通银行站", "capacity": 40 }, "geometry": { "type": "Point", "coordinates": [ 116.35397991, 39.91338764 ] } },
{ "type": "Feature", "properties": { "station_id": 175, "name": "忠实里北站", "capacity": 40 }, "geometry": { "type": "Point", "coordinates": [ 116.43921591, 39.89906189 ] } },
{ "type": "Feature", "properties": { "station_id": 176, "name": "公交左安门大街东侧站", "capacity": 25 }, "geometry": { "type": "Point", "coordinates": [ 116.43320162, 39.87006878 ] } },
{ "type": "Feature", "properties": { "station_id": 177, "name": "公交左安门大街西侧站", "capacity": 35 }, "geometry": { "type": "Point", "coordinates": [ 116.39218051, 39.89162909 ] } },
{ "type": "Feature", "properties": { "station_id": 178, "name": "培新街西口站", "capacity": 25 }, "geometry": { "type": "Point", "coordinates": [ 116.42614358, 39.88952385 ] } },
{ "type": "Feature", "properties": { "station_id": 179, "name": "地铁东直门D口站", "capacity": 35 }, "geometry": { "type": "Point", "coordinates": [ 116.41256112, 39.93939258 ] } },
{ "type": "Feature", "properties": { "station_id": 180, "name": "景泰路南口站", "capacity": 30 }, "geometry": { "type": "Point", "coordinates": [ 116.40734816, 39.86105434 ] } },
{ "type": "Feature", "properties": { "station_id": 181, "name": "东单电话局站", "capacity": 20 }, "geometry": { "type": "Point", "coordinates": [ 116.41471131, 39.90747036 ] } },
{ "type": "Feature", "properties": { "station_id": 182, "name": "培新街汇文中学站", "capacity": 34 }, "geometry": { "type": "Point", "coordinates": [ 116.42599074, 39.88940921 ] } },
{ "type": "Feature", "properties": { "station_id": 183, "name": "体育馆西路站", "capacity": 40 }, "geometry": { "type": "Point", "coordinates": [ 116.4189924, 39.88128759 ] } },
{ "type": "Feature", "properties": { "station_id": 184, "name": "朝阳门南小街站", "capacity": 40 }, "geometry": { "type": "Point", "coordinates": [ 116.41011903, 39.92695171 ] } },
{ "type": "Feature", "properties": { "station_id": 185, "name": "地铁桥湾B口站", "capacity": 30 }, "geometry": { "type": "Point", "coordinates": [ 116.40128192, 39.90262654 ] } },
{ "type": "Feature", "properties": { "station_id": 186, "name": "长青园24号楼站", "capacity": 24 }, "geometry": { "type": "Point", "coordinates": [ 116.58496122, 39.82546467 ] } },
{ "type": "Feature", "properties": { "station_id": 187, "name": "兴隆街新怡家园站", "capacity": 25 }, "geometry": { "type": "Point", "coordinates": [ 116.40867973, 39.89689997 ] } },
{ "type": "Feature", "properties": { "station_id": 188, "name": "地铁磁器口G口站", "capacity": 20 }, "geometry": { "type": "Point", "coordinates": [ 116.43850552, 39.89240424 ] } },
{ "type": "Feature", "properties": { "station_id": 189, "name": "安定门外天坛家具站", "capacity": 50 }, "geometry": { "type": "Point", "coordinates": [ 116.40331971, 39.96327066 ] } },
{ "type": "Feature", "properties": { "station_id": 190, "name": "国药大厦站", "capacity": 35 }, "geometry": { "type": "Point", "coordinates": [ 116.3892162, 39.86920812 ] } },
{ "type": "Feature", "properties": { "station_id": 191, "name": "富莱茵小区", "capacity": 30 }, "geometry": { "type": "Point", "coordinates": [ 116.39931845, 39.85935821 ] } },
{ "type": "Feature", "properties": { "station_id": 192, "name": "隆福医院站", "capacity": 30 }, "geometry": { "type": "Point", "coordinates": [ 116.40506495, 39.92545387 ] } },
{ "type": "Feature", "properties": { "station_id": 193, "name": "永定门桥东站", "capacity": 25 }, "geometry": { "type": "Point", "coordinates": [ 116.3923663, 39.87036698 ] } },
{ "type": "Feature", "properties": { "station_id": 194, "name": "永定门长途汽车站", "capacity": 20 }, "geometry": { "type": "Point", "coordinates": [ 116.37782484, 39.86819962 ] } },
{ "type": "Feature", "properties": { "station_id": 195, "name": "中国航空公司站", "capacity": 25 }, "geometry": { "type": "Point", "coordinates": [ 116.40217836, 39.93534023 ] } },
{ "type": "Feature", "properties": { "station_id": 196, "name": "公交交道口东站", "capacity": 35 }, "geometry": { "type": "Point", "coordinates": [ 116.40128192, 39.90262654 ] } },
{ "type": "Feature", "properties": { "station_id": 197, "name": "鼓楼站", "capacity": 50 }, "geometry": { "type": "Point", "coordinates": [ 116.40003324, 39.93934123 ] } },
{ "type": "Feature", "properties": { "station_id": 198, "name": "鼓楼外红都大厦站", "capacity": 45 }, "geometry": { "type": "Point", "coordinates": [ 116.38912131, 39.95544325 ] } },
{ "type": "Feature", "properties": { "station_id": 199, "name": "公交钟楼北桥北站", "capacity": 45 }, "geometry": { "type": "Point", "coordinates": [ 116.38939615, 39.95329939 ] } },
{ "type": "Feature", "properties": { "station_id": 200, "name": "公交鼓楼外大街北站", "capacity": 45 }, "geometry": { "type": "Point", "coordinates": [ 116.38914353, 39.96061958 ] } },
{ "type": "Feature", "properties": { "station_id": 201, "name": "香河园路西口站", "capacity": 20 }, "geometry": { "type": "Point", "coordinates": [ 116.42881953, 39.94333157 ] } },
{ "type": "Feature", "properties": { "station_id": 202, "name": "公交灯市西口站", "capacity": 30 }, "geometry": { "type": "Point", "coordinates": [ 116.40704331, 39.91676139 ] } },
{ "type": "Feature", "properties": { "station_id": 203, "name": "人力资源站", "capacity": 30 }, "geometry": { "type": "Point", "coordinates": [ 116.41233754, 39.95590178 ] } },
{ "type": "Feature", "properties": { "station_id": 204, "name": "香河园路东口站", "capacity": 50 }, "geometry": { "type": "Point", "coordinates": [ 116.43283259, 39.9463626 ] } },
{ "type": "Feature", "properties": { "station_id": 205, "name": "西花市大街西口站", "capacity": 40 }, "geometry": { "type": "Point", "coordinates": [ 116.41394115, 39.89764351 ] } },
{ "type": "Feature", "properties": { "station_id": 206, "name": "中央编办站", "capacity": 20 }, "geometry": { "type": "Point", "coordinates": [ 116.41163988, 39.91729047 ] } },
{ "type": "Feature", "properties": { "station_id": 207, "name": "两广路惠民儿童医站", "capacity": 30 }, "geometry": { "type": "Point", "coordinates": [ 116.40781005, 39.89120442 ] } },
{ "type": "Feature", "properties": { "station_id": 208, "name": "幸福大街口东南角站", "capacity": 40 }, "geometry": { "type": "Point", "coordinates": [ 116.42549477, 39.88312987 ] } },
{ "type": "Feature", "properties": { "station_id": 209, "name": "红桥路口西站", "capacity": 40 }, "geometry": { "type": "Point", "coordinates": [ 116.40342869, 39.88679684 ] } },
{ "type": "Feature", "properties": { "station_id": 210, "name": "同仁医院南门站", "capacity": 25 }, "geometry": { "type": "Point", "coordinates": [ 116.41248978, 39.8998701 ] } },
{ "type": "Feature", "properties": { "station_id": 211, "name": "中国航空公司站", "capacity": 25 }, "geometry": { "type": "Point", "coordinates": [ 116.40217836, 39.93534023 ] } },
{ "type": "Feature", "properties": { "station_id": 212, "name": "金宝街中街站", "capacity": 30 }, "geometry": { "type": "Point", "coordinates": [ 116.42069965, 39.91383872 ] } },
{ "type": "Feature", "properties": { "station_id": 213, "name": "两广公交过街楼站", "capacity": 25 }, "geometry": { "type": "Point", "coordinates": [ 116.39560623, 39.88919125 ] } },
{ "type": "Feature", "properties": { "station_id": 214, "name": "中欣戴斯A站", "capacity": 15 }, "geometry": { "type": "Point", "coordinates": [ 116.29282506, 40.08790124 ] } },
{ "type": "Feature", "properties": { "station_id": 215, "name": "安定门桥北站", "capacity": 40 }, "geometry": { "type": "Point", "coordinates": [ 116.40239813, 39.9476956 ] } },
{ "type": "Feature", "properties": { "station_id": 216, "name": "东直门外斜街南口站", "capacity": 25 }, "geometry": { "type": "Point", "coordinates": [ 116.43802444, 39.94700466 ] } },
{ "type": "Feature", "properties": { "station_id": 217, "name": "宝钞胡同站", "capacity": 20 }, "geometry": { "type": "Point", "coordinates": [ 116.39467663, 39.93960419 ] } },
{ "type": "Feature", "properties": { "station_id": 218, "name": "钱粮胡同南侧站", "capacity": 20 }, "geometry": { "type": "Point", "coordinates": [ 116.40762995, 39.92645443 ] } },
{ "type": "Feature", "properties": { "station_id": 219, "name": "什锦花园胡同北侧站", "capacity": 40 }, "geometry": { "type": "Point", "coordinates": [ 116.40514853, 39.92852842 ] } },
{ "type": "Feature", "properties": { "station_id": 220, "name": "建国门南大街", "capacity": 35 }, "geometry": { "type": "Point", "coordinates": [ 116.42821333, 39.90171408 ] } },
{ "type": "Feature", "properties": { "station_id": 221, "name": "光明中街东口站", "capacity": 20 }, "geometry": { "type": "Point", "coordinates": [ 116.43401761, 39.88661745 ] } },
{ "type": "Feature", "properties": { "station_id": 222, "name": "东城区职业技术学校站", "capacity": 20 }, "geometry": { "type": "Point", "coordinates": [ 116.43271931, 39.93534219 ] } },
{ "type": "Feature", "properties": { "station_id": 223, "name": "东壁街东口站", "capacity": 20 }, "geometry": { "type": "Point", "coordinates": [ 116.42314023, 39.88940945 ] } },
{ "type": "Feature", "properties": { "station_id": 224, "name": "龙潭湖公园西门北侧站", "capacity": 25 }, "geometry": { "type": "Point", "coordinates": [ 116.43339981, 39.87476475 ] } },
{ "type": "Feature", "properties": { "station_id": 225, "name": "柳荫公园站", "capacity": 15 }, "geometry": { "type": "Point", "coordinates": [ 116.39581853, 39.95945504 ] } },
{ "type": "Feature", "properties": { "station_id": 226, "name": "东花市南里鼎新路站", "capacity": 25 }, "geometry": { "type": "Point", "coordinates": [ 116.42952124, 39.89536096 ] } },
{ "type": "Feature", "properties": { "station_id": 227, "name": "洲际大厦站", "capacity": 25 }, "geometry": { "type": "Point", "coordinates": [ 116.3919824, 39.94962535 ] } },
{ "type": "Feature", "properties": { "station_id": 228, "name": "友谊医院站", "capacity": 35 }, "geometry": { "type": "Point", "coordinates": [ 116.38582061, 39.88375412 ] } },
{ "type": "Feature", "properties": { "station_id": 229, "name": "南横东街站", "capacity": 35 }, "geometry": { "type": "Point", "coordinates": [ 116.36817495, 39.88192567 ] } },
{ "type": "Feature", "properties": { "station_id": 230, "name": "牛街西里站", "capacity": 25 }, "geometry": { "type": "Point", "coordinates": [ 116.35583445, 39.88238041 ] } },
{ "type": "Feature", "properties": { "station_id": 231, "name": "广安口腔门诊站", "capacity": 20 }, "geometry": { "type": "Point", "coordinates": [ 116.34806715, 39.88211796 ] } },
{ "type": "Feature", "properties": { "station_id": 232, "name": "广安体育中心站", "capacity": 35 }, "geometry": { "type": "Point", "coordinates": [ 116.34871393, 39.88559191 ] } },
{ "type": "Feature", "properties": { "station_id": 233, "name": "枣林前街站", "capacity": 45 }, "geometry": { "type": "Point", "coordinates": [ 116.34734383, 39.88195132 ] } },
{ "type": "Feature", "properties": { "station_id": 234, "name": "菜园街站", "capacity": 20 }, "geometry": { "type": "Point", "coordinates": [ 116.34763341, 39.87999018 ] } },
{ "type": "Feature", "properties": { "station_id": 235, "name": "基业大厦站", "capacity": 25 }, "geometry": { "type": "Point", "coordinates": [ 116.34740408, 39.88721907 ] } },
{ "type": "Feature", "properties": { "station_id": 236, "name": "油坊胡同站", "capacity": 40 }, "geometry": { "type": "Point", "coordinates": [ 116.37005414, 39.90444076 ] } },
{ "type": "Feature", "properties": { "station_id": 237, "name": "地铁车公庄E口站", "capacity": 40 }, "geometry": { "type": "Point", "coordinates": [ 116.34705589, 39.93103335 ] } },
{ "type": "Feature", "properties": { "station_id": 238, "name": "大观园西门站", "capacity": 25 }, "geometry": { "type": "Point", "coordinates": [ 116.34780989, 39.86931691 ] } },
{ "type": "Feature", "properties": { "station_id": 239, "name": "消防总队站", "capacity": 25 }, "geometry": { "type": "Point", "coordinates": [ 116.35229374, 39.93857384 ] } },
{ "type": "Feature", "properties": { "station_id": 240, "name": "西直门南小街站", "capacity": 40 }, "geometry": { "type": "Point", "coordinates": [ 116.35214994, 39.93155149 ] } },
{ "type": "Feature", "properties": { "station_id": 241, "name": "北礼士路南口站", "capacity": 30 }, "geometry": { "type": "Point", "coordinates": [ 116.34737608, 39.92789345 ] } },
{ "type": "Feature", "properties": { "station_id": 242, "name": "西直门南小街22号站", "capacity": 30 }, "geometry": { "type": "Point", "coordinates": [ 116.35347445, 39.93573781 ] } },
{ "type": "Feature", "properties": { "station_id": 243, "name": "南运巷站", "capacity": 30 }, "geometry": { "type": "Point", "coordinates": [ 116.34385671, 39.88194582 ] } },
{ "type": "Feature", "properties": { "station_id": 244, "name": "华北电力站", "capacity": 45 }, "geometry": { "type": "Point", "coordinates": [ 116.38507886, 39.89997762 ] } },
{ "type": "Feature", "properties": { "station_id": 245, "name": "西城委员会站", "capacity": 35 }, "geometry": { "type": "Point", "coordinates": [ 116.35851178, 39.9106002 ] } },
{ "type": "Feature", "properties": { "station_id": 246, "name": "京畿道小区站", "capacity": 55 }, "geometry": { "type": "Point", "coordinates": [ 116.36172642, 39.90852454 ] } },
{ "type": "Feature", "properties": { "station_id": 247, "name": "二龙路站", "capacity": 35 }, "geometry": { "type": "Point", "coordinates": [ 116.36087331, 39.90826628 ] } },
{ "type": "Feature", "properties": { "station_id": 248, "name": "北礼士路站", "capacity": 40 }, "geometry": { "type": "Point", "coordinates": [ 116.34739158, 39.92572295 ] } },
{ "type": "Feature", "properties": { "station_id": 249, "name": "西城财政局站", "capacity": 40 }, "geometry": { "type": "Point", "coordinates": [ 116.36209852, 39.91759502 ] } },
{ "type": "Feature", "properties": { "station_id": 250, "name": "华远街站", "capacity": 50 }, "geometry": { "type": "Point", "coordinates": [ 116.36278509, 39.90985444 ] } },
{ "type": "Feature", "properties": { "station_id": 251, "name": "宣武门西大街站", "capacity": 45 }, "geometry": { "type": "Point", "coordinates": [ 116.36349499, 39.89856253 ] } },
{ "type": "Feature", "properties": { "station_id": 252, "name": "宣武门西大街4号站", "capacity": 40 }, "geometry": { "type": "Point", "coordinates": [ 116.36468352, 39.89774856 ] } },
{ "type": "Feature", "properties": { "station_id": 253, "name": "椿树园站", "capacity": 35 }, "geometry": { "type": "Point", "coordinates": [ 116.37065766, 39.89237479 ] } },
{ "type": "Feature", "properties": { "station_id": 254, "name": "成方街站", "capacity": 50 }, "geometry": { "type": "Point", "coordinates": [ 116.35306685, 39.90722476 ] } },
{ "type": "Feature", "properties": { "station_id": 255, "name": "信达大厦站", "capacity": 40 }, "geometry": { "type": "Point", "coordinates": [ 116.35686018, 39.90156975 ] } },
{ "type": "Feature", "properties": { "station_id": 256, "name": "北纬路站", "capacity": 30 }, "geometry": { "type": "Point", "coordinates": [ 116.38383824, 39.88204618 ] } },
{ "type": "Feature", "properties": { "station_id": 257, "name": "永安路站", "capacity": 35 }, "geometry": { "type": "Point", "coordinates": [ 116.38932146, 39.88117801 ] } },
{ "type": "Feature", "properties": { "station_id": 258, "name": "地铁菜市口A站", "capacity": 50 }, "geometry": { "type": "Point", "coordinates": [ 116.40128192, 39.90262654 ] } },
{ "type": "Feature", "properties": { "station_id": 259, "name": "翔达大厦站", "capacity": 30 }, "geometry": { "type": "Point", "coordinates": [ 116.36272691, 39.88813079 ] } },
{ "type": "Feature", "properties": { "station_id": 260, "name": "中信城站", "capacity": 60 }, "geometry": { "type": "Point", "coordinates": [ 116.36870798, 39.88446555 ] } },
{ "type": "Feature", "properties": { "station_id": 261, "name": "四平园小区站", "capacity": 40 }, "geometry": { "type": "Point", "coordinates": [ 116.37366169, 39.88065749 ] } },
{ "type": "Feature", "properties": { "station_id": 262, "name": "地铁陶然亭A口站", "capacity": 60 }, "geometry": { "type": "Point", "coordinates": [ 116.37845592, 39.88087474 ] } },
{ "type": "Feature", "properties": { "station_id": 263, "name": "信恒大厦站", "capacity": 35 }, "geometry": { "type": "Point", "coordinates": [ 116.35558249, 39.88740068 ] } },
{ "type": "Feature", "properties": { "station_id": 264, "name": "春风社区西门站", "capacity": 30 }, "geometry": { "type": "Point", "coordinates": [ 116.35936073, 39.88309249 ] } },
{ "type": "Feature", "properties": { "station_id": 265, "name": "地铁宣武门站", "capacity": 35 }, "geometry": { "type": "Point", "coordinates": [ 116.35600011, 39.89725297 ] } },
{ "type": "Feature", "properties": { "station_id": 266, "name": "粉子胡同站", "capacity": 25 }, "geometry": { "type": "Point", "coordinates": [ 116.36741623, 39.91660056 ] } },
{ "type": "Feature", "properties": { "station_id": 267, "name": "灵境胡同站", "capacity": 30 }, "geometry": { "type": "Point", "coordinates": [ 116.367767, 39.91434958 ] } },
{ "type": "Feature", "properties": { "station_id": 268, "name": "关帝庙站", "capacity": 40 }, "geometry": { "type": "Point", "coordinates": [ 116.3633322, 39.92064506 ] } },
{ "type": "Feature", "properties": { "station_id": 269, "name": "地铁阜成门B口站", "capacity": 30 }, "geometry": { "type": "Point", "coordinates": [ 116.35929481, 39.92234407 ] } },
{ "type": "Feature", "properties": { "station_id": 270, "name": "佟麟阁路站", "capacity": 35 }, "geometry": { "type": "Point", "coordinates": [ 116.36212353, 39.90060124 ] } },
{ "type": "Feature", "properties": { "station_id": 271, "name": "西城晶华站", "capacity": 60 }, "geometry": { "type": "Point", "coordinates": [ 116.35965313, 39.91968866 ] } },
{ "type": "Feature", "properties": { "station_id": 272, "name": "虎坊路站", "capacity": 40 }, "geometry": { "type": "Point", "coordinates": [ 116.38240455, 39.88410301 ] } },
{ "type": "Feature", "properties": { "station_id": 273, "name": "儒福里站", "capacity": 45 }, "geometry": { "type": "Point", "coordinates": [ 116.36776384, 39.87925216 ] } },
{ "type": "Feature", "properties": { "station_id": 274, "name": "西四南大街站", "capacity": 50 }, "geometry": { "type": "Point", "coordinates": [ 116.36713384, 39.92040397 ] } },
{ "type": "Feature", "properties": { "station_id": 275, "name": "南菜园街站", "capacity": 45 }, "geometry": { "type": "Point", "coordinates": [ 116.34748182, 39.87452425 ] } },
{ "type": "Feature", "properties": { "station_id": 276, "name": "粉坊琉璃站", "capacity": 25 }, "geometry": { "type": "Point", "coordinates": [ 116.37558197, 39.88337553 ] } },
{ "type": "Feature", "properties": { "station_id": 277, "name": "长椿里站", "capacity": 35 }, "geometry": { "type": "Point", "coordinates": [ 116.35692219, 39.89303657 ] } },
{ "type": "Feature", "properties": { "station_id": 278, "name": "宣武医院站", "capacity": 30 }, "geometry": { "type": "Point", "coordinates": [ 116.35694543, 39.88996967 ] } },
{ "type": "Feature", "properties": { "station_id": 279, "name": "广内大街18号站", "capacity": 45 }, "geometry": { "type": "Point", "coordinates": [ 116.36590384, 39.88695581 ] } },
{ "type": "Feature", "properties": { "station_id": 280, "name": "\"高梁桥站", "capacity": 55 }, "geometry": { "type": "Point", "coordinates": [ 116.34572991, 39.94022864 ] } },
{ "type": "Feature", "properties": { "station_id": 281, "name": "双旗杆路站", "capacity": 30 }, "geometry": { "type": "Point", "coordinates": [ 116.38173887, 39.96249213 ] } },
{ "type": "Feature", "properties": { "station_id": 282, "name": "黄寺大街站", "capacity": 30 }, "geometry": { "type": "Point", "coordinates": [ 116.37683731, 39.96122155 ] } },
{ "type": "Feature", "properties": { "station_id": 283, "name": "新风南里站", "capacity": 25 }, "geometry": { "type": "Point", "coordinates": [ 116.37147203, 39.96004769 ] } },
{ "type": "Feature", "properties": { "station_id": 284, "name": "新康路东口站", "capacity": 30 }, "geometry": { "type": "Point", "coordinates": [ 116.37299661, 39.95661693 ] } },
{ "type": "Feature", "properties": { "station_id": 285, "name": "北京师范大学站", "capacity": 20 }, "geometry": { "type": "Point", "coordinates": [ 116.35950383, 39.95570578 ] } },
{ "type": "Feature", "properties": { "station_id": 286, "name": "新街口外大街站", "capacity": 30 }, "geometry": { "type": "Point", "coordinates": [ 116.36534668, 39.95471789 ] } },
{ "type": "Feature", "properties": { "station_id": 287, "name": "新康路西口站", "capacity": 30 }, "geometry": { "type": "Point", "coordinates": [ 116.36481315, 39.95661056 ] } },
{ "type": "Feature", "properties": { "station_id": 288, "name": "新康路站", "capacity": 30 }, "geometry": { "type": "Point", "coordinates": [ 116.36947599, 39.9567044 ] } },
{ "type": "Feature", "properties": { "station_id": 289, "name": "第二炮兵总医院站", "capacity": 25 }, "geometry": { "type": "Point", "coordinates": [ 116.55246854, 39.95961467 ] } },
{ "type": "Feature", "properties": { "station_id": 290, "name": "教场口街站", "capacity": 35 }, "geometry": { "type": "Point", "coordinates": [ 116.37554272, 39.95212111 ] } },
{ "type": "Feature", "properties": { "station_id": 291, "name": "六铺炕街站", "capacity": 30 }, "geometry": { "type": "Point", "coordinates": [ 116.38116837, 39.95225425 ] } },
{ "type": "Feature", "properties": { "station_id": 292, "name": "六铺炕二巷站", "capacity": 30 }, "geometry": { "type": "Point", "coordinates": [ 116.38097805, 39.95014874 ] } },
{ "type": "Feature", "properties": { "station_id": 293, "name": "六铺炕一巷站", "capacity": 30 }, "geometry": { "type": "Point", "coordinates": [ 116.38313571, 39.95010167 ] } },
{ "type": "Feature", "properties": { "station_id": 294, "name": "安德馨居站", "capacity": 30 }, "geometry": { "type": "Point", "coordinates": [ 116.37782973, 39.9495063 ] } },
{ "type": "Feature", "properties": { "station_id": 295, "name": "德胜门东滨河路站", "capacity": 30 }, "geometry": { "type": "Point", "coordinates": [ 116.36917224, 39.94853778 ] } },
{ "type": "Feature", "properties": { "station_id": 296, "name": "新街口七条站", "capacity": 30 }, "geometry": { "type": "Point", "coordinates": [ 116.36316148, 39.94524908 ] } },
{ "type": "Feature", "properties": { "station_id": 297, "name": "什刹海体育运动学校站", "capacity": 35 }, "geometry": { "type": "Point", "coordinates": [ 116.38430445, 39.93336664 ] } },
{ "type": "Feature", "properties": { "station_id": 298, "name": "地铁新街口B口站", "capacity": 30 }, "geometry": { "type": "Point", "coordinates": [ 116.40128192, 39.90262654 ] } },
{ "type": "Feature", "properties": { "station_id": 299, "name": "地铁新街口D口站", "capacity": 45 }, "geometry": { "type": "Point", "coordinates": [ 116.40128192, 39.90262654 ] } },
{ "type": "Feature", "properties": { "station_id": 300, "name": "南草厂街站", "capacity": 35 }, "geometry": { "type": "Point", "coordinates": [ 116.35805907, 39.93683343 ] } },
{ "type": "Feature", "properties": { "station_id": 301, "name": "地铁车公庄H口站", "capacity": 30 }, "geometry": { "type": "Point", "coordinates": [ 116.34779449, 39.93081088 ] } },
{ "type": "Feature", "properties": { "station_id": 302, "name": "地铁车公庄西站B口站", "capacity": 40 }, "geometry": { "type": "Point", "coordinates": [ 116.33604718, 39.93139995 ] } },
{ "type": "Feature", "properties": { "station_id": 303, "name": "榆树馆胡同站", "capacity": 40 }, "geometry": { "type": "Point", "coordinates": [ 116.33801826, 39.9360043 ] } },
{ "type": "Feature", "properties": { "station_id": 304, "name": "展览馆路站", "capacity": 40 }, "geometry": { "type": "Point", "coordinates": [ 116.33636636, 39.9357632 ] } },
{ "type": "Feature", "properties": { "station_id": 305, "name": "展览馆路南口站", "capacity": 25 }, "geometry": { "type": "Point", "coordinates": [ 116.33778343, 39.92680405 ] } },
{ "type": "Feature", "properties": { "station_id": 306, "name": "外文局站", "capacity": 40 }, "geometry": { "type": "Point", "coordinates": [ 116.3319371, 39.92692934 ] } },
{ "type": "Feature", "properties": { "station_id": 307, "name": "百万庄大街站", "capacity": 30 }, "geometry": { "type": "Point", "coordinates": [ 116.34275466, 39.92719949 ] } },
{ "type": "Feature", "properties": { "station_id": 308, "name": "粮科大厦", "capacity": 45 }, "geometry": { "type": "Point", "coordinates": [ 116.34449052, 39.92726895 ] } },
{ "type": "Feature", "properties": { "station_id": 309, "name": "北露园站", "capacity": 30 }, "geometry": { "type": "Point", "coordinates": [ 116.33719749, 39.92499322 ] } },
{ "type": "Feature", "properties": { "station_id": 310, "name": "大红罗厂站", "capacity": 30 }, "geometry": { "type": "Point", "coordinates": [ 116.36960179, 39.92626801 ] } },
{ "type": "Feature", "properties": { "station_id": 311, "name": "盆儿胡同站", "capacity": 30 }, "geometry": { "type": "Point", "coordinates": [ 116.36477747, 39.87782904 ] } },
{ "type": "Feature", "properties": { "station_id": 312, "name": "南礼士路北口站", "capacity": 25 }, "geometry": { "type": "Point", "coordinates": [ 116.34851903, 39.92139921 ] } },
{ "type": "Feature", "properties": { "station_id": 313, "name": "国润大厦站", "capacity": 35 }, "geometry": { "type": "Point", "coordinates": [ 116.34343294, 39.92177021 ] } },
{ "type": "Feature", "properties": { "station_id": 314, "name": "南礼士路站", "capacity": 30 }, "geometry": { "type": "Point", "coordinates": [ 116.34720994, 39.91710621 ] } },
{ "type": "Feature", "properties": { "station_id": 315, "name": "科学技术馆站", "capacity": 35 }, "geometry": { "type": "Point", "coordinates": [ 116.34190314, 39.91800414 ] } },
{ "type": "Feature", "properties": { "station_id": 316, "name": "月坛北小街站", "capacity": 30 }, "geometry": { "type": "Point", "coordinates": [ 116.34156826, 39.91719223 ] } },
{ "type": "Feature", "properties": { "station_id": 317, "name": "月坛北街站", "capacity": 30 }, "geometry": { "type": "Point", "coordinates": [ 116.3387058, 39.9170753 ] } },
{ "type": "Feature", "properties": { "station_id": 318, "name": "月坛北街东口站", "capacity": 30 }, "geometry": { "type": "Point", "coordinates": [ 116.33570634, 39.917817 ] } },
{ "type": "Feature", "properties": { "station_id": 319, "name": "银岛饭店站", "capacity": 30 }, "geometry": { "type": "Point", "coordinates": [ 116.33412369, 39.91200659 ] } },
{ "type": "Feature", "properties": { "station_id": 320, "name": "月坛南街站", "capacity": 25 }, "geometry": { "type": "Point", "coordinates": [ 116.3389652, 39.91264615 ] } },
{ "type": "Feature", "properties": { "station_id": 321, "name": "二七剧场站", "capacity": 25 }, "geometry": { "type": "Point", "coordinates": [ 116.34019087, 39.91262869 ] } },
{ "type": "Feature", "properties": { "station_id": 322, "name": "儿童医院站", "capacity": 35 }, "geometry": { "type": "Point", "coordinates": [ 116.34686788, 39.91256749 ] } },
{ "type": "Feature", "properties": { "station_id": 323, "name": "中央人民广播电台站", "capacity": 30 }, "geometry": { "type": "Point", "coordinates": [ 116.34641214, 39.9039169 ] } },
{ "type": "Feature", "properties": { "station_id": 324, "name": "真武庙三里站", "capacity": 35 }, "geometry": { "type": "Point", "coordinates": [ 116.33651529, 39.90177921 ] } },
{ "type": "Feature", "properties": { "station_id": 325, "name": "白云路站", "capacity": 35 }, "geometry": { "type": "Point", "coordinates": [ 116.33636311, 39.90116917 ] } },
{ "type": "Feature", "properties": { "station_id": 326, "name": "红莲南路站", "capacity": 35 }, "geometry": { "type": "Point", "coordinates": [ 116.33077126, 39.87596185 ] } },
{ "type": "Feature", "properties": { "station_id": 327, "name": "南礼士路南口站", "capacity": 30 }, "geometry": { "type": "Point", "coordinates": [ 116.34644195, 39.9089978 ] } },
{ "type": "Feature", "properties": { "station_id": 328, "name": "天宁寺南里北门站", "capacity": 30 }, "geometry": { "type": "Point", "coordinates": [ 116.33832095, 39.89015687 ] } },
{ "type": "Feature", "properties": { "station_id": 329, "name": "富卓商厦站", "capacity": 30 }, "geometry": { "type": "Point", "coordinates": [ 116.37116834, 39.89139012 ] } },
{ "type": "Feature", "properties": { "station_id": 330, "name": "手帕口桥站", "capacity": 45 }, "geometry": { "type": "Point", "coordinates": [ 116.33654739, 39.88872586 ] } },
{ "type": "Feature", "properties": { "station_id": 331, "name": "广外医院站", "capacity": 30 }, "geometry": { "type": "Point", "coordinates": [ 116.32984142, 39.88523669 ] } },
{ "type": "Feature", "properties": { "station_id": 332, "name": "华联商厦站", "capacity": 45 }, "geometry": { "type": "Point", "coordinates": [ 116.33064029, 39.88842792 ] } },
{ "type": "Feature", "properties": { "station_id": 333, "name": "广外大街站", "capacity": 30 }, "geometry": { "type": "Point", "coordinates": [ 116.3394556, 39.88748465 ] } },
{ "type": "Feature", "properties": { "station_id": 334, "name": "广安门外南滨河路站", "capacity": 30 }, "geometry": { "type": "Point", "coordinates": [ 116.34239496, 39.88179198 ] } },
{ "type": "Feature", "properties": { "station_id": 335, "name": "红居街站", "capacity": 30 }, "geometry": { "type": "Point", "coordinates": [ 116.33382238, 39.88678932 ] } },
{ "type": "Feature", "properties": { "station_id": 336, "name": "红莲北里站", "capacity": 20 }, "geometry": { "type": "Point", "coordinates": [ 116.32642387, 39.88349235 ] } },
{ "type": "Feature", "properties": { "station_id": 337, "name": "红莲中里站", "capacity": 45 }, "geometry": { "type": "Point", "coordinates": [ 116.32808329, 39.88328319 ] } },
{ "type": "Feature", "properties": { "station_id": 338, "name": "新年华购物中心站", "capacity": 30 }, "geometry": { "type": "Point", "coordinates": [ 116.32061696, 39.87576006 ] } },
{ "type": "Feature", "properties": { "station_id": 339, "name": "鸭子桥南里站", "capacity": 30 }, "geometry": { "type": "Point", "coordinates": [ 116.34279937, 39.87467721 ] } },
{ "type": "Feature", "properties": { "station_id": 340, "name": "槐柏树南里站", "capacity": 30 }, "geometry": { "type": "Point", "coordinates": [ 116.34893361, 39.89459 ] } },
{ "type": "Feature", "properties": { "station_id": 341, "name": "金色夏日酒店站", "capacity": 45 }, "geometry": { "type": "Point", "coordinates": [ 116.34699211, 39.89362815 ] } },
{ "type": "Feature", "properties": { "station_id": 342, "name": "广义街站", "capacity": 30 }, "geometry": { "type": "Point", "coordinates": [ 116.35089853, 39.89171449 ] } },
{ "type": "Feature", "properties": { "station_id": 343, "name": "北线阁站", "capacity": 30 }, "geometry": { "type": "Point", "coordinates": [ 116.34702323, 39.88832591 ] } },
{ "type": "Feature", "properties": { "station_id": 344, "name": "牛街路口西站", "capacity": 30 }, "geometry": { "type": "Point", "coordinates": [ 116.35728079, 39.88801615 ] } },
{ "type": "Feature", "properties": { "station_id": 345, "name": "通河巷西口站", "capacity": 30 }, "geometry": { "type": "Point", "coordinates": [ 116.34400934, 39.879119 ] } },
{ "type": "Feature", "properties": { "station_id": 346, "name": "樱桃三条站", "capacity": 30 }, "geometry": { "type": "Point", "coordinates": [ 116.35296385, 39.87871519 ] } },
{ "type": "Feature", "properties": { "station_id": 347, "name": "中国地图出版社站", "capacity": 35 }, "geometry": { "type": "Point", "coordinates": [ 116.35302504, 39.87661712 ] } },
{ "type": "Feature", "properties": { "station_id": 348, "name": "白纸坊西街站", "capacity": 30 }, "geometry": { "type": "Point", "coordinates": [ 116.35230924, 39.87641225 ] } },
{ "type": "Feature", "properties": { "station_id": 349, "name": "北京卫生学校站", "capacity": 20 }, "geometry": { "type": "Point", "coordinates": [ 116.36005406, 39.88155048 ] } },
{ "type": "Feature", "properties": { "station_id": 350, "name": "双槐里小区站", "capacity": 30 }, "geometry": { "type": "Point", "coordinates": [ 116.36454841, 39.88185744 ] } },
{ "type": "Feature", "properties": { "station_id": 351, "name": "三里河一区站", "capacity": 30 }, "geometry": { "type": "Point", "coordinates": [ 116.3387058, 39.9170753 ] } },
{ "type": "Feature", "properties": { "station_id": 352, "name": "西城区第二文化馆站", "capacity": 40 }, "geometry": { "type": "Point", "coordinates": [ 116.36858784, 39.87057325 ] } },
{ "type": "Feature", "properties": { "station_id": 353, "name": "陶然亭公园北门站", "capacity": 40 }, "geometry": { "type": "Point", "coordinates": [ 116.37674948, 39.87288848 ] } },
{ "type": "Feature", "properties": { "station_id": 354, "name": "东经路站", "capacity": 30 }, "geometry": { "type": "Point", "coordinates": [ 116.38710219, 39.88042351 ] } },
{ "type": "Feature", "properties": { "station_id": 355, "name": "南新华路站", "capacity": 30 }, "geometry": { "type": "Point", "coordinates": [ 116.37827892, 39.89407691 ] } },
{ "type": "Feature", "properties": { "station_id": 356, "name": "一商大厦站", "capacity": 35 }, "geometry": { "type": "Point", "coordinates": [ 116.31996929, 39.88104821 ] } },
{ "type": "Feature", "properties": { "station_id": 357, "name": "赵登禹路站", "capacity": 20 }, "geometry": { "type": "Point", "coordinates": [ 116.36213464, 39.93308963 ] } },
{ "type": "Feature", "properties": { "station_id": 358, "name": "交通委路政局站", "capacity": 30 }, "geometry": { "type": "Point", "coordinates": [ 116.34855368, 39.88835007 ] } },
{ "type": "Feature", "properties": { "station_id": 359, "name": "西便门东里站", "capacity": 35 }, "geometry": { "type": "Point", "coordinates": [ 116.34681637, 39.8984767 ] } },
{ "type": "Feature", "properties": { "station_id": 360, "name": "新风街站", "capacity": 20 }, "geometry": { "type": "Point", "coordinates": [ 116.36460683, 39.9615392 ] } },
{ "type": "Feature", "properties": { "station_id": 361, "name": "西绒线胡同站", "capacity": 30 }, "geometry": { "type": "Point", "coordinates": [ 116.37619221, 39.87959103 ] } },
{ "type": "Feature", "properties": { "station_id": 362, "name": "公交德胜门西站", "capacity": 40 }, "geometry": { "type": "Point", "coordinates": [ 116.35805043, 39.94488976 ] } },
{ "type": "Feature", "properties": { "station_id": 363, "name": "丰盛胡同站", "capacity": 30 }, "geometry": { "type": "Point", "coordinates": [ 116.36214423, 39.91753774 ] } },
{ "type": "Feature", "properties": { "station_id": 364, "name": "音像资料馆大厦站", "capacity": 30 }, "geometry": { "type": "Point", "coordinates": [ 116.33998641, 39.90401203 ] } },
{ "type": "Feature", "properties": { "station_id": 365, "name": "桦皮厂胡同站", "capacity": 30 }, "geometry": { "type": "Point", "coordinates": [ 116.35283411, 39.94097998 ] } },
{ "type": "Feature", "properties": { "station_id": 366, "name": "地铁北海北站", "capacity": 30 }, "geometry": { "type": "Point", "coordinates": [ 116.37553006, 39.93190403 ] } },
{ "type": "Feature", "properties": { "station_id": 367, "name": "前门西大街站", "capacity": 40 }, "geometry": { "type": "Point", "coordinates": [ 116.38120575, 39.89831664 ] } },
{ "type": "Feature", "properties": { "station_id": 368, "name": "太平街站", "capacity": 25 }, "geometry": { "type": "Point", "coordinates": [ 116.38113921, 39.8820058 ] } },
{ "type": "Feature", "properties": { "station_id": 369, "name": "全国总工会站", "capacity": 35 }, "geometry": { "type": "Point", "coordinates": [ 116.33270089, 39.90655828 ] } },
{ "type": "Feature", "properties": { "station_id": 370, "name": "白纸坊东街站", "capacity": 30 }, "geometry": { "type": "Point", "coordinates": [ 116.35993282, 39.87658797 ] } },
{ "type": "Feature", "properties": { "station_id": 371, "name": "红莲南里站", "capacity": 25 }, "geometry": { "type": "Point", "coordinates": [ 116.32922557, 39.87948176 ] } },
{ "type": "Feature", "properties": { "station_id": 372, "name": "朗琴园站", "capacity": 30 }, "geometry": { "type": "Point", "coordinates": [ 116.33516993, 39.88553565 ] } },
{ "type": "Feature", "properties": { "station_id": 373, "name": "马连道北里站", "capacity": 30 }, "geometry": { "type": "Point", "coordinates": [ 116.32021191, 39.88869585 ] } },
{ "type": "Feature", "properties": { "station_id": 374, "name": "广华轩站", "capacity": 25 }, "geometry": { "type": "Point", "coordinates": [ 116.33357833, 39.89042501 ] } },
{ "type": "Feature", "properties": { "station_id": 375, "name": "广安胡同站", "capacity": 30 }, "geometry": { "type": "Point", "coordinates": [ 116.36209415, 39.8920186 ] } },
{ "type": "Feature", "properties": { "station_id": 376, "name": "广安门临26号站", "capacity": 10 }, "geometry": { "type": "Point", "coordinates": [ 116.34431381, 39.87973643 ] } },
{ "type": "Feature", "properties": { "station_id": 377, "name": "北京市人力资源站", "capacity": 50 }, "geometry": { "type": "Point", "coordinates": [ 116.38425133, 39.87152556 ] } },
{ "type": "Feature", "properties": { "station_id": 378, "name": "后海西沿站", "capacity": 20 }, "geometry": { "type": "Point", "coordinates": [ 116.3743931, 39.94241028 ] } },
{ "type": "Feature", "properties": { "station_id": 379, "name": "后海东沿站", "capacity": 30 }, "geometry": { "type": "Point", "coordinates": [ 116.39850517, 39.89379547 ] } },
{ "type": "Feature", "properties": { "station_id": 380, "name": "地铁平安里站", "capacity": 50 }, "geometry": { "type": "Point", "coordinates": [ 116.3670035, 39.92680492 ] } },
{ "type": "Feature", "properties": { "station_id": 381, "name": "景山后街站", "capacity": 40 }, "geometry": { "type": "Point", "coordinates": [ 116.39027665, 39.9270093 ] } },
{ "type": "Feature", "properties": { "station_id": 382, "name": "北海公园站", "capacity": 20 }, "geometry": { "type": "Point", "coordinates": [ 116.38451192, 39.92089679 ] } },
{ "type": "Feature", "properties": { "station_id": 383, "name": "地铁西四站", "capacity": 20 }, "geometry": { "type": "Point", "coordinates": [ 116.3671869, 39.92259727 ] } },
{ "type": "Feature", "properties": { "station_id": 384, "name": "国家发改委站", "capacity": 35 }, "geometry": { "type": "Point", "coordinates": [ 116.33655305, 39.90415178 ] } },
{ "type": "Feature", "properties": { "station_id": 385, "name": "财政部站", "capacity": 30 }, "geometry": { "type": "Point", "coordinates": [ 116.33560069, 39.91045896 ] } },
{ "type": "Feature", "properties": { "station_id": 386, "name": "鸭子桥路站", "capacity": 25 }, "geometry": { "type": "Point", "coordinates": [ 116.34038596, 39.87498665 ] } },
{ "type": "Feature", "properties": { "station_id": 387, "name": "地铁和平门A口站", "capacity": 50 }, "geometry": { "type": "Point", "coordinates": [ 116.37397956, 39.8981315 ] } },
{ "type": "Feature", "properties": { "station_id": 388, "name": "三四零一小区站", "capacity": 35 }, "geometry": { "type": "Point", "coordinates": [ 116.38230674, 39.87384585 ] } },
{ "type": "Feature", "properties": { "station_id": 389, "name": "宣武门西大街西口站", "capacity": 35 }, "geometry": { "type": "Point", "coordinates": [ 116.35464456, 39.89686209 ] } },
{ "type": "Feature", "properties": { "station_id": 390, "name": "天宁寺桥站", "capacity": 35 }, "geometry": { "type": "Point", "coordinates": [ 116.34128963, 39.89301242 ] } },
{ "type": "Feature", "properties": { "station_id": 391, "name": "天宁寺东里站", "capacity": 35 }, "geometry": { "type": "Point", "coordinates": [ 116.34193684, 39.89229033 ] } },
{ "type": "Feature", "properties": { "station_id": 392, "name": "地铁菜市口F口站", "capacity": 50 }, "geometry": { "type": "Point", "coordinates": [ 116.36252898, 39.88713164 ] } },
{ "type": "Feature", "properties": { "station_id": 393, "name": "水利部站", "capacity": 50 }, "geometry": { "type": "Point", "coordinates": [ 116.35195786, 39.88498019 ] } },
{ "type": "Feature", "properties": { "station_id": 394, "name": "新农街站", "capacity": 30 }, "geometry": { "type": "Point", "coordinates": [ 116.39106073, 39.87952205 ] } },
{ "type": "Feature", "properties": { "station_id": 395, "name": "官园胡同站", "capacity": 30 }, "geometry": { "type": "Point", "coordinates": [ 116.35674224, 39.93064813 ] } },
{ "type": "Feature", "properties": { "station_id": 396, "name": "辟才胡同站", "capacity": 25 }, "geometry": { "type": "Point", "coordinates": [ 116.35840478, 39.91351847 ] } },
{ "type": "Feature", "properties": { "station_id": 397, "name": "灵境胡同西口站", "capacity": 25 }, "geometry": { "type": "Point", "coordinates": [ 116.36756141, 39.91331226 ] } },
{ "type": "Feature", "properties": { "station_id": 398, "name": "公安大学站", "capacity": 25 }, "geometry": { "type": "Point", "coordinates": [ 116.33015974, 39.89625623 ] } },
{ "type": "Feature", "properties": { "station_id": 399, "name": "展览路医院站", "capacity": 25 }, "geometry": { "type": "Point", "coordinates": [ 116.34260887, 39.93617155 ] } },
{ "type": "Feature", "properties": { "station_id": 400, "name": "华堂大厦站", "capacity": 35 }, "geometry": { "type": "Point", "coordinates": [ 116.41339517, 39.98665542 ] } },
{ "type": "Feature", "properties": { "station_id": 401, "name": "核桃园西街站", "capacity": 30 }, "geometry": { "type": "Point", "coordinates": [ 116.34407638, 39.89088666 ] } },
{ "type": "Feature", "properties": { "station_id": 402, "name": "南营房中街站", "capacity": 40 }, "geometry": { "type": "Point", "coordinates": [ 116.34032693, 39.92032618 ] } },
{ "type": "Feature", "properties": { "station_id": 403, "name": "北京建筑大学站", "capacity": 40 }, "geometry": { "type": "Point", "coordinates": [ 116.33492772, 39.93480841 ] } },
{ "type": "Feature", "properties": { "station_id": 404, "name": "如意里站", "capacity": 30 }, "geometry": { "type": "Point", "coordinates": [ 116.35811177, 39.94168164 ] } },
{ "type": "Feature", "properties": { "station_id": 405, "name": "四根柏小学站", "capacity": 20 }, "geometry": { "type": "Point", "coordinates": [ 116.36229446, 39.93426049 ] } },
{ "type": "Feature", "properties": { "station_id": 406, "name": "地铁鼓楼大街站", "capacity": 40 }, "geometry": { "type": "Point", "coordinates": [ 116.38722328, 39.94758595 ] } },
{ "type": "Feature", "properties": { "station_id": 407, "name": "地铁动物园D口站", "capacity": 25 }, "geometry": { "type": "Point", "coordinates": [ 116.33039009, 39.94080195 ] } },
{ "type": "Feature", "properties": { "station_id": 408, "name": "后广平胡同站", "capacity": 35 }, "geometry": { "type": "Point", "coordinates": [ 116.35684068, 39.93517585 ] } },
{ "type": "Feature", "properties": { "station_id": 409, "name": "西铁匠胡同站", "capacity": 35 }, "geometry": { "type": "Point", "coordinates": [ 116.35270932, 39.90416606 ] } },
{ "type": "Feature", "properties": { "station_id": 410, "name": "三庙小区站", "capacity": 50 }, "geometry": { "type": "Point", "coordinates": [ 116.35900867, 39.8963942 ] } },
{ "type": "Feature", "properties": { "station_id": 411, "name": "广外南街站", "capacity": 50 }, "geometry": { "type": "Point", "coordinates": [ 116.34164171, 39.87818478 ] } },
{ "type": "Feature", "properties": { "station_id": 412, "name": "金泰开阳大厦站", "capacity": 35 }, "geometry": { "type": "Point", "coordinates": [ 116.3613884, 39.87102065 ] } },
{ "type": "Feature", "properties": { "station_id": 413, "name": "里仁东街站", "capacity": 30 }, "geometry": { "type": "Point", "coordinates": [ 116.36888454, 39.87421577 ] } },
{ "type": "Feature", "properties": { "station_id": 414, "name": "燕京北街站", "capacity": 30 }, "geometry": { "type": "Point", "coordinates": [ 116.38277885, 39.87858701 ] } },
{ "type": "Feature", "properties": { "station_id": 415, "name": "印刷大厦站", "capacity": 20 }, "geometry": { "type": "Point", "coordinates": [ 116.32819079, 39.87591717 ] } },
{ "type": "Feature", "properties": { "station_id": 416, "name": "西什库大街站", "capacity": 25 }, "geometry": { "type": "Point", "coordinates": [ 116.37406807, 39.92125893 ] } },
{ "type": "Feature", "properties": { "station_id": 417, "name": "光明胡同站", "capacity": 25 }, "geometry": { "type": "Point", "coordinates": [ 116.37575998, 39.92194407 ] } },
{ "type": "Feature", "properties": { "station_id": 418, "name": "百万庄西口站", "capacity": 45 }, "geometry": { "type": "Point", "coordinates": [ 116.3283818, 39.93066671 ] } },
{ "type": "Feature", "properties": { "station_id": 419, "name": "车公庄中里站", "capacity": 35 }, "geometry": { "type": "Point", "coordinates": [ 116.33380151, 39.93153763 ] } },
{ "type": "Feature", "properties": { "station_id": 420, "name": "地铁车公庄西A口站", "capacity": 30 }, "geometry": { "type": "Point", "coordinates": [ 116.33604718, 39.93139995 ] } },
{ "type": "Feature", "properties": { "station_id": 421, "name": "阜外大街西口站", "capacity": 30 }, "geometry": { "type": "Point", "coordinates": [ 116.32957797, 39.92208172 ] } },
{ "type": "Feature", "properties": { "station_id": 422, "name": "阜外大街44号站", "capacity": 30 }, "geometry": { "type": "Point", "coordinates": [ 116.32947911, 39.92128467 ] } },
{ "type": "Feature", "properties": { "station_id": 423, "name": "敦煌大厦站", "capacity": 30 }, "geometry": { "type": "Point", "coordinates": [ 116.33958059, 39.92250181 ] } },
{ "type": "Feature", "properties": { "station_id": 424, "name": "东润时代大厦站", "capacity": 35 }, "geometry": { "type": "Point", "coordinates": [ 116.3463184, 39.92262735 ] } },
{ "type": "Feature", "properties": { "station_id": 425, "name": "长安商场站", "capacity": 20 }, "geometry": { "type": "Point", "coordinates": [ 116.33836449, 39.90710473 ] } },
{ "type": "Feature", "properties": { "station_id": 426, "name": "北方朗悦站", "capacity": 20 }, "geometry": { "type": "Point", "coordinates": [ 116.3447436, 39.9127809 ] } },
{ "type": "Feature", "properties": { "station_id": 427, "name": "地铁长椿街B口站", "capacity": 60 }, "geometry": { "type": "Point", "coordinates": [ 116.3569901, 39.89805639 ] } },
{ "type": "Feature", "properties": { "station_id": 428, "name": "白云桥站", "capacity": 35 }, "geometry": { "type": "Point", "coordinates": [ 116.33608206, 39.89635575 ] } },
{ "type": "Feature", "properties": { "station_id": 429, "name": "地铁湾子A口站", "capacity": 50 }, "geometry": { "type": "Point", "coordinates": [ 116.32054683, 39.88868757 ] } },
{ "type": "Feature", "properties": { "station_id": 430, "name": "地铁达官营B口站", "capacity": 25 }, "geometry": { "type": "Point", "coordinates": [ 116.3310751, 39.88104602 ] } },
{ "type": "Feature", "properties": { "station_id": 431, "name": "深圳大厦站", "capacity": 30 }, "geometry": { "type": "Point", "coordinates": [ 116.3410389, 39.8890534 ] } },
{ "type": "Feature", "properties": { "station_id": 432, "name": "天缘公寓站", "capacity": 35 }, "geometry": { "type": "Point", "coordinates": [ 116.34420003, 39.87634934 ] } },
{ "type": "Feature", "properties": { "station_id": 433, "name": "里仁街东口站", "capacity": 25 }, "geometry": { "type": "Point", "coordinates": [ 116.36813779, 39.87448742 ] } },
{ "type": "Feature", "properties": { "station_id": 434, "name": "太平街公交站站", "capacity": 40 }, "geometry": { "type": "Point", "coordinates": [ 116.38106353, 39.8775772 ] } },
{ "type": "Feature", "properties": { "station_id": 435, "name": "裕民中路站", "capacity": 25 }, "geometry": { "type": "Point", "coordinates": [ 116.38256123, 39.97080354 ] } },
{ "type": "Feature", "properties": { "station_id": 436, "name": "曙光医院站", "capacity": 40 }, "geometry": { "type": "Point", "coordinates": [ 116.37272909, 39.90293897 ] } },
{ "type": "Feature", "properties": { "station_id": 437, "name": "塔园村站", "capacity": 35 }, "geometry": { "type": "Point", "coordinates": [ 116.4548262, 39.93362427 ] } },
{ "type": "Feature", "properties": { "station_id": 438, "name": "幸福三村站", "capacity": 23 }, "geometry": { "type": "Point", "coordinates": [ 116.44420536, 39.93987951 ] } },
{ "type": "Feature", "properties": { "station_id": 439, "name": "弘善家园M区站", "capacity": 20 }, "geometry": { "type": "Point", "coordinates": [ 116.44819269, 39.8672593 ] } },
{ "type": "Feature", "properties": { "station_id": 440, "name": "东外大街东口站", "capacity": 29 }, "geometry": { "type": "Point", "coordinates": [ 116.40128192, 39.90262654 ] } },
{ "type": "Feature", "properties": { "station_id": 441, "name": "地铁农展馆站A口站", "capacity": 20 }, "geometry": { "type": "Point", "coordinates": [ 116.45609592, 39.93911263 ] } },
{ "type": "Feature", "properties": { "station_id": 442, "name": "安贞西里2号楼", "capacity": 28 }, "geometry": { "type": "Point", "coordinates": [ 116.38817353, 39.97144558 ] } },
{ "type": "Feature", "properties": { "station_id": 443, "name": "弘善家园K区站", "capacity": 20 }, "geometry": { "type": "Point", "coordinates": [ 116.44483412, 39.86771375 ] } },
{ "type": "Feature", "properties": { "station_id": 444, "name": "工体西路", "capacity": 45 }, "geometry": { "type": "Point", "coordinates": [ 116.43412656, 39.93182747 ] } },
{ "type": "Feature", "properties": { "station_id": 445, "name": "工体北门", "capacity": 20 }, "geometry": { "type": "Point", "coordinates": [ 116.44097117, 39.92915425 ] } },
{ "type": "Feature", "properties": { "station_id": 446, "name": "幸福村中路站", "capacity": 50 }, "geometry": { "type": "Point", "coordinates": [ 116.44123047, 39.93507874 ] } },
{ "type": "Feature", "properties": { "station_id": 447, "name": "幸福三村南站", "capacity": 27 }, "geometry": { "type": "Point", "coordinates": [ 116.44458846, 39.9350816 ] } },
{ "type": "Feature", "properties": { "station_id": 448, "name": "安贞西里二区5号楼", "capacity": 32 }, "geometry": { "type": "Point", "coordinates": [ 116.20284593, 39.99825157 ] } },
{ "type": "Feature", "properties": { "station_id": 449, "name": "安贞西里一区2号楼", "capacity": 28 }, "geometry": { "type": "Point", "coordinates": [ 116.39252104, 39.97284059 ] } },
{ "type": "Feature", "properties": { "station_id": 450, "name": "安贞西里一区29号楼", "capacity": 19 }, "geometry": { "type": "Point", "coordinates": [ 116.39556491, 39.97387784 ] } },
{ "type": "Feature", "properties": { "station_id": 451, "name": "地铁安贞门站", "capacity": 24 }, "geometry": { "type": "Point", "coordinates": [ 116.39970045, 39.97559844 ] } },
{ "type": "Feature", "properties": { "station_id": 452, "name": "安贞桥北", "capacity": 28 }, "geometry": { "type": "Point", "coordinates": [ 116.40042598, 39.9715437 ] } },
{ "type": "Feature", "properties": { "station_id": 453, "name": "BRT安贞桥北站", "capacity": 21 }, "geometry": { "type": "Point", "coordinates": [ 116.70624924, 40.19451582 ] } },
{ "type": "Feature", "properties": { "station_id": 454, "name": "地铁团结湖站A口北站", "capacity": 20 }, "geometry": { "type": "Point", "coordinates": [ 116.46033724, 39.93049081 ] } },
{ "type": "Feature", "properties": { "station_id": 455, "name": "团结湖A", "capacity": 20 }, "geometry": { "type": "Point", "coordinates": [ 116.46034489, 39.93049083 ] } },
{ "type": "Feature", "properties": { "station_id": 456, "name": "地铁团结湖站B口站", "capacity": 20 }, "geometry": { "type": "Point", "coordinates": [ 116.4603602, 39.93049087 ] } },
{ "type": "Feature", "properties": { "station_id": 457, "name": "小关街51号楼", "capacity": 25 }, "geometry": { "type": "Point", "coordinates": [ 116.40099021, 39.9756597 ] } },
{ "type": "Feature", "properties": { "station_id": 458, "name": "惠新苑5号楼", "capacity": 24 }, "geometry": { "type": "Point", "coordinates": [ 116.41036368, 39.98437603 ] } },
{ "type": "Feature", "properties": { "station_id": 459, "name": "朝阳医院站", "capacity": 20 }, "geometry": { "type": "Point", "coordinates": [ 116.44911894, 39.92405575 ] } },
{ "type": "Feature", "properties": { "station_id": 460, "name": "苹果社区南站", "capacity": 48 }, "geometry": { "type": "Point", "coordinates": [ 116.46125235, 39.89691378 ] } },
{ "type": "Feature", "properties": { "station_id": 461, "name": "小关北里214号楼", "capacity": 23 }, "geometry": { "type": "Point", "coordinates": [ 116.40886741, 39.98180414 ] } },
{ "type": "Feature", "properties": { "station_id": 462, "name": "惠新里小区西门", "capacity": 24 }, "geometry": { "type": "Point", "coordinates": [ 116.40995912, 39.98323904 ] } },
{ "type": "Feature", "properties": { "station_id": 463, "name": "惠新西里2号院93号楼", "capacity": 28 }, "geometry": { "type": "Point", "coordinates": [ 116.41095249, 39.97793364 ] } },
{ "type": "Feature", "properties": { "station_id": 464, "name": "工体西路南口站", "capacity": 24 }, "geometry": { "type": "Point", "coordinates": [ 116.41906974, 39.99377458 ] } },
{ "type": "Feature", "properties": { "station_id": 465, "name": "工体南门站", "capacity": 30 }, "geometry": { "type": "Point", "coordinates": [ 116.44400879, 39.92162271 ] } },
{ "type": "Feature", "properties": { "station_id": 466, "name": "地铁朝阳门站A口站", "capacity": 40 }, "geometry": { "type": "Point", "coordinates": [ 116.42660565, 39.92210056 ] } },
{ "type": "Feature", "properties": { "station_id": 467, "name": "惠新里239号楼", "capacity": 24 }, "geometry": { "type": "Point", "coordinates": [ 116.41142623, 39.9757406 ] } },
{ "type": "Feature", "properties": { "station_id": 468, "name": "蓝岛西区站", "capacity": 20 }, "geometry": { "type": "Point", "coordinates": [ 116.44121693, 39.92123192 ] } },
{ "type": "Feature", "properties": { "station_id": 469, "name": "神路街站", "capacity": 25 }, "geometry": { "type": "Point", "coordinates": [ 116.43773713, 39.92109957 ] } },
{ "type": "Feature", "properties": { "station_id": 470, "name": "大郊亭北街站", "capacity": 20 }, "geometry": { "type": "Point", "coordinates": [ 116.47553947, 39.88972784 ] } },
{ "type": "Feature", "properties": { "station_id": 471, "name": "日坛北路西口站", "capacity": 20 }, "geometry": { "type": "Point", "coordinates": [ 116.43538238, 39.91731906 ] } },
{ "type": "Feature", "properties": { "station_id": 472, "name": "日坛北门站", "capacity": 20 }, "geometry": { "type": "Point", "coordinates": [ 116.40128192, 39.90262654 ] } },
{ "type": "Feature", "properties": { "station_id": 473, "name": "日坛东路北口站", "capacity": 24 }, "geometry": { "type": "Point", "coordinates": [ 116.44112572, 39.91674966 ] } },
{ "type": "Feature", "properties": { "station_id": 474, "name": "地铁呼家楼站D口", "capacity": 24 }, "geometry": { "type": "Point", "coordinates": [ 116.45365679, 39.92204437 ] } },
{ "type": "Feature", "properties": { "station_id": 475, "name": "地铁亮马桥D口", "capacity": 39 }, "geometry": { "type": "Point", "coordinates": [ 116.45285768, 39.94775635 ] } },
{ "type": "Feature", "properties": { "station_id": 476, "name": "金茂斯汀酒店站", "capacity": 34 }, "geometry": { "type": "Point", "coordinates": [ 116.40128192, 39.90262654 ] } },
{ "type": "Feature", "properties": { "station_id": 477, "name": "新源街VOLVO", "capacity": 30 }, "geometry": { "type": "Point", "coordinates": [ 116.44398223, 39.95008679 ] } },
{ "type": "Feature", "properties": { "station_id": 478, "name": "新源街路口", "capacity": 25 }, "geometry": { "type": "Point", "coordinates": [ 116.44413537, 39.94890077 ] } },
{ "type": "Feature", "properties": { "station_id": 479, "name": "新东路路口", "capacity": 30 }, "geometry": { "type": "Point", "coordinates": [ 116.4406781, 39.94835611 ] } },
{ "type": "Feature", "properties": { "station_id": 480, "name": "地铁金台夕照D口站", "capacity": 30 }, "geometry": { "type": "Point", "coordinates": [ 116.45364248, 39.91411391 ] } },
{ "type": "Feature", "properties": { "station_id": 481, "name": "香河园路", "capacity": 33 }, "geometry": { "type": "Point", "coordinates": [ 116.44448649, 39.95492847 ] } },
{ "type": "Feature", "properties": { "station_id": 482, "name": "永安里路口北站", "capacity": 37 }, "geometry": { "type": "Point", "coordinates": [ 116.44514258, 39.90872426 ] } },
{ "type": "Feature", "properties": { "station_id": 483, "name": "地铁惠新西街北口站", "capacity": 24 }, "geometry": { "type": "Point", "coordinates": [ 116.41142623, 39.9757406 ] } },
{ "type": "Feature", "properties": { "station_id": 484, "name": "北四环东路104号楼", "capacity": 24 }, "geometry": { "type": "Point", "coordinates": [ 116.41454078, 39.98691952 ] } },
{ "type": "Feature", "properties": { "station_id": 485, "name": "惠新里20号楼对面", "capacity": 25 }, "geometry": { "type": "Point", "coordinates": [ 116.41522886, 39.98179335 ] } },
{ "type": "Feature", "properties": { "station_id": 486, "name": "新源街北口站", "capacity": 39 }, "geometry": { "type": "Point", "coordinates": [ 116.44820518, 39.95001936 ] } },
{ "type": "Feature", "properties": { "station_id": 487, "name": "三元西桥东南", "capacity": 35 }, "geometry": { "type": "Point", "coordinates": [ 116.43928466, 39.95998405 ] } },
{ "type": "Feature", "properties": { "station_id": 488, "name": "国际展览中心", "capacity": 35 }, "geometry": { "type": "Point", "coordinates": [ 116.43727327, 39.96067465 ] } },
{ "type": "Feature", "properties": { "station_id": 489, "name": "天虹百货", "capacity": 25 }, "geometry": { "type": "Point", "coordinates": [ 116.43616477, 39.95832294 ] } },
{ "type": "Feature", "properties": { "station_id": 490, "name": "华都饭店站", "capacity": 39 }, "geometry": { "type": "Point", "coordinates": [ 116.44581102, 39.94634848 ] } },
{ "type": "Feature", "properties": { "station_id": 491, "name": "豪成大厦", "capacity": 24 }, "geometry": { "type": "Point", "coordinates": [ 116.43553071, 39.95351171 ] } },
{ "type": "Feature", "properties": { "station_id": 492, "name": "左家庄中街", "capacity": 38 }, "geometry": { "type": "Point", "coordinates": [ 116.43560724, 39.95297399 ] } },
{ "type": "Feature", "properties": { "station_id": 493, "name": "左家庄北里8号楼", "capacity": 39 }, "geometry": { "type": "Point", "coordinates": [ 116.43364943, 39.95612534 ] } },
{ "type": "Feature", "properties": { "station_id": 494, "name": "左家庄街道办事处", "capacity": 20 }, "geometry": { "type": "Point", "coordinates": [ 116.44497694, 39.9481701 ] } },
{ "type": "Feature", "properties": { "station_id": 495, "name": "燕丰商场", "capacity": 30 }, "geometry": { "type": "Point", "coordinates": [ 116.43343507, 39.95831454 ] } },
{ "type": "Feature", "properties": { "station_id": 496, "name": "三元西桥", "capacity": 35 }, "geometry": { "type": "Point", "coordinates": [ 116.43811467, 39.95913127 ] } },
{ "type": "Feature", "properties": { "station_id": 497, "name": "西坝河中里", "capacity": 50 }, "geometry": { "type": "Point", "coordinates": [ 116.43673765, 39.96327904 ] } },
{ "type": "Feature", "properties": { "station_id": 498, "name": "小庄路口北", "capacity": 40 }, "geometry": { "type": "Point", "coordinates": [ 116.46317135, 39.91570912 ] } },
{ "type": "Feature", "properties": { "station_id": 499, "name": "金台西路南口", "capacity": 50 }, "geometry": { "type": "Point", "coordinates": [ 116.47183804, 39.91436309 ] } },
{ "type": "Feature", "properties": { "station_id": 500, "name": "东直门外斜街", "capacity": 29 }, "geometry": { "type": "Point", "coordinates": [ 116.44176448, 39.94613051 ] } },
{ "type": "Feature", "properties": { "station_id": 501, "name": "呼家楼地铁C口东", "capacity": 35 }, "geometry": { "type": "Point", "coordinates": [ 116.45350737, 39.95384206 ] } },
{ "type": "Feature", "properties": { "station_id": 502, "name": "甜水园西里", "capacity": 29 }, "geometry": { "type": "Point", "coordinates": [ 116.4722569, 39.93241467 ] } },
{ "type": "Feature", "properties": { "station_id": 503, "name": "三元东桥西站", "capacity": 29 }, "geometry": { "type": "Point", "coordinates": [ 116.4422302, 39.95290606 ] } },
{ "type": "Feature", "properties": { "station_id": 504, "name": "甜水园东街南口", "capacity": 40 }, "geometry": { "type": "Point", "coordinates": [ 116.47931824, 39.92216221 ] } },
{ "type": "Feature", "properties": { "station_id": 505, "name": "朝阳公园南门", "capacity": 20 }, "geometry": { "type": "Point", "coordinates": [ 116.47645934, 39.94303098 ] } },
{ "type": "Feature", "properties": { "station_id": 506, "name": "中粮大厦站", "capacity": 30 }, "geometry": { "type": "Point", "coordinates": [ 116.42303887, 39.90534641 ] } },
{ "type": "Feature", "properties": { "station_id": 507, "name": "朝阳法院", "capacity": 34 }, "geometry": { "type": "Point", "coordinates": [ 116.45187941, 39.87751709 ] } },
{ "type": "Feature", "properties": { "station_id": 508, "name": "三元桥东北角站", "capacity": 50 }, "geometry": { "type": "Point", "coordinates": [ 116.44810488, 39.95662594 ] } },
{ "type": "Feature", "properties": { "station_id": 509, "name": "三元东桥站", "capacity": 50 }, "geometry": { "type": "Point", "coordinates": [ 116.45353794, 39.95417019 ] } },
{ "type": "Feature", "properties": { "station_id": 510, "name": "三元庵站", "capacity": 42 }, "geometry": { "type": "Point", "coordinates": [ 116.4563005, 39.95543176 ] } },
{ "type": "Feature", "properties": { "station_id": 511, "name": "麦子店西街站", "capacity": 27 }, "geometry": { "type": "Point", "coordinates": [ 116.46030317, 39.95783721 ] } },
{ "type": "Feature", "properties": { "station_id": 512, "name": "天泽路站", "capacity": 49 }, "geometry": { "type": "Point", "coordinates": [ 116.46206439, 39.95259289 ] } },
{ "type": "Feature", "properties": { "station_id": 513, "name": "世纪剧场", "capacity": 23 }, "geometry": { "type": "Point", "coordinates": [ 116.46620616, 39.95046381 ] } },
{ "type": "Feature", "properties": { "station_id": 514, "name": "258大中电器", "capacity": 25 }, "geometry": { "type": "Point", "coordinates": [ 116.46552566, 39.94373695 ] } },
{ "type": "Feature", "properties": { "station_id": 515, "name": "枣营南里社区", "capacity": 29 }, "geometry": { "type": "Point", "coordinates": [ 116.48123245, 39.9853748 ] } },
{ "type": "Feature", "properties": { "station_id": 516, "name": "姚家园路", "capacity": 19 }, "geometry": { "type": "Point", "coordinates": [ 116.51235362, 39.93363829 ] } },
{ "type": "Feature", "properties": { "station_id": 517, "name": "水碓子中街南口", "capacity": 45 }, "geometry": { "type": "Point", "coordinates": [ 116.46660014, 39.922386 ] } },
{ "type": "Feature", "properties": { "station_id": 518, "name": "团结湖公园东门", "capacity": 40 }, "geometry": { "type": "Point", "coordinates": [ 116.46074363, 39.92486921 ] } },
{ "type": "Feature", "properties": { "station_id": 519, "name": "垂杨柳中街", "capacity": 38 }, "geometry": { "type": "Point", "coordinates": [ 116.44969748, 39.88694165 ] } },
{ "type": "Feature", "properties": { "station_id": 520, "name": "苹果社区西门", "capacity": 40 }, "geometry": { "type": "Point", "coordinates": [ 116.47087567, 39.89550138 ] } },
{ "type": "Feature", "properties": { "station_id": 521, "name": "麦乐迪KTV对面", "capacity": 43 }, "geometry": { "type": "Point", "coordinates": [ 116.45468536, 39.89742779 ] } },
{ "type": "Feature", "properties": { "station_id": 522, "name": "大中电器", "capacity": 40 }, "geometry": { "type": "Point", "coordinates": [ 116.39228813, 39.88511388 ] } },
{ "type": "Feature", "properties": { "station_id": 523, "name": "天虹商场站", "capacity": 34 }, "geometry": { "type": "Point", "coordinates": [ 116.43603486, 39.95761321 ] } },
{ "type": "Feature", "properties": { "station_id": 524, "name": "惠林路南口东", "capacity": 20 }, "geometry": { "type": "Point", "coordinates": [ 116.44966624, 39.89198056 ] } },
{ "type": "Feature", "properties": { "station_id": 525, "name": "地铁双井A口东", "capacity": 24 }, "geometry": { "type": "Point", "coordinates": [ 116.40128192, 39.90262654 ] } },
{ "type": "Feature", "properties": { "station_id": 526, "name": "惠新东桥南", "capacity": 19 }, "geometry": { "type": "Point", "coordinates": [ 116.41751231, 39.98573201 ] } },
{ "type": "Feature", "properties": { "station_id": 527, "name": "珠江帝景站", "capacity": 30 }, "geometry": { "type": "Point", "coordinates": [ 116.467446, 39.89276843 ] } },
{ "type": "Feature", "properties": { "station_id": 528, "name": "惠新东街北", "capacity": 23 }, "geometry": { "type": "Point", "coordinates": [ 116.41866591, 39.9853593 ] } },
{ "type": "Feature", "properties": { "station_id": 529, "name": "惠新怡园", "capacity": 22 }, "geometry": { "type": "Point", "coordinates": [ 116.41803996, 39.98149837 ] } },
{ "type": "Feature", "properties": { "station_id": 530, "name": "对外经贸大学", "capacity": 30 }, "geometry": { "type": "Point", "coordinates": [ 116.41719226, 39.97954833 ] } },
{ "type": "Feature", "properties": { "station_id": 531, "name": "垂杨柳医院站", "capacity": 32 }, "geometry": { "type": "Point", "coordinates": [ 116.45360768, 39.88667593 ] } },
{ "type": "Feature", "properties": { "station_id": 532, "name": "光明桥东站", "capacity": 30 }, "geometry": { "type": "Point", "coordinates": [ 116.44435011, 39.88417998 ] } },
{ "type": "Feature", "properties": { "station_id": 533, "name": "光明桥东北角站", "capacity": 30 }, "geometry": { "type": "Point", "coordinates": [ 116.43293028, 39.95978996 ] } },
{ "type": "Feature", "properties": { "station_id": 534, "name": "北土城路", "capacity": 25 }, "geometry": { "type": "Point", "coordinates": [ 116.41833864, 39.97572726 ] } },
{ "type": "Feature", "properties": { "station_id": 535, "name": "北京西藏中学", "capacity": 23 }, "geometry": { "type": "Point", "coordinates": [ 116.42117968, 39.98418707 ] } },
{ "type": "Feature", "properties": { "station_id": 536, "name": "地铁劲松站D口北", "capacity": 40 }, "geometry": { "type": "Point", "coordinates": [ 116.4550393, 39.88235365 ] } },
{ "type": "Feature", "properties": { "station_id": 537, "name": "潘家园东里社区东门站", "capacity": 24 }, "geometry": { "type": "Point", "coordinates": [ 116.44985203, 39.8748805 ] } },
{ "type": "Feature", "properties": { "station_id": 538, "name": "地铁劲松站A口", "capacity": 28 }, "geometry": { "type": "Point", "coordinates": [ 116.45560557, 39.88279749 ] } },
{ "type": "Feature", "properties": { "station_id": 539, "name": "劲松中街北口站", "capacity": 24 }, "geometry": { "type": "Point", "coordinates": [ 116.45014911, 39.88543973 ] } },
{ "type": "Feature", "properties": { "station_id": 540, "name": "劲松四区北楼", "capacity": 36 }, "geometry": { "type": "Point", "coordinates": [ 116.44810662, 39.88241795 ] } },
{ "type": "Feature", "properties": { "station_id": 541, "name": "劲松中街站", "capacity": 25 }, "geometry": { "type": "Point", "coordinates": [ 116.44810662, 39.88241795 ] } },
{ "type": "Feature", "properties": { "station_id": 542, "name": "华威北里北口站", "capacity": 25 }, "geometry": { "type": "Point", "coordinates": [ 116.45298098, 39.88031567 ] } },
{ "type": "Feature", "properties": { "station_id": 543, "name": "劲松南站", "capacity": 34 }, "geometry": { "type": "Point", "coordinates": [ 116.44579654, 39.87940339 ] } },
{ "type": "Feature", "properties": { "station_id": 544, "name": "劲松南路西口", "capacity": 29 }, "geometry": { "type": "Point", "coordinates": [ 116.44604105, 39.88173075 ] } },
{ "type": "Feature", "properties": { "station_id": 545, "name": "潘家园东路北口", "capacity": 37 }, "geometry": { "type": "Point", "coordinates": [ 116.44474801, 39.8832348 ] } },
{ "type": "Feature", "properties": { "station_id": 546, "name": "劲松桥东", "capacity": 20 }, "geometry": { "type": "Point", "coordinates": [ 116.45885834, 39.88277494 ] } },
{ "type": "Feature", "properties": { "station_id": 547, "name": "武圣路北口", "capacity": 19 }, "geometry": { "type": "Point", "coordinates": [ 116.46159089, 39.88309083 ] } },
{ "type": "Feature", "properties": { "station_id": 548, "name": "平乐园站", "capacity": 33 }, "geometry": { "type": "Point", "coordinates": [ 116.4711299, 39.88304005 ] } },
{ "type": "Feature", "properties": { "station_id": 549, "name": "劲松桥南站", "capacity": 28 }, "geometry": { "type": "Point", "coordinates": [ 116.48185794, 39.88259387 ] } },
{ "type": "Feature", "properties": { "station_id": 550, "name": "华威西里北门", "capacity": 30 }, "geometry": { "type": "Point", "coordinates": [ 116.44985203, 39.8748805 ] } },
{ "type": "Feature", "properties": { "station_id": 551, "name": "潘家园路西口站", "capacity": 34 }, "geometry": { "type": "Point", "coordinates": [ 116.44964519, 39.8768941 ] } },
{ "type": "Feature", "properties": { "station_id": 552, "name": "潘家园路西口", "capacity": 25 }, "geometry": { "type": "Point", "coordinates": [ 116.44964519, 39.8768941 ] } },
{ "type": "Feature", "properties": { "station_id": 553, "name": "潘家园街道", "capacity": 32 }, "geometry": { "type": "Point", "coordinates": [ 116.47316826, 39.86976362 ] } },
{ "type": "Feature", "properties": { "station_id": 554, "name": "松榆东里社区西口站", "capacity": 19 }, "geometry": { "type": "Point", "coordinates": [ 116.47079261, 39.88621279 ] } },
{ "type": "Feature", "properties": { "station_id": 555, "name": "武圣东路社区北口站", "capacity": 40 }, "geometry": { "type": "Point", "coordinates": [ 116.46625394, 39.87486371 ] } },
{ "type": "Feature", "properties": { "station_id": 556, "name": "松榆东里社区东口站", "capacity": 19 }, "geometry": { "type": "Point", "coordinates": [ 116.46355901, 39.87664177 ] } },
{ "type": "Feature", "properties": { "station_id": 557, "name": "工程结构实验中心站", "capacity": 40 }, "geometry": { "type": "Point", "coordinates": [ 116.47120748, 39.8749001 ] } },
{ "type": "Feature", "properties": { "station_id": 558, "name": "松榆东里东口南", "capacity": 30 }, "geometry": { "type": "Point", "coordinates": [ 116.47120748, 39.8749001 ] } },
{ "type": "Feature", "properties": { "station_id": 559, "name": "松榆东里19号楼", "capacity": 39 }, "geometry": { "type": "Point", "coordinates": [ 116.47316826, 39.86976362 ] } },
{ "type": "Feature", "properties": { "station_id": 560, "name": "朝阳公园西门", "capacity": 34 }, "geometry": { "type": "Point", "coordinates": [ 116.46790667, 39.94334663 ] } },
{ "type": "Feature", "properties": { "station_id": 561, "name": "松榆里社区西口站", "capacity": 38 }, "geometry": { "type": "Point", "coordinates": [ 116.46326839, 39.87450108 ] } },
{ "type": "Feature", "properties": { "station_id": 562, "name": "武圣西里5号楼", "capacity": 28 }, "geometry": { "type": "Point", "coordinates": [ 116.46355901, 39.87664177 ] } },
{ "type": "Feature", "properties": { "station_id": 563, "name": "武圣东里社区西门站", "capacity": 29 }, "geometry": { "type": "Point", "coordinates": [ 116.46173723, 39.87597714 ] } },
{ "type": "Feature", "properties": { "station_id": 564, "name": "世纪嘉园", "capacity": 26 }, "geometry": { "type": "Point", "coordinates": [ 116.4044319, 39.9809629 ] } },
{ "type": "Feature", "properties": { "station_id": 565, "name": "建业苑小区", "capacity": 40 }, "geometry": { "type": "Point", "coordinates": [ 116.46291621, 39.87490068 ] } },
{ "type": "Feature", "properties": { "station_id": 566, "name": "潘家园旧货市场", "capacity": 28 }, "geometry": { "type": "Point", "coordinates": [ 116.45211706, 39.87413417 ] } },
{ "type": "Feature", "properties": { "station_id": 567, "name": "华威路北口站", "capacity": 29 }, "geometry": { "type": "Point", "coordinates": [ 116.44997378, 39.88027449 ] } },
{ "type": "Feature", "properties": { "station_id": 568, "name": "潘家园东路", "capacity": 20 }, "geometry": { "type": "Point", "coordinates": [ 116.44475624, 39.87866503 ] } },
{ "type": "Feature", "properties": { "station_id": 569, "name": "肿瘤医院西门站", "capacity": 25 }, "geometry": { "type": "Point", "coordinates": [ 116.44383154, 39.87156435 ] } },
{ "type": "Feature", "properties": { "station_id": 570, "name": "潘家园路西口站", "capacity": 38 }, "geometry": { "type": "Point", "coordinates": [ 116.44964519, 39.8768941 ] } },
{ "type": "Feature", "properties": { "station_id": 571, "name": "潘家园桥东北角", "capacity": 30 }, "geometry": { "type": "Point", "coordinates": [ 116.45427468, 39.87704967 ] } },
{ "type": "Feature", "properties": { "station_id": 572, "name": "三元桥西北", "capacity": 27 }, "geometry": { "type": "Point", "coordinates": [ 116.44509808, 39.95806529 ] } },
{ "type": "Feature", "properties": { "station_id": 573, "name": "高原街7号院2号楼", "capacity": 23 }, "geometry": { "type": "Point", "coordinates": [ 116.42119484, 39.98508732 ] } },
{ "type": "Feature", "properties": { "station_id": 574, "name": "惠新东街乙8号", "capacity": 31 }, "geometry": { "type": "Point", "coordinates": [ 116.42127924, 39.98237909 ] } },
{ "type": "Feature", "properties": { "station_id": 575, "name": "胜古家园", "capacity": 25 }, "geometry": { "type": "Point", "coordinates": [ 116.40767809, 39.96799104 ] } },
{ "type": "Feature", "properties": { "station_id": 576, "name": "胜古北里7号楼", "capacity": 23 }, "geometry": { "type": "Point", "coordinates": [ 116.41106775, 39.97240263 ] } },
{ "type": "Feature", "properties": { "station_id": 577, "name": "和平西桥", "capacity": 28 }, "geometry": { "type": "Point", "coordinates": [ 116.41065599, 39.96768377 ] } },
{ "type": "Feature", "properties": { "station_id": 578, "name": "胜古东里2号楼", "capacity": 18 }, "geometry": { "type": "Point", "coordinates": [ 116.41834697, 39.97028391 ] } },
{ "type": "Feature", "properties": { "station_id": 579, "name": "中日友好医院", "capacity": 19 }, "geometry": { "type": "Point", "coordinates": [ 116.41948498, 39.97274544 ] } },
{ "type": "Feature", "properties": { "station_id": 580, "name": "樱花东街11号楼", "capacity": 25 }, "geometry": { "type": "Point", "coordinates": [ 116.41826274, 39.97185161 ] } },
{ "type": "Feature", "properties": { "station_id": 581, "name": "樱花园中街3号楼", "capacity": 27 }, "geometry": { "type": "Point", "coordinates": [ 116.41834697, 39.97028391 ] } },
{ "type": "Feature", "properties": { "station_id": 582, "name": "地铁和平西桥站", "capacity": 24 }, "geometry": { "type": "Point", "coordinates": [ 116.4113511, 39.96609737 ] } },
{ "type": "Feature", "properties": { "station_id": 583, "name": "和平街八区", "capacity": 26 }, "geometry": { "type": "Point", "coordinates": [ 116.41491073, 39.96086268 ] } },
{ "type": "Feature", "properties": { "station_id": 584, "name": "和平里十一区7号楼", "capacity": 25 }, "geometry": { "type": "Point", "coordinates": [ 116.41703412, 39.96168467 ] } },
{ "type": "Feature", "properties": { "station_id": 585, "name": "和平街十区站", "capacity": 23 }, "geometry": { "type": "Point", "coordinates": [ 116.41882184, 39.96080905 ] } },
{ "type": "Feature", "properties": { "station_id": 586, "name": "和平里十四区1号楼", "capacity": 24 }, "geometry": { "type": "Point", "coordinates": [ 116.41878399, 39.9580778 ] } },
{ "type": "Feature", "properties": { "station_id": 587, "name": "和平里北街东口", "capacity": 23 }, "geometry": { "type": "Point", "coordinates": [ 116.423269, 39.95837646 ] } },
{ "type": "Feature", "properties": { "station_id": 588, "name": "和平街十三区20号楼", "capacity": 26 }, "geometry": { "type": "Point", "coordinates": [ 116.42350559, 39.96076465 ] } },
{ "type": "Feature", "properties": { "station_id": 589, "name": "地铁柳芳站", "capacity": 24 }, "geometry": { "type": "Point", "coordinates": [ 116.4263262, 39.95594664 ] } },
{ "type": "Feature", "properties": { "station_id": 590, "name": "西坝河西里19号楼", "capacity": 25 }, "geometry": { "type": "Point", "coordinates": [ 116.42964976, 39.96667399 ] } },
{ "type": "Feature", "properties": { "station_id": 591, "name": "西坝河中里38号楼", "capacity": 19 }, "geometry": { "type": "Point", "coordinates": [ 116.43403856, 39.96248102 ] } },
{ "type": "Feature", "properties": { "station_id": 592, "name": "七圣路新华书店", "capacity": 20 }, "geometry": { "type": "Point", "coordinates": [ 116.43318261, 39.95952335 ] } },
{ "type": "Feature", "properties": { "station_id": 593, "name": "朝外街道办事处", "capacity": 27 }, "geometry": { "type": "Point", "coordinates": [ 116.43673765, 39.96327904 ] } },
{ "type": "Feature", "properties": { "station_id": 594, "name": "弘燕路站", "capacity": 30 }, "geometry": { "type": "Point", "coordinates": [ 116.46889623, 39.86703587 ] } },
{ "type": "Feature", "properties": { "station_id": 595, "name": "朝阳区投资服务大厅", "capacity": 20 }, "geometry": { "type": "Point", "coordinates": [ 116.45872614, 39.95998847 ] } },
{ "type": "Feature", "properties": { "station_id": 596, "name": "嘉里大通中心北", "capacity": 14 }, "geometry": { "type": "Point", "coordinates": [ 116.4598285, 39.95863707 ] } },
{ "type": "Feature", "properties": { "station_id": 597, "name": "工体北路中", "capacity": 25 }, "geometry": { "type": "Point", "coordinates": [ 116.44418976, 39.94228264 ] } },
{ "type": "Feature", "properties": { "station_id": 598, "name": "工体东路东", "capacity": 28 }, "geometry": { "type": "Point", "coordinates": [ 116.44118586, 39.92502733 ] } },
{ "type": "Feature", "properties": { "station_id": 599, "name": "三里屯路南口", "capacity": 20 }, "geometry": { "type": "Point", "coordinates": [ 116.43412656, 39.93182747 ] } },
{ "type": "Feature", "properties": { "station_id": 600, "name": "工体北路外交公寓", "capacity": 25 }, "geometry": { "type": "Point", "coordinates": [ 116.45340286, 39.93307924 ] } },
{ "type": "Feature", "properties": { "station_id": 601, "name": "朝阳公园路南口", "capacity": 21 }, "geometry": { "type": "Point", "coordinates": [ 116.46790667, 39.94334663 ] } },
{ "type": "Feature", "properties": { "station_id": 602, "name": "南三里屯路", "capacity": 29 }, "geometry": { "type": "Point", "coordinates": [ 116.45120809, 39.92189758 ] } },
{ "type": "Feature", "properties": { "station_id": 603, "name": "八十中", "capacity": 24 }, "geometry": { "type": "Point", "coordinates": [ 116.45151344, 39.9276239 ] } },
{ "type": "Feature", "properties": { "station_id": 604, "name": "地铁东大桥站B口", "capacity": 21 }, "geometry": { "type": "Point", "coordinates": [ 116.44481968, 39.92139167 ] } },
{ "type": "Feature", "properties": { "station_id": 605, "name": "地铁呼家楼站", "capacity": 30 }, "geometry": { "type": "Point", "coordinates": [ 116.45600636, 39.92102766 ] } },
{ "type": "Feature", "properties": { "station_id": 606, "name": "地铁金台路站东南口", "capacity": 30 }, "geometry": { "type": "Point", "coordinates": [ 116.47229687, 39.91900285 ] } },
{ "type": "Feature", "properties": { "station_id": 607, "name": "金台夕照B", "capacity": 25 }, "geometry": { "type": "Point", "coordinates": [ 116.45364248, 39.91411391 ] } },
{ "type": "Feature", "properties": { "station_id": 608, "name": "潘家园社区服务大厅", "capacity": 38 }, "geometry": { "type": "Point", "coordinates": [ 116.4560279, 39.87159911 ] } },
{ "type": "Feature", "properties": { "station_id": 609, "name": "朝阳路", "capacity": 20 }, "geometry": { "type": "Point", "coordinates": [ 116.47451037, 39.91395481 ] } },
{ "type": "Feature", "properties": { "station_id": 610, "name": "月河胡同站", "capacity": 30 }, "geometry": { "type": "Point", "coordinates": [ 116.43142352, 39.90477807 ] } },
{ "type": "Feature", "properties": { "station_id": 611, "name": "175地铁望京站", "capacity": 40 }, "geometry": { "type": "Point", "coordinates": [ 116.46315339, 39.99743568 ] } },
{ "type": "Feature", "properties": { "station_id": 612, "name": "望京街道办事处站", "capacity": 30 }, "geometry": { "type": "Point", "coordinates": [ 116.48267134, 39.99198197 ] } },
{ "type": "Feature", "properties": { "station_id": 613, "name": "177宏源大厦站", "capacity": 20 }, "geometry": { "type": "Point", "coordinates": [ 116.48457923, 39.98394653 ] } },
{ "type": "Feature", "properties": { "station_id": 614, "name": "178 360大厦站", "capacity": 35 }, "geometry": { "type": "Point", "coordinates": [ 116.48434213, 39.98151978 ] } },
{ "type": "Feature", "properties": { "station_id": 615, "name": "798园区南门站", "capacity": 25 }, "geometry": { "type": "Point", "coordinates": [ 116.48925125, 39.98055398 ] } },
{ "type": "Feature", "properties": { "station_id": 616, "name": "180地铁望京南A口站", "capacity": 30 }, "geometry": { "type": "Point", "coordinates": [ 116.47786043, 40.00600929 ] } },
{ "type": "Feature", "properties": { "station_id": 617, "name": "181星科大厦站", "capacity": 30 }, "geometry": { "type": "Point", "coordinates": [ 116.48943568, 39.97548119 ] } },
{ "type": "Feature", "properties": { "station_id": 618, "name": "电子城-创新产业园站", "capacity": 35 }, "geometry": { "type": "Point", "coordinates": [ 116.49547955, 39.96474982 ] } },
{ "type": "Feature", "properties": { "station_id": 619, "name": "183地铁将台A口站", "capacity": 25 }, "geometry": { "type": "Point", "coordinates": [ 116.48374608, 39.97121113 ] } },
{ "type": "Feature", "properties": { "station_id": 620, "name": "普天科创站", "capacity": 30 }, "geometry": { "type": "Point", "coordinates": [ 116.47540594, 39.97763355 ] } },
{ "type": "Feature", "properties": { "station_id": 621, "name": "185朝阳人才站", "capacity": 30 }, "geometry": { "type": "Point", "coordinates": [ 116.49262981, 39.97111542 ] } },
{ "type": "Feature", "properties": { "station_id": 622, "name": "186久隆百货站", "capacity": 35 }, "geometry": { "type": "Point", "coordinates": [ 116.48898571, 39.96047724 ] } },
{ "type": "Feature", "properties": { "station_id": 623, "name": "公交对外经贸大学站", "capacity": 30 }, "geometry": { "type": "Point", "coordinates": [ 116.40205797, 39.98156105 ] } },
{ "type": "Feature", "properties": { "station_id": 624, "name": "188将台派出所站", "capacity": 25 }, "geometry": { "type": "Point", "coordinates": [ 116.49717811, 39.9777129 ] } },
{ "type": "Feature", "properties": { "station_id": 625, "name": "189地铁将台B口站", "capacity": 25 }, "geometry": { "type": "Point", "coordinates": [ 116.48374608, 39.97121113 ] } },
{ "type": "Feature", "properties": { "station_id": 626, "name": "190将台乡政府站", "capacity": 20 }, "geometry": { "type": "Point", "coordinates": [ 116.48296543, 39.96734088 ] } },
{ "type": "Feature", "properties": { "station_id": 627, "name": "191颐堤港站", "capacity": 20 }, "geometry": { "type": "Point", "coordinates": [ 116.48516315, 39.96877018 ] } },
{ "type": "Feature", "properties": { "station_id": 628, "name": "垡头街道办事处", "capacity": 20 }, "geometry": { "type": "Point", "coordinates": [ 116.50498026, 39.86606171 ] } },
{ "type": "Feature", "properties": { "station_id": 629, "name": "慧忠路远大中心站", "capacity": 30 }, "geometry": { "type": "Point", "coordinates": [ 116.40399509, 39.9942793 ] } },
{ "type": "Feature", "properties": { "station_id": 630, "name": "联合大学", "capacity": 30 }, "geometry": { "type": "Point", "coordinates": [ 116.50086837, 39.86242963 ] } },
{ "type": "Feature", "properties": { "station_id": 631, "name": "翠城馨园322楼", "capacity": 30 }, "geometry": { "type": "Point", "coordinates": [ 116.49491058, 39.85946329 ] } },
{ "type": "Feature", "properties": { "station_id": 632, "name": "翠城馨园105楼", "capacity": 25 }, "geometry": { "type": "Point", "coordinates": [ 116.50521857, 39.85867374 ] } },
{ "type": "Feature", "properties": { "station_id": 633, "name": "垡头综合服务中心", "capacity": 30 }, "geometry": { "type": "Point", "coordinates": [ 116.50711769, 39.85848094 ] } },
{ "type": "Feature", "properties": { "station_id": 634, "name": "翠城馨园222楼", "capacity": 25 }, "geometry": { "type": "Point", "coordinates": [ 116.50354176, 39.85654415 ] } },
{ "type": "Feature", "properties": { "station_id": 635, "name": "翠城馨园236楼", "capacity": 30 }, "geometry": { "type": "Point", "coordinates": [ 116.50317442, 39.8545786 ] } },
{ "type": "Feature", "properties": { "station_id": 636, "name": "翠城馨园510楼", "capacity": 30 }, "geometry": { "type": "Point", "coordinates": [ 116.50124487, 39.8523605 ] } },
{ "type": "Feature", "properties": { "station_id": 637, "name": "永辉超市", "capacity": 30 }, "geometry": { "type": "Point", "coordinates": [ 116.49722385, 39.85589602 ] } },
{ "type": "Feature", "properties": { "station_id": 638, "name": "翠城馨园402楼", "capacity": 30 }, "geometry": { "type": "Point", "coordinates": [ 116.49812762, 39.8552121 ] } },
{ "type": "Feature", "properties": { "station_id": 639, "name": "双合地铁站", "capacity": 30 }, "geometry": { "type": "Point", "coordinates": [ 116.52223933, 39.85574257 ] } },
{ "type": "Feature", "properties": { "station_id": 640, "name": "双合小区东门", "capacity": 25 }, "geometry": { "type": "Point", "coordinates": [ 116.52223933, 39.85574257 ] } },
{ "type": "Feature", "properties": { "station_id": 641, "name": "双合小区南门", "capacity": 30 }, "geometry": { "type": "Point", "coordinates": [ 116.52223933, 39.85574257 ] } },
{ "type": "Feature", "properties": { "station_id": 642, "name": "地铁欢乐谷站", "capacity": 30 }, "geometry": { "type": "Point", "coordinates": [ 116.49406731, 39.86629253 ] } },
{ "type": "Feature", "properties": { "station_id": 643, "name": "欢乐谷停车场", "capacity": 30 }, "geometry": { "type": "Point", "coordinates": [ 116.49401412, 39.86294325 ] } },
{ "type": "Feature", "properties": { "station_id": 644, "name": "延静东里2号楼", "capacity": 30 }, "geometry": { "type": "Point", "coordinates": [ 116.44747421, 39.9223013 ] } },
{ "type": "Feature", "properties": { "station_id": 645, "name": "红领巾桥西北角", "capacity": 30 }, "geometry": { "type": "Point", "coordinates": [ 116.48277942, 39.92380111 ] } },
{ "type": "Feature", "properties": { "station_id": 646, "name": "奥林匹克森林公园站", "capacity": 30 }, "geometry": { "type": "Point", "coordinates": [ 116.59535136, 39.94753339 ] } },
{ "type": "Feature", "properties": { "station_id": 647, "name": "奥运村街道办事处站", "capacity": 20 }, "geometry": { "type": "Point", "coordinates": [ 116.40666297, 40.0253268 ] } },
{ "type": "Feature", "properties": { "station_id": 648, "name": "左家庄西街12号楼站", "capacity": 25 }, "geometry": { "type": "Point", "coordinates": [ 116.43413211, 39.94837498 ] } },
{ "type": "Feature", "properties": { "station_id": 649, "name": "联合大学南门站", "capacity": 30 }, "geometry": { "type": "Point", "coordinates": [ 116.42081225, 39.98948888 ] } },
{ "type": "Feature", "properties": { "station_id": 650, "name": "安翔南里小区站", "capacity": 30 }, "geometry": { "type": "Point", "coordinates": [ 116.37489017, 39.98895491 ] } },
{ "type": "Feature", "properties": { "station_id": 651, "name": "京民大厦站", "capacity": 25 }, "geometry": { "type": "Point", "coordinates": [ 116.37856518, 39.98055615 ] } },
{ "type": "Feature", "properties": { "station_id": 652, "name": "大屯文化广场站", "capacity": 20 }, "geometry": { "type": "Point", "coordinates": [ 116.40335376, 39.99542345 ] } },
{ "type": "Feature", "properties": { "station_id": 653, "name": "望湖公园站", "capacity": 30 }, "geometry": { "type": "Point", "coordinates": [ 116.45411246, 40.01008508 ] } },
{ "type": "Feature", "properties": { "station_id": 654, "name": "中辰大厦站", "capacity": 30 }, "geometry": { "type": "Point", "coordinates": [ 116.46601461, 40.01251443 ] } },
{ "type": "Feature", "properties": { "station_id": 655, "name": "南湖中园109号楼站", "capacity": 30 }, "geometry": { "type": "Point", "coordinates": [ 116.45619519, 40.00141963 ] } },
{ "type": "Feature", "properties": { "station_id": 656, "name": "望京西园128号楼站", "capacity": 30 }, "geometry": { "type": "Point", "coordinates": [ 116.46753186, 40.00149452 ] } },
{ "type": "Feature", "properties": { "station_id": 657, "name": "果岭里小区站", "capacity": 30 }, "geometry": { "type": "Point", "coordinates": [ 116.47246987, 40.00471994 ] } },
{ "type": "Feature", "properties": { "station_id": 658, "name": "南湖中园210楼站", "capacity": 30 }, "geometry": { "type": "Point", "coordinates": [ 116.45432811, 39.99927139 ] } },
{ "type": "Feature", "properties": { "station_id": 659, "name": "大屯北里雅园站", "capacity": 30 }, "geometry": { "type": "Point", "coordinates": [ 116.40593373, 39.99686249 ] } },
{ "type": "Feature", "properties": { "station_id": 660, "name": "中央美术学院站", "capacity": 30 }, "geometry": { "type": "Point", "coordinates": [ 116.45855513, 39.98068959 ] } },
{ "type": "Feature", "properties": { "station_id": 661, "name": "太阳宫乡政府站", "capacity": 20 }, "geometry": { "type": "Point", "coordinates": [ 116.43575769, 39.97247039 ] } },
{ "type": "Feature", "properties": { "station_id": 662, "name": "地铁太阳宫站C口站", "capacity": 25 }, "geometry": { "type": "Point", "coordinates": [ 116.44182257, 39.97054373 ] } },
{ "type": "Feature", "properties": { "station_id": 663, "name": "海华堂站", "capacity": 30 }, "geometry": { "type": "Point", "coordinates": [ 116.49616696, 39.91798554 ] } },
{ "type": "Feature", "properties": { "station_id": 664, "name": "朝阳无限芳菁园站", "capacity": 30 }, "geometry": { "type": "Point", "coordinates": [ 116.50626835, 39.91524608 ] } },
{ "type": "Feature", "properties": { "station_id": 665, "name": "首创爱这城站", "capacity": 30 }, "geometry": { "type": "Point", "coordinates": [ 116.50133711, 39.91148187 ] } },
{ "type": "Feature", "properties": { "station_id": 666, "name": "东恒时代小区站", "capacity": 25 }, "geometry": { "type": "Point", "coordinates": [ 116.49560121, 39.9101755 ] } },
{ "type": "Feature", "properties": { "station_id": 667, "name": "大郊亭社区居委会站", "capacity": 20 }, "geometry": { "type": "Point", "coordinates": [ 116.47629757, 39.88954691 ] } },
{ "type": "Feature", "properties": { "station_id": 668, "name": "劲松街道办事处站", "capacity": 30 }, "geometry": { "type": "Point", "coordinates": [ 116.45858253, 39.88482646 ] } },
{ "type": "Feature", "properties": { "station_id": 669, "name": "金隅大成国际中心站", "capacity": 25 }, "geometry": { "type": "Point", "coordinates": [ 116.48597602, 39.8986613 ] } },
{ "type": "Feature", "properties": { "station_id": 670, "name": "地铁百子湾站", "capacity": 40 }, "geometry": { "type": "Point", "coordinates": [ 116.50699348, 39.87216317 ] } },
{ "type": "Feature", "properties": { "station_id": 671, "name": "御景园站", "capacity": 30 }, "geometry": { "type": "Point", "coordinates": [ 116.45589832, 39.86740285 ] } },
{ "type": "Feature", "properties": { "station_id": 672, "name": "南新园小区24号楼站", "capacity": 30 }, "geometry": { "type": "Point", "coordinates": [ 116.46889623, 39.86703587 ] } },
{ "type": "Feature", "properties": { "station_id": 673, "name": "南新园小区18号楼站", "capacity": 30 }, "geometry": { "type": "Point", "coordinates": [ 116.47061109, 39.86839472 ] } },
{ "type": "Feature", "properties": { "station_id": 674, "name": "双龙公园站", "capacity": 30 }, "geometry": { "type": "Point", "coordinates": [ 116.47684391, 39.86826351 ] } },
{ "type": "Feature", "properties": { "station_id": 675, "name": "首城国际站", "capacity": 30 }, "geometry": { "type": "Point", "coordinates": [ 116.46362652, 39.88769641 ] } },
{ "type": "Feature", "properties": { "station_id": 676, "name": "和谐雅园站", "capacity": 30 }, "geometry": { "type": "Point", "coordinates": [ 116.4614296, 39.88746567 ] } },
{ "type": "Feature", "properties": { "station_id": 677, "name": "博泰国际商业广场站", "capacity": 30 }, "geometry": { "type": "Point", "coordinates": [ 116.46167563, 40.00028131 ] } },
{ "type": "Feature", "properties": { "station_id": 678, "name": "大屯街道办事处站", "capacity": 20 }, "geometry": { "type": "Point", "coordinates": [ 116.39853738, 40.00010671 ] } },
{ "type": "Feature", "properties": { "station_id": 679, "name": "电通文化创业园站", "capacity": 30 }, "geometry": { "type": "Point", "coordinates": [ 116.49120306, 39.98937139 ] } },
{ "type": "Feature", "properties": { "station_id": 680, "name": "弘善家园304号楼站", "capacity": 20 }, "geometry": { "type": "Point", "coordinates": [ 116.44555302, 39.86929444 ] } },
{ "type": "Feature", "properties": { "station_id": 681, "name": "弘善家园311号楼站", "capacity": 25 }, "geometry": { "type": "Point", "coordinates": [ 116.44555327, 39.86732997 ] } },
{ "type": "Feature", "properties": { "station_id": 682, "name": "吕营嘉园A区站", "capacity": 30 }, "geometry": { "type": "Point", "coordinates": [ 116.46190187, 39.84494289 ] } },
{ "type": "Feature", "properties": { "station_id": 683, "name": "吕营嘉园C区站", "capacity": 30 }, "geometry": { "type": "Point", "coordinates": [ 116.46159628, 39.84018547 ] } },
{ "type": "Feature", "properties": { "station_id": 684, "name": "周庄嘉园B区南门站", "capacity": 30 }, "geometry": { "type": "Point", "coordinates": [ 116.46774041, 39.86506444 ] } },
{ "type": "Feature", "properties": { "station_id": 685, "name": "周庄嘉园C区西门站", "capacity": 25 }, "geometry": { "type": "Point", "coordinates": [ 116.46838391, 39.86186583 ] } },
{ "type": "Feature", "properties": { "station_id": 686, "name": "奥运村科技园站", "capacity": 25 }, "geometry": { "type": "Point", "coordinates": [ 116.37456815, 40.00396539 ] } },
{ "type": "Feature", "properties": { "station_id": 687, "name": "安慧北里南门站", "capacity": 30 }, "geometry": { "type": "Point", "coordinates": [ 116.40850678, 39.99559731 ] } },
{ "type": "Feature", "properties": { "station_id": 688, "name": "安慧里西门站", "capacity": 30 }, "geometry": { "type": "Point", "coordinates": [ 116.40322465, 39.990331 ] } },
{ "type": "Feature", "properties": { "station_id": 689, "name": "安苑北里西门站", "capacity": 30 }, "geometry": { "type": "Point", "coordinates": [ 116.40191273, 39.9832623 ] } },
{ "type": "Feature", "properties": { "station_id": 690, "name": "中国地震局地质研究所站", "capacity": 25 }, "geometry": { "type": "Point", "coordinates": [ 116.37606559, 39.97601499 ] } },
{ "type": "Feature", "properties": { "station_id": 691, "name": "地铁大屯路H2口站", "capacity": 30 }, "geometry": { "type": "Point", "coordinates": [ 116.39914005, 40.00151052 ] } },
{ "type": "Feature", "properties": { "station_id": 692, "name": "慧忠里230号楼站", "capacity": 25 }, "geometry": { "type": "Point", "coordinates": [ 116.39499732, 39.99732584 ] } },
{ "type": "Feature", "properties": { "station_id": 693, "name": "中华女子学院站", "capacity": 25 }, "geometry": { "type": "Point", "coordinates": [ 116.42907303, 39.99356567 ] } },
{ "type": "Feature", "properties": { "station_id": 694, "name": "地铁东湖渠站B口站", "capacity": 35 }, "geometry": { "type": "Point", "coordinates": [ 116.4604652, 40.00822389 ] } },
{ "type": "Feature", "properties": { "station_id": 695, "name": "上京新航线西南角站", "capacity": 30 }, "geometry": { "type": "Point", "coordinates": [ 116.45669958, 40.00718842 ] } },
{ "type": "Feature", "properties": { "station_id": 696, "name": "爱立信大厦站", "capacity": 30 }, "geometry": { "type": "Point", "coordinates": [ 116.47939926, 40.00893948 ] } },
{ "type": "Feature", "properties": { "station_id": 697, "name": "北小河公园东门站", "capacity": 25 }, "geometry": { "type": "Point", "coordinates": [ 116.4508964, 40.02662885 ] } },
{ "type": "Feature", "properties": { "station_id": 698, "name": "中轻大厦站", "capacity": 25 }, "geometry": { "type": "Point", "coordinates": [ 116.48533487, 40.0041124 ] } },
{ "type": "Feature", "properties": { "station_id": 699, "name": "望京SOHO站", "capacity": 40 }, "geometry": { "type": "Point", "coordinates": [ 116.47302256, 39.99365933 ] } },
{ "type": "Feature", "properties": { "station_id": 700, "name": "地铁阜通站B1口站", "capacity": 35 }, "geometry": { "type": "Point", "coordinates": [ 116.46489958, 39.99121112 ] } },
{ "type": "Feature", "properties": { "station_id": 701, "name": "花家地西里301号楼站", "capacity": 20 }, "geometry": { "type": "Point", "coordinates": [ 116.45296737, 39.98801532 ] } },
{ "type": "Feature", "properties": { "station_id": 702, "name": "望京桥西站", "capacity": 30 }, "geometry": { "type": "Point", "coordinates": [ 116.39228813, 39.88511388 ] } },
{ "type": "Feature", "properties": { "station_id": 703, "name": "地铁芍药居站A口站", "capacity": 40 }, "geometry": { "type": "Point", "coordinates": [ 116.43052774, 39.97552504 ] } },
{ "type": "Feature", "properties": { "station_id": 704, "name": "金星园小区1号楼站", "capacity": 30 }, "geometry": { "type": "Point", "coordinates": [ 116.45079714, 39.96464245 ] } },
{ "type": "Feature", "properties": { "station_id": 705, "name": "东风社区服务中心站", "capacity": 30 }, "geometry": { "type": "Point", "coordinates": [ 116.49244774, 39.95718034 ] } },
{ "type": "Feature", "properties": { "station_id": 706, "name": "东风乡政府站", "capacity": 25 }, "geometry": { "type": "Point", "coordinates": [ 116.49360562, 39.94555705 ] } },
{ "type": "Feature", "properties": { "station_id": 707, "name": "丰苑大厦站", "capacity": 30 }, "geometry": { "type": "Point", "coordinates": [ 116.493439, 39.93058065 ] } },
{ "type": "Feature", "properties": { "station_id": 708, "name": "珠江罗马家园站", "capacity": 30 }, "geometry": { "type": "Point", "coordinates": [ 116.50776071, 39.92226918 ] } },
{ "type": "Feature", "properties": { "station_id": 709, "name": "尚街购物中心站", "capacity": 30 }, "geometry": { "type": "Point", "coordinates": [ 116.51106947, 39.91570628 ] } },
{ "type": "Feature", "properties": { "station_id": 710, "name": "BRT英家坟站站", "capacity": 35 }, "geometry": { "type": "Point", "coordinates": [ 116.51003586, 39.91486411 ] } },
{ "type": "Feature", "properties": { "station_id": 711, "name": "远洋天地站", "capacity": 30 }, "geometry": { "type": "Point", "coordinates": [ 116.48693172, 39.91140466 ] } },
{ "type": "Feature", "properties": { "station_id": 712, "name": "望和桥东站", "capacity": 30 }, "geometry": { "type": "Point", "coordinates": [ 116.40857827, 40.09305368 ] } },
{ "type": "Feature", "properties": { "station_id": 713, "name": "工业大学学生社区站", "capacity": 40 }, "geometry": { "type": "Point", "coordinates": [ 116.47563332, 39.87406954 ] } },
{ "type": "Feature", "properties": { "station_id": 714, "name": "华腾新天地站", "capacity": 40 }, "geometry": { "type": "Point", "coordinates": [ 116.48243975, 39.88416715 ] } },
{ "type": "Feature", "properties": { "station_id": 715, "name": "百子湾社区站", "capacity": 30 }, "geometry": { "type": "Point", "coordinates": [ 116.50172923, 39.89892178 ] } },
{ "type": "Feature", "properties": { "station_id": 716, "name": "弘善家园413号楼站", "capacity": 25 }, "geometry": { "type": "Point", "coordinates": [ 116.4419271, 39.87001951 ] } },
{ "type": "Feature", "properties": { "station_id": 717, "name": "弘善家园205号楼站", "capacity": 25 }, "geometry": { "type": "Point", "coordinates": [ 116.44819269, 39.8672593 ] } },
{ "type": "Feature", "properties": { "station_id": 718, "name": "联大师范学院站", "capacity": 30 }, "geometry": { "type": "Point", "coordinates": [ 116.39357513, 39.96240384 ] } },
{ "type": "Feature", "properties": { "station_id": 719, "name": "欧陆经典凯旋城站", "capacity": 25 }, "geometry": { "type": "Point", "coordinates": [ 116.41189709, 39.99619067 ] } },
{ "type": "Feature", "properties": { "station_id": 720, "name": "城市广场站", "capacity": 30 }, "geometry": { "type": "Point", "coordinates": [ 116.49629767, 39.91383571 ] } },
{ "type": "Feature", "properties": { "station_id": 721, "name": "泛海国际兰海园站", "capacity": 35 }, "geometry": { "type": "Point", "coordinates": [ 116.49438772, 39.93797225 ] } },
{ "type": "Feature", "properties": { "station_id": 722, "name": "乐视大厦站", "capacity": 30 }, "geometry": { "type": "Point", "coordinates": [ 116.48634689, 39.93384006 ] } },
{ "type": "Feature", "properties": { "station_id": 723, "name": "石门休闲公园站", "capacity": 30 }, "geometry": { "type": "Point", "coordinates": [ 116.4432366, 39.97877449 ] } },
{ "type": "Feature", "properties": { "station_id": 724, "name": "南磨房城市管理中心站", "capacity": 30 }, "geometry": { "type": "Point", "coordinates": [ 116.47996642, 39.88269135 ] } },
{ "type": "Feature", "properties": { "station_id": 725, "name": "南磨房乡政府站", "capacity": 30 }, "geometry": { "type": "Point", "coordinates": [ 116.47202584, 39.88214994 ] } },
{ "type": "Feature", "properties": { "station_id": 726, "name": "弘善家园418号楼站", "capacity": 30 }, "geometry": { "type": "Point", "coordinates": [ 116.442761, 39.86868608 ] } },
{ "type": "Feature", "properties": { "station_id": 727, "name": "地铁安华桥E口站", "capacity": 35 }, "geometry": { "type": "Point", "coordinates": [ 116.38912131, 39.95544325 ] } },
{ "type": "Feature", "properties": { "station_id": 728, "name": "中国木偶剧院站", "capacity": 25 }, "geometry": { "type": "Point", "coordinates": [ 116.39402453, 39.96798828 ] } },
{ "type": "Feature", "properties": { "station_id": 729, "name": "曙光西里站", "capacity": 30 }, "geometry": { "type": "Point", "coordinates": [ 116.44637525, 39.96127217 ] } },
{ "type": "Feature", "properties": { "station_id": 730, "name": "地铁三元桥站B口站", "capacity": 35 }, "geometry": { "type": "Point", "coordinates": [ 116.45001731, 39.95956354 ] } },
{ "type": "Feature", "properties": { "station_id": 731, "name": "西坝河公交站", "capacity": 30 }, "geometry": { "type": "Point", "coordinates": [ 116.43767167, 39.95486962 ] } },
{ "type": "Feature", "properties": { "station_id": 732, "name": "对外经贸大学南门站", "capacity": 30 }, "geometry": { "type": "Point", "coordinates": [ 116.42487159, 39.97571173 ] } },
{ "type": "Feature", "properties": { "station_id": 733, "name": "美景东方小区西门站", "capacity": 30 }, "geometry": { "type": "Point", "coordinates": [ 116.46387393, 39.86827358 ] } },
{ "type": "Feature", "properties": { "station_id": 734, "name": "地铁森林公园南门站", "capacity": 30 }, "geometry": { "type": "Point", "coordinates": [ 116.38640707, 40.00892028 ] } },
{ "type": "Feature", "properties": { "station_id": 735, "name": "地铁奥林匹克公园I口站", "capacity": 50 }, "geometry": { "type": "Point", "coordinates": [ 116.38721843, 39.98546438 ] } },
{ "type": "Feature", "properties": { "station_id": 736, "name": "奥林匹克公园6号口站", "capacity": 40 }, "geometry": { "type": "Point", "coordinates": [ 116.38613411, 39.99660328 ] } },
{ "type": "Feature", "properties": { "station_id": 737, "name": "中航国际大厦站", "capacity": 30 }, "geometry": { "type": "Point", "coordinates": [ 116.39393, 39.99129896 ] } },
{ "type": "Feature", "properties": { "station_id": 738, "name": "地铁奥体中心C口站", "capacity": 30 }, "geometry": { "type": "Point", "coordinates": [ 116.38750837, 39.98443053 ] } },
{ "type": "Feature", "properties": { "station_id": 739, "name": "地铁北土城A口站", "capacity": 40 }, "geometry": { "type": "Point", "coordinates": [ 116.34508816, 39.95750582 ] } },
{ "type": "Feature", "properties": { "station_id": 740, "name": "珠江帝景17号楼站", "capacity": 30 }, "geometry": { "type": "Point", "coordinates": [ 116.4718949, 39.88836342 ] } },
{ "type": "Feature", "properties": { "station_id": 741, "name": "慧忠北里417号楼站", "capacity": 30 }, "geometry": { "type": "Point", "coordinates": [ 116.40029963, 40.00470346 ] } },
{ "type": "Feature", "properties": { "station_id": 742, "name": "朝阳社区学院站", "capacity": 30 }, "geometry": { "type": "Point", "coordinates": [ 116.40909055, 39.96842666 ] } },
{ "type": "Feature", "properties": { "station_id": 743, "name": "石门东路站", "capacity": 40 }, "geometry": { "type": "Point", "coordinates": [ 116.49064729, 39.90137586 ] } },
{ "type": "Feature", "properties": { "station_id": 744, "name": "黄木厂路站", "capacity": 35 }, "geometry": { "type": "Point", "coordinates": [ 116.46041081, 39.8933565 ] } },
{ "type": "Feature", "properties": { "station_id": 745, "name": "东润枫景文化广场站", "capacity": 30 }, "geometry": { "type": "Point", "coordinates": [ 116.48599233, 39.95208017 ] } },
{ "type": "Feature", "properties": { "station_id": 746, "name": "弘燕南一路站", "capacity": 40 }, "geometry": { "type": "Point", "coordinates": [ 116.46996853, 39.86373164 ] } },
{ "type": "Feature", "properties": { "station_id": 747, "name": "安翔路站", "capacity": 35 }, "geometry": { "type": "Point", "coordinates": [ 116.37715387, 39.98922767 ] } },
{ "type": "Feature", "properties": { "station_id": 748, "name": "华表大厦站", "capacity": 25 }, "geometry": { "type": "Point", "coordinates": [ 116.42149595, 39.96069364 ] } },
{ "type": "Feature", "properties": { "station_id": 749, "name": "左家庄南里4号楼站", "capacity": 30 }, "geometry": { "type": "Point", "coordinates": [ 116.43660891, 39.95341058 ] } },
{ "type": "Feature", "properties": { "station_id": 750, "name": "牛王庙站", "capacity": 25 }, "geometry": { "type": "Point", "coordinates": [ 116.4527271, 39.951624 ] } },
{ "type": "Feature", "properties": { "station_id": 751, "name": "新源里小区站", "capacity": 30 }, "geometry": { "type": "Point", "coordinates": [ 116.44406631, 39.95058285 ] } },
{ "type": "Feature", "properties": { "station_id": 752, "name": "燕莎后6号楼站", "capacity": 30 }, "geometry": { "type": "Point", "coordinates": [ 116.58770011, 40.079176 ] } },
{ "type": "Feature", "properties": { "station_id": 753, "name": "工体南路小区站", "capacity": 20 }, "geometry": { "type": "Point", "coordinates": [ 116.44338863, 39.92603107 ] } },
{ "type": "Feature", "properties": { "station_id": 754, "name": "水碓子中街站", "capacity": 30 }, "geometry": { "type": "Point", "coordinates": [ 116.47507542, 39.92658635 ] } },
{ "type": "Feature", "properties": { "station_id": 755, "name": "金海商富中心北站", "capacity": 50 }, "geometry": { "type": "Point", "coordinates": [ 116.48894808, 39.89363112 ] } },
{ "type": "Feature", "properties": { "station_id": 756, "name": "和谐雅园3号楼站", "capacity": 45 }, "geometry": { "type": "Point", "coordinates": [ 116.46201141, 39.88701705 ] } },
{ "type": "Feature", "properties": { "station_id": 757, "name": "十里堡路站", "capacity": 30 }, "geometry": { "type": "Point", "coordinates": [ 116.4961286, 39.91856142 ] } },
{ "type": "Feature", "properties": { "station_id": 758, "name": "322金海商富中心", "capacity": 30 }, "geometry": { "type": "Point", "coordinates": [ 116.48953016, 39.89334295 ] } },
{ "type": "Feature", "properties": { "station_id": 759, "name": "南新园中路站", "capacity": 30 }, "geometry": { "type": "Point", "coordinates": [ 116.46387393, 39.86827358 ] } },
{ "type": "Feature", "properties": { "station_id": 760, "name": "潘家园16号楼站", "capacity": 30 }, "geometry": { "type": "Point", "coordinates": [ 116.44738801, 39.87792673 ] } },
{ "type": "Feature", "properties": { "station_id": 761, "name": "华威北里17号楼站", "capacity": 25 }, "geometry": { "type": "Point", "coordinates": [ 116.45016521, 39.87910768 ] } },
{ "type": "Feature", "properties": { "station_id": 762, "name": "弘燕路东口站", "capacity": 45 }, "geometry": { "type": "Point", "coordinates": [ 116.45589832, 39.86740285 ] } },
{ "type": "Feature", "properties": { "station_id": 763, "name": "北杨庄路北口站", "capacity": 25 }, "geometry": { "type": "Point", "coordinates": [ 116.47606284, 39.8683986 ] } },
{ "type": "Feature", "properties": { "station_id": 764, "name": "华威西里站", "capacity": 30 }, "geometry": { "type": "Point", "coordinates": [ 116.44754142, 39.87481442 ] } },
{ "type": "Feature", "properties": { "station_id": 765, "name": "屏翠西路站", "capacity": 20 }, "geometry": { "type": "Point", "coordinates": [ 116.46211042, 40.01243171 ] } },
{ "type": "Feature", "properties": { "station_id": 766, "name": "小营西路站", "capacity": 20 }, "geometry": { "type": "Point", "coordinates": [ 116.41312699, 39.99351757 ] } },
{ "type": "Feature", "properties": { "station_id": 767, "name": "左家庄西街站", "capacity": 20 }, "geometry": { "type": "Point", "coordinates": [ 116.43395613, 39.94932069 ] } },
{ "type": "Feature", "properties": { "station_id": 768, "name": "左家庄南里站", "capacity": 25 }, "geometry": { "type": "Point", "coordinates": [ 116.43416205, 39.95341786 ] } },
{ "type": "Feature", "properties": { "station_id": 769, "name": "安家楼路", "capacity": 30 }, "geometry": { "type": "Point", "coordinates": [ 116.46540186, 39.95409693 ] } },
{ "type": "Feature", "properties": { "station_id": 770, "name": "石佛营东路站", "capacity": 30 }, "geometry": { "type": "Point", "coordinates": [ 116.49374527, 39.93109271 ] } },
{ "type": "Feature", "properties": { "station_id": 771, "name": "政法学院站", "capacity": 25 }, "geometry": { "type": "Point", "coordinates": [ 116.3631393, 39.75970997 ] } },
{ "type": "Feature", "properties": { "station_id": 772, "name": "东恒时代三期站", "capacity": 25 }, "geometry": { "type": "Point", "coordinates": [ 116.49560121, 39.9101755 ] } },
{ "type": "Feature", "properties": { "station_id": 773, "name": "百子湾家园站", "capacity": 25 }, "geometry": { "type": "Point", "coordinates": [ 116.50263293, 39.89849723 ] } },
{ "type": "Feature", "properties": { "station_id": 774, "name": "金台西路站", "capacity": 25 }, "geometry": { "type": "Point", "coordinates": [ 116.46502329, 39.9206767 ] } },
{ "type": "Feature", "properties": { "station_id": 775, "name": "南杨庄路站", "capacity": 30 }, "geometry": { "type": "Point", "coordinates": [ 116.49088488, 39.89990416 ] } },
{ "type": "Feature", "properties": { "station_id": 776, "name": "翠城馨园501楼站", "capacity": 30 }, "geometry": { "type": "Point", "coordinates": [ 116.50225565, 39.85300051 ] } },
{ "type": "Feature", "properties": { "station_id": 777, "name": "翠城馨园233楼站", "capacity": 30 }, "geometry": { "type": "Point", "coordinates": [ 116.50342707, 39.85512101 ] } },
{ "type": "Feature", "properties": { "station_id": 778, "name": "酒仙桥中路站", "capacity": 20 }, "geometry": { "type": "Point", "coordinates": [ 116.48943568, 39.97548119 ] } },
{ "type": "Feature", "properties": { "station_id": 779, "name": "东风南路站", "capacity": 25 }, "geometry": { "type": "Point", "coordinates": [ 116.49353581, 39.9526786 ] } },
{ "type": "Feature", "properties": { "station_id": 780, "name": "方庄体育公园北门站", "capacity": 30 }, "geometry": { "type": "Point", "coordinates": [ 116.42223392, 39.8657737 ] } },
{ "type": "Feature", "properties": { "station_id": 781, "name": "方庄体育公园西门站", "capacity": 30 }, "geometry": { "type": "Point", "coordinates": [ 116.42223392, 39.8657737 ] } },
{ "type": "Feature", "properties": { "station_id": 782, "name": "顶秀金石家园站", "capacity": 30 }, "geometry": { "type": "Point", "coordinates": [ 116.42493534, 39.83497127 ] } },
{ "type": "Feature", "properties": { "station_id": 783, "name": "芳古园二区西门站", "capacity": 30 }, "geometry": { "type": "Point", "coordinates": [ 116.42227942, 39.86849348 ] } },
{ "type": "Feature", "properties": { "station_id": 784, "name": "芳群路北口站", "capacity": 25 }, "geometry": { "type": "Point", "coordinates": [ 116.42061362, 39.86933462 ] } },
{ "type": "Feature", "properties": { "station_id": 785, "name": "方安苑站", "capacity": 29 }, "geometry": { "type": "Point", "coordinates": [ 116.4332351, 39.84722006 ] } },
{ "type": "Feature", "properties": { "station_id": 786, "name": "方庄环岛站", "capacity": 50 }, "geometry": { "type": "Point", "coordinates": [ 116.42538244, 39.86493835 ] } },
{ "type": "Feature", "properties": { "station_id": 787, "name": "芳城园一区站", "capacity": 30 }, "geometry": { "type": "Point", "coordinates": [ 116.4295247, 39.86809102 ] } },
{ "type": "Feature", "properties": { "station_id": 788, "name": "地铁蒲黄榆A口站", "capacity": 33 }, "geometry": { "type": "Point", "coordinates": [ 116.40128192, 39.90262654 ] } },
{ "type": "Feature", "properties": { "station_id": 789, "name": "丰台体坛医院站", "capacity": 30 }, "geometry": { "type": "Point", "coordinates": [ 116.43226161, 39.8671263 ] } },
{ "type": "Feature", "properties": { "station_id": 790, "name": "芳城东里站", "capacity": 30 }, "geometry": { "type": "Point", "coordinates": [ 116.43332448, 39.8658921 ] } },
{ "type": "Feature", "properties": { "station_id": 791, "name": "横七条站", "capacity": 34 }, "geometry": { "type": "Point", "coordinates": [ 116.41712447, 39.85207818 ] } },
{ "type": "Feature", "properties": { "station_id": 792, "name": "东方医院东门站", "capacity": 30 }, "geometry": { "type": "Point", "coordinates": [ 116.42788201, 39.862386 ] } },
{ "type": "Feature", "properties": { "station_id": 793, "name": "蒲方路西口站", "capacity": 30 }, "geometry": { "type": "Point", "coordinates": [ 116.42268493, 39.86438193 ] } },
{ "type": "Feature", "properties": { "station_id": 794, "name": "芳群园二区西门站", "capacity": 24 }, "geometry": { "type": "Point", "coordinates": [ 116.42248656, 39.86200527 ] } },
{ "type": "Feature", "properties": { "station_id": 795, "name": "方庄办事处站", "capacity": 30 }, "geometry": { "type": "Point", "coordinates": [ 116.41007715, 39.89606922 ] } },
{ "type": "Feature", "properties": { "station_id": 796, "name": "东铁营桥联通站", "capacity": 19 }, "geometry": { "type": "Point", "coordinates": [ 116.55780987, 40.09917662 ] } },
{ "type": "Feature", "properties": { "station_id": 797, "name": "紫芳园六区站", "capacity": 40 }, "geometry": { "type": "Point", "coordinates": [ 116.437248, 39.85849102 ] } },
{ "type": "Feature", "properties": { "station_id": 798, "name": "刘家窑路站", "capacity": 30 }, "geometry": { "type": "Point", "coordinates": [ 116.51077464, 39.94698851 ] } },
{ "type": "Feature", "properties": { "station_id": 799, "name": "东铁营一中站", "capacity": 35 }, "geometry": { "type": "Point", "coordinates": [ 116.41493941, 39.85560084 ] } },
{ "type": "Feature", "properties": { "station_id": 800, "name": "十八中站", "capacity": 29 }, "geometry": { "type": "Point", "coordinates": [ 116.42959443, 39.86071008 ] } },
{ "type": "Feature", "properties": { "station_id": 801, "name": "顺八条站", "capacity": 35 }, "geometry": { "type": "Point", "coordinates": [ 116.41817911, 39.84865379 ] } },
{ "type": "Feature", "properties": { "station_id": 802, "name": "政馨园一区站", "capacity": 23 }, "geometry": { "type": "Point", "coordinates": [ 116.42607245, 39.84775119 ] } },
{ "type": "Feature", "properties": { "station_id": 803, "name": "横一条北口站", "capacity": 50 }, "geometry": { "type": "Point", "coordinates": [ 116.42650699, 39.85642208 ] } },
{ "type": "Feature", "properties": { "station_id": 804, "name": "政馨园三区站", "capacity": 30 }, "geometry": { "type": "Point", "coordinates": [ 116.42546157, 39.84359644 ] } },
{ "type": "Feature", "properties": { "station_id": 805, "name": "公交草桥站", "capacity": 30 }, "geometry": { "type": "Point", "coordinates": [ 116.35465021, 39.85225529 ] } },
{ "type": "Feature", "properties": { "station_id": 806, "name": "翠庭园站", "capacity": 24 }, "geometry": { "type": "Point", "coordinates": [ 116.43244015, 39.84581506 ] } },
{ "type": "Feature", "properties": { "station_id": 807, "name": "四方景园三区站", "capacity": 30 }, "geometry": { "type": "Point", "coordinates": [ 116.43303528, 39.85536746 ] } },
{ "type": "Feature", "properties": { "station_id": 808, "name": "贾家花园站", "capacity": 25 }, "geometry": { "type": "Point", "coordinates": [ 116.40842601, 39.85066806 ] } },
{ "type": "Feature", "properties": { "station_id": 809, "name": "地铁宋家庄D1口站", "capacity": 40 }, "geometry": { "type": "Point", "coordinates": [ 116.40128192, 39.90262654 ] } },
{ "type": "Feature", "properties": { "station_id": 810, "name": "顺四条站", "capacity": 21 }, "geometry": { "type": "Point", "coordinates": [ 116.41969887, 39.85298857 ] } },
{ "type": "Feature", "properties": { "station_id": 811, "name": "地铁蒲黄榆B口站", "capacity": 34 }, "geometry": { "type": "Point", "coordinates": [ 116.41008828, 39.8686467 ] } },
{ "type": "Feature", "properties": { "station_id": 812, "name": "蒲黄榆路站", "capacity": 29 }, "geometry": { "type": "Point", "coordinates": [ 116.4154505, 39.86084237 ] } },
{ "type": "Feature", "properties": { "station_id": 813, "name": "天创公馆站", "capacity": 25 }, "geometry": { "type": "Point", "coordinates": [ 116.42087481, 39.85818515 ] } },
{ "type": "Feature", "properties": { "station_id": 814, "name": "西罗园路站", "capacity": 30 }, "geometry": { "type": "Point", "coordinates": [ 116.38065405, 39.86031305 ] } },
{ "type": "Feature", "properties": { "station_id": 815, "name": "中国评剧院站", "capacity": 25 }, "geometry": { "type": "Point", "coordinates": [ 116.38478661, 39.85967747 ] } },
{ "type": "Feature", "properties": { "station_id": 816, "name": "西罗园体育场站", "capacity": 25 }, "geometry": { "type": "Point", "coordinates": [ 116.38712025, 39.85839477 ] } },
{ "type": "Feature", "properties": { "station_id": 817, "name": "角门北路东口站", "capacity": 24 }, "geometry": { "type": "Point", "coordinates": [ 116.37470221, 39.84912595 ] } },
{ "type": "Feature", "properties": { "station_id": 818, "name": "角门北路站", "capacity": 29 }, "geometry": { "type": "Point", "coordinates": [ 116.36503296, 39.8455696 ] } },
{ "type": "Feature", "properties": { "station_id": 819, "name": "国家食品研究院站", "capacity": 25 }, "geometry": { "type": "Point", "coordinates": [ 116.38035239, 39.83440155 ] } },
{ "type": "Feature", "properties": { "station_id": 820, "name": "角门东里19号站", "capacity": 32 }, "geometry": { "type": "Point", "coordinates": [ 116.37906266, 39.84528892 ] } },
{ "type": "Feature", "properties": { "station_id": 821, "name": "马家堡东路94号站", "capacity": 37 }, "geometry": { "type": "Point", "coordinates": [ 116.38061789, 39.84487207 ] } },
{ "type": "Feature", "properties": { "station_id": 822, "name": "山西大厦站", "capacity": 20 }, "geometry": { "type": "Point", "coordinates": [ 116.37657626, 39.85644053 ] } },
{ "type": "Feature", "properties": { "station_id": 823, "name": "洋桥北里站", "capacity": 20 }, "geometry": { "type": "Point", "coordinates": [ 116.38571196, 39.89861935 ] } },
{ "type": "Feature", "properties": { "station_id": 824, "name": "北京南站路东口站", "capacity": 30 }, "geometry": { "type": "Point", "coordinates": [ 116.38011231, 39.86396007 ] } },
{ "type": "Feature", "properties": { "station_id": 825, "name": "佑安医院站", "capacity": 33 }, "geometry": { "type": "Point", "coordinates": [ 116.34938654, 39.86548837 ] } },
{ "type": "Feature", "properties": { "station_id": 826, "name": "玉林小区站", "capacity": 29 }, "geometry": { "type": "Point", "coordinates": [ 116.35215074, 39.86515209 ] } },
{ "type": "Feature", "properties": { "station_id": 827, "name": "地铁刘家窑A口站", "capacity": 35 }, "geometry": { "type": "Point", "coordinates": [ 116.41386234, 39.85678627 ] } },
{ "type": "Feature", "properties": { "station_id": 828, "name": "华商科技大厦站", "capacity": 45 }, "geometry": { "type": "Point", "coordinates": [ 116.35786339, 39.85837282 ] } },
{ "type": "Feature", "properties": { "station_id": 829, "name": "开阳里三区站", "capacity": 30 }, "geometry": { "type": "Point", "coordinates": [ 116.36071911, 39.86292718 ] } },
{ "type": "Feature", "properties": { "station_id": 830, "name": "开阳里六区站", "capacity": 29 }, "geometry": { "type": "Point", "coordinates": [ 116.36372804, 39.86301101 ] } },
{ "type": "Feature", "properties": { "station_id": 831, "name": "开阳里八区站", "capacity": 35 }, "geometry": { "type": "Point", "coordinates": [ 116.36648585, 39.86347685 ] } },
{ "type": "Feature", "properties": { "station_id": 832, "name": "右安门外大街东站", "capacity": 30 }, "geometry": { "type": "Point", "coordinates": [ 116.41832744, 39.88378161 ] } },
{ "type": "Feature", "properties": { "station_id": 833, "name": "马家堡东路55号站", "capacity": 40 }, "geometry": { "type": "Point", "coordinates": [ 116.3801517, 39.85396609 ] } },
{ "type": "Feature", "properties": { "station_id": 834, "name": "顺四条西站", "capacity": 29 }, "geometry": { "type": "Point", "coordinates": [ 116.42111998, 39.85290999 ] } },
{ "type": "Feature", "properties": { "station_id": 835, "name": "东庄7号楼站", "capacity": 40 }, "geometry": { "type": "Point", "coordinates": [ 116.37277178, 39.86688034 ] } },
{ "type": "Feature", "properties": { "station_id": 836, "name": "右安门外大街站", "capacity": 39 }, "geometry": { "type": "Point", "coordinates": [ 116.34665325, 39.86382216 ] } },
{ "type": "Feature", "properties": { "station_id": 837, "name": "光彩路站", "capacity": 35 }, "geometry": { "type": "Point", "coordinates": [ 116.62956928, 40.31360994 ] } },
{ "type": "Feature", "properties": { "station_id": 838, "name": "角门北里站", "capacity": 34 }, "geometry": { "type": "Point", "coordinates": [ 116.29282506, 40.08790124 ] } },
{ "type": "Feature", "properties": { "station_id": 839, "name": "晨光小区站", "capacity": 35 }, "geometry": { "type": "Point", "coordinates": [ 116.36888792, 39.84755631 ] } },
{ "type": "Feature", "properties": { "station_id": 840, "name": "马家堡中路站", "capacity": 30 }, "geometry": { "type": "Point", "coordinates": [ 116.36795024, 39.85145192 ] } },
{ "type": "Feature", "properties": { "station_id": 841, "name": "玺萌丽苑站", "capacity": 35 }, "geometry": { "type": "Point", "coordinates": [ 116.35743813, 39.84842909 ] } },
{ "type": "Feature", "properties": { "station_id": 842, "name": "镇国寺北街6号院站", "capacity": 34 }, "geometry": { "type": "Point", "coordinates": [ 116.35539764, 39.84361821 ] } },
{ "type": "Feature", "properties": { "station_id": 843, "name": "玺萌公馆站", "capacity": 34 }, "geometry": { "type": "Point", "coordinates": [ 116.35740102, 39.84080402 ] } },
{ "type": "Feature", "properties": { "station_id": 844, "name": "城南嘉园站", "capacity": 35 }, "geometry": { "type": "Point", "coordinates": [ 116.36313748, 39.83433455 ] } },
{ "type": "Feature", "properties": { "station_id": 845, "name": "丰台区纳税局站", "capacity": 33 }, "geometry": { "type": "Point", "coordinates": [ 116.358673, 39.84053902 ] } },
{ "type": "Feature", "properties": { "station_id": 846, "name": "马家堡街道办事处站", "capacity": 28 }, "geometry": { "type": "Point", "coordinates": [ 116.35905367, 39.8418087 ] } },
{ "type": "Feature", "properties": { "station_id": 847, "name": "地铁角门西站", "capacity": 30 }, "geometry": { "type": "Point", "coordinates": [ 116.3632124, 39.84422535 ] } },
{ "type": "Feature", "properties": { "station_id": 848, "name": "城一区二号门站", "capacity": 28 }, "geometry": { "type": "Point", "coordinates": [ 116.4295247, 39.86809102 ] } },
{ "type": "Feature", "properties": { "station_id": 849, "name": "星河苑站", "capacity": 25 }, "geometry": { "type": "Point", "coordinates": [ 116.36204015, 39.83731887 ] } },
{ "type": "Feature", "properties": { "station_id": 850, "name": "马家堡西路站", "capacity": 34 }, "geometry": { "type": "Point", "coordinates": [ 116.36552123, 39.84016391 ] } },
{ "type": "Feature", "properties": { "station_id": 851, "name": "龙珠公寓站", "capacity": 35 }, "geometry": { "type": "Point", "coordinates": [ 116.42493113, 39.86821061 ] } },
{ "type": "Feature", "properties": { "station_id": 852, "name": "成寿寺中街站", "capacity": 30 }, "geometry": { "type": "Point", "coordinates": [ 116.435398, 39.85443682 ] } },
{ "type": "Feature", "properties": { "station_id": 853, "name": "科技园26号院站", "capacity": 35 }, "geometry": { "type": "Point", "coordinates": [ 116.27436234, 39.82195622 ] } },
{ "type": "Feature", "properties": { "station_id": 854, "name": "富丰桥站", "capacity": 49 }, "geometry": { "type": "Point", "coordinates": [ 116.27753064, 39.83492166 ] } },
{ "type": "Feature", "properties": { "station_id": 855, "name": "科技园十六区站", "capacity": 28 }, "geometry": { "type": "Point", "coordinates": [ 116.27395849, 39.82158285 ] } },
{ "type": "Feature", "properties": { "station_id": 856, "name": "方南家园站", "capacity": 36 }, "geometry": { "type": "Point", "coordinates": [ 116.41819415, 39.85058393 ] } },
{ "type": "Feature", "properties": { "station_id": 857, "name": "科技园六号院站", "capacity": 60 }, "geometry": { "type": "Point", "coordinates": [ 116.27646434, 39.83128776 ] } },
{ "type": "Feature", "properties": { "station_id": 858, "name": "华冠商场站", "capacity": 39 }, "geometry": { "type": "Point", "coordinates": [ 116.36505743, 39.83289031 ] } },
{ "type": "Feature", "properties": { "station_id": 859, "name": "医科大附中站", "capacity": 19 }, "geometry": { "type": "Point", "coordinates": [ 116.36027798, 39.8576676 ] } },
{ "type": "Feature", "properties": { "station_id": 860, "name": "宝汇苑站", "capacity": 33 }, "geometry": { "type": "Point", "coordinates": [ 116.38541976, 39.85775467 ] } },
{ "type": "Feature", "properties": { "station_id": 861, "name": "立业大厦站", "capacity": 30 }, "geometry": { "type": "Point", "coordinates": [ 116.37999967, 39.85050264 ] } },
{ "type": "Feature", "properties": { "station_id": 862, "name": "紫芳园站", "capacity": 34 }, "geometry": { "type": "Point", "coordinates": [ 116.43690323, 39.86362853 ] } },
{ "type": "Feature", "properties": { "station_id": 863, "name": "铁营医院站", "capacity": 29 }, "geometry": { "type": "Point", "coordinates": [ 116.4166811, 39.85454956 ] } },
{ "type": "Feature", "properties": { "station_id": 864, "name": "丰台二小站", "capacity": 20 }, "geometry": { "type": "Point", "coordinates": [ 116.28562813, 39.84103698 ] } },
{ "type": "Feature", "properties": { "station_id": 865, "name": "新华街西口站", "capacity": 30 }, "geometry": { "type": "Point", "coordinates": [ 116.28117174, 39.84098206 ] } },
{ "type": "Feature", "properties": { "station_id": 866, "name": "新华街六里站", "capacity": 30 }, "geometry": { "type": "Point", "coordinates": [ 116.28297727, 39.84075841 ] } },
{ "type": "Feature", "properties": { "station_id": 867, "name": "地铁丰台南路A2口站", "capacity": 30 }, "geometry": { "type": "Point", "coordinates": [ 116.32664472, 39.82204836 ] } },
{ "type": "Feature", "properties": { "station_id": 868, "name": "新华街二里站", "capacity": 25 }, "geometry": { "type": "Point", "coordinates": [ 116.28744082, 39.8421825 ] } },
{ "type": "Feature", "properties": { "station_id": 869, "name": "丰益花园站", "capacity": 35 }, "geometry": { "type": "Point", "coordinates": [ 116.30674933, 39.85973869 ] } },
{ "type": "Feature", "properties": { "station_id": 870, "name": "地铁泥洼站", "capacity": 30 }, "geometry": { "type": "Point", "coordinates": [ 116.30087979, 39.85668238 ] } },
{ "type": "Feature", "properties": { "station_id": 871, "name": "泥洼路北口站", "capacity": 30 }, "geometry": { "type": "Point", "coordinates": [ 116.2939498, 39.86325501 ] } },
{ "type": "Feature", "properties": { "station_id": 872, "name": "近园路站", "capacity": 30 }, "geometry": { "type": "Point", "coordinates": [ 116.27822843, 39.86063034 ] } },
{ "type": "Feature", "properties": { "station_id": 873, "name": "丰华苑站", "capacity": 35 }, "geometry": { "type": "Point", "coordinates": [ 116.28285293, 39.86049086 ] } },
{ "type": "Feature", "properties": { "station_id": 874, "name": "东安街头条站", "capacity": 30 }, "geometry": { "type": "Point", "coordinates": [ 116.27634033, 39.84815925 ] } },
{ "type": "Feature", "properties": { "station_id": 875, "name": "丰台医院站", "capacity": 30 }, "geometry": { "type": "Point", "coordinates": [ 116.27265985, 39.84663756 ] } },
{ "type": "Feature", "properties": { "station_id": 876, "name": "地铁东大街A口站", "capacity": 30 }, "geometry": { "type": "Point", "coordinates": [ 116.28876447, 39.85522602 ] } },
{ "type": "Feature", "properties": { "station_id": 877, "name": "正阳大街站", "capacity": 25 }, "geometry": { "type": "Point", "coordinates": [ 116.27923589, 39.84660325 ] } },
{ "type": "Feature", "properties": { "station_id": 878, "name": "永善里小区站", "capacity": 20 }, "geometry": { "type": "Point", "coordinates": [ 116.27952528, 39.84770527 ] } },
{ "type": "Feature", "properties": { "station_id": 879, "name": "丰台南路站", "capacity": 30 }, "geometry": { "type": "Point", "coordinates": [ 116.28512556, 39.83972934 ] } },
{ "type": "Feature", "properties": { "station_id": 880, "name": "韩庄子站", "capacity": 30 }, "geometry": { "type": "Point", "coordinates": [ 116.28570474, 39.83753139 ] } },
{ "type": "Feature", "properties": { "station_id": 881, "name": "生态主题公园站", "capacity": 30 }, "geometry": { "type": "Point", "coordinates": [ 116.28766985, 39.83790615 ] } },
{ "type": "Feature", "properties": { "station_id": 882, "name": "彩虹街区站", "capacity": 30 }, "geometry": { "type": "Point", "coordinates": [ 116.29691494, 39.83952026 ] } },
{ "type": "Feature", "properties": { "station_id": 883, "name": "鸿业兴园站", "capacity": 30 }, "geometry": { "type": "Point", "coordinates": [ 116.29929072, 39.83863888 ] } },
{ "type": "Feature", "properties": { "station_id": 884, "name": "丰台第7中学站", "capacity": 40 }, "geometry": { "type": "Point", "coordinates": [ 116.30200132, 39.83819167 ] } },
{ "type": "Feature", "properties": { "station_id": 885, "name": "首经贸西门站", "capacity": 30 }, "geometry": { "type": "Point", "coordinates": [ 116.31058108, 39.83937375 ] } },
{ "type": "Feature", "properties": { "station_id": 886, "name": "首经贸北门站", "capacity": 30 }, "geometry": { "type": "Point", "coordinates": [ 116.31381636, 39.83929136 ] } },
{ "type": "Feature", "properties": { "station_id": 887, "name": "地铁首经贸站", "capacity": 35 }, "geometry": { "type": "Point", "coordinates": [ 116.31548301, 39.8426144 ] } },
{ "type": "Feature", "properties": { "station_id": 888, "name": "汇丰家园站", "capacity": 30 }, "geometry": { "type": "Point", "coordinates": [ 116.30659837, 39.84935214 ] } },
{ "type": "Feature", "properties": { "station_id": 889, "name": "纪家庙路北口站", "capacity": 25 }, "geometry": { "type": "Point", "coordinates": [ 116.31942546, 39.84731771 ] } },
{ "type": "Feature", "properties": { "station_id": 890, "name": "京石宾馆站", "capacity": 30 }, "geometry": { "type": "Point", "coordinates": [ 116.30191122, 39.88898939 ] } },
{ "type": "Feature", "properties": { "station_id": 891, "name": "六里桥南路站", "capacity": 30 }, "geometry": { "type": "Point", "coordinates": [ 116.30219428, 39.87821671 ] } },
{ "type": "Feature", "properties": { "station_id": 892, "name": "丰体北门站", "capacity": 30 }, "geometry": { "type": "Point", "coordinates": [ 116.27217713, 39.86749184 ] } },
{ "type": "Feature", "properties": { "station_id": 893, "name": "望园路站", "capacity": 25 }, "geometry": { "type": "Point", "coordinates": [ 115.97176471, 40.46102819 ] } },
{ "type": "Feature", "properties": { "station_id": 894, "name": "地铁六里桥A口站", "capacity": 30 }, "geometry": { "type": "Point", "coordinates": [ 116.30903755, 39.8856006 ] } },
{ "type": "Feature", "properties": { "station_id": 895, "name": "六里桥西贝站", "capacity": 30 }, "geometry": { "type": "Point", "coordinates": [ 116.42550114, 40.01306829 ] } },
{ "type": "Feature", "properties": { "station_id": 896, "name": "保利百合花园站", "capacity": 30 }, "geometry": { "type": "Point", "coordinates": [ 116.29838764, 39.87557607 ] } },
{ "type": "Feature", "properties": { "station_id": 897, "name": "天使食府站", "capacity": 30 }, "geometry": { "type": "Point", "coordinates": [ 116.31240964, 39.88762742 ] } },
{ "type": "Feature", "properties": { "station_id": 898, "name": "芳城园二区东门站", "capacity": 20 }, "geometry": { "type": "Point", "coordinates": [ 116.42570328, 39.86609456 ] } },
{ "type": "Feature", "properties": { "station_id": 899, "name": "蒲黄榆二里站", "capacity": 20 }, "geometry": { "type": "Point", "coordinates": [ 116.41256246, 39.86885434 ] } },
{ "type": "Feature", "properties": { "station_id": 900, "name": "戏曲学校站", "capacity": 25 }, "geometry": { "type": "Point", "coordinates": [ 116.37113492, 39.85458022 ] } },
{ "type": "Feature", "properties": { "station_id": 901, "name": "地铁刘家窑C口站", "capacity": 40 }, "geometry": { "type": "Point", "coordinates": [ 116.41386234, 39.85678627 ] } },
{ "type": "Feature", "properties": { "station_id": 902, "name": "房屋经管所站", "capacity": 30 }, "geometry": { "type": "Point", "coordinates": [ 116.28003528, 39.85140848 ] } },
{ "type": "Feature", "properties": { "station_id": 903, "name": "游泳场北路站", "capacity": 30 }, "geometry": { "type": "Point", "coordinates": [ 116.28480381, 39.85432395 ] } },
{ "type": "Feature", "properties": { "station_id": 904, "name": "造甲村南里站", "capacity": 30 }, "geometry": { "type": "Point", "coordinates": [ 116.28699925, 39.84052386 ] } },
{ "type": "Feature", "properties": { "station_id": 905, "name": "地铁七里庄站G口站", "capacity": 25 }, "geometry": { "type": "Point", "coordinates": [ 116.28823004, 39.86552212 ] } },
{ "type": "Feature", "properties": { "station_id": 906, "name": "北大地商场站", "capacity": 25 }, "geometry": { "type": "Point", "coordinates": [ 116.27764245, 39.8549017 ] } },
{ "type": "Feature", "properties": { "station_id": 907, "name": "北大地一里站", "capacity": 30 }, "geometry": { "type": "Point", "coordinates": [ 116.27603504, 39.85209615 ] } },
{ "type": "Feature", "properties": { "station_id": 908, "name": "莲怡园二区站", "capacity": 25 }, "geometry": { "type": "Point", "coordinates": [ 116.29109897, 39.88439572 ] } },
{ "type": "Feature", "properties": { "station_id": 909, "name": "世纪金色家园站", "capacity": 40 }, "geometry": { "type": "Point", "coordinates": [ 116.36589103, 39.86787185 ] } },
{ "type": "Feature", "properties": { "station_id": 910, "name": "日月天地站", "capacity": 30 }, "geometry": { "type": "Point", "coordinates": [ 116.42613855, 39.86894838 ] } },
{ "type": "Feature", "properties": { "station_id": 911, "name": "307医院站", "capacity": 30 }, "geometry": { "type": "Point", "coordinates": [ 116.28914441, 39.86224791 ] } },
{ "type": "Feature", "properties": { "station_id": 912, "name": "万丰路华堂商场站", "capacity": 40 }, "geometry": { "type": "Point", "coordinates": [ 116.28844318, 39.86652502 ] } },
{ "type": "Feature", "properties": { "station_id": 913, "name": "国润大厦站", "capacity": 30 }, "geometry": { "type": "Point", "coordinates": [ 116.34343294, 39.92177021 ] } },
{ "type": "Feature", "properties": { "station_id": 914, "name": "小井润园二区西门站", "capacity": 40 }, "geometry": { "type": "Point", "coordinates": [ 116.28148042, 39.87049811 ] } },
{ "type": "Feature", "properties": { "station_id": 915, "name": "大井东里站", "capacity": 25 }, "geometry": { "type": "Point", "coordinates": [ 116.26864048, 39.86871595 ] } },
{ "type": "Feature", "properties": { "station_id": 916, "name": "轨道公司站", "capacity": 40 }, "geometry": { "type": "Point", "coordinates": [ 116.28197852, 40.09094206 ] } },
{ "type": "Feature", "properties": { "station_id": 917, "name": "地铁西局站", "capacity": 30 }, "geometry": { "type": "Point", "coordinates": [ 116.46375632, 39.82942286 ] } },
{ "type": "Feature", "properties": { "station_id": 918, "name": "地铁丰台南路A1口站", "capacity": 30 }, "geometry": { "type": "Point", "coordinates": [ 116.32664472, 39.82204836 ] } },
{ "type": "Feature", "properties": { "station_id": 919, "name": "宛平城P3停车场站", "capacity": 35 }, "geometry": { "type": "Point", "coordinates": [ 116.22398057, 39.8508156 ] } },
{ "type": "Feature", "properties": { "station_id": 920, "name": "看丹路西口站", "capacity": 30 }, "geometry": { "type": "Point", "coordinates": [ 116.27778925, 39.83852982 ] } },
{ "type": "Feature", "properties": { "station_id": 921, "name": "莲怡园东路站", "capacity": 25 }, "geometry": { "type": "Point", "coordinates": [ 116.29739691, 39.8824515 ] } },
{ "type": "Feature", "properties": { "station_id": 922, "name": "大井南里站", "capacity": 25 }, "geometry": { "type": "Point", "coordinates": [ 116.26645323, 39.86482329 ] } },
{ "type": "Feature", "properties": { "station_id": 923, "name": "莲花池南里站", "capacity": 30 }, "geometry": { "type": "Point", "coordinates": [ 116.30834462, 39.88699037 ] } },
{ "type": "Feature", "properties": { "station_id": 924, "name": "向阳街站", "capacity": 30 }, "geometry": { "type": "Point", "coordinates": [ 116.28458432, 39.84301054 ] } },
{ "type": "Feature", "properties": { "station_id": 925, "name": "丰台南路西口站", "capacity": 30 }, "geometry": { "type": "Point", "coordinates": [ 116.28699925, 39.84052386 ] } },
{ "type": "Feature", "properties": { "station_id": 926, "name": "玉林东里站", "capacity": 49 }, "geometry": { "type": "Point", "coordinates": [ 116.35515875, 39.86571585 ] } },
{ "type": "Feature", "properties": { "station_id": 927, "name": "莲花池南路站", "capacity": 30 }, "geometry": { "type": "Point", "coordinates": [ 116.3078421, 39.88759781 ] } },
{ "type": "Feature", "properties": { "station_id": 928, "name": "七里庄路站", "capacity": 30 }, "geometry": { "type": "Point", "coordinates": [ 116.28575552, 39.85796925 ] } },
{ "type": "Feature", "properties": { "station_id": 929, "name": "建国街站", "capacity": 35 }, "geometry": { "type": "Point", "coordinates": [ 116.28693782, 39.8445711 ] } },
{ "type": "Feature", "properties": { "station_id": 930, "name": "宛平城东门站", "capacity": 18 }, "geometry": { "type": "Point", "coordinates": [ 116.22398057, 39.8508156 ] } },
{ "type": "Feature", "properties": { "station_id": 931, "name": "宛平城西门南站", "capacity": 10 }, "geometry": { "type": "Point", "coordinates": [ 116.22398057, 39.8508156 ] } },
{ "type": "Feature", "properties": { "station_id": 932, "name": "宛平城西门北站", "capacity": 10 }, "geometry": { "type": "Point", "coordinates": [ 116.22398057, 39.8508156 ] } },
{ "type": "Feature", "properties": { "station_id": 933, "name": "宛平城城南街站", "capacity": 30 }, "geometry": { "type": "Point", "coordinates": [ 116.21926707, 39.84859183 ] } },
{ "type": "Feature", "properties": { "station_id": 934, "name": "公交抗战雕塑园站", "capacity": 52 }, "geometry": { "type": "Point", "coordinates": [ 116.2334348, 39.85683238 ] } },
{ "type": "Feature", "properties": { "station_id": 935, "name": "首发大厦站", "capacity": 30 }, "geometry": { "type": "Point", "coordinates": [ 116.30336672, 39.87855792 ] } },
{ "type": "Feature", "properties": { "station_id": 936, "name": "丰台永旺站", "capacity": 30 }, "geometry": { "type": "Point", "coordinates": [ 116.28386392, 39.81663467 ] } },
{ "type": "Feature", "properties": { "station_id": 937, "name": "草桥东路1号站", "capacity": 20 }, "geometry": { "type": "Point", "coordinates": [ 116.35563263, 39.852353 ] } },
{ "type": "Feature", "properties": { "station_id": 938, "name": "草桥欣园小区站", "capacity": 30 }, "geometry": { "type": "Point", "coordinates": [ 116.35322659, 39.84851546 ] } },
{ "type": "Feature", "properties": { "station_id": 939, "name": "地铁草桥B口站", "capacity": 45 }, "geometry": { "type": "Point", "coordinates": [ 116.3404356, 39.8435285 ] } },
{ "type": "Feature", "properties": { "station_id": 940, "name": "草桥小学站", "capacity": 30 }, "geometry": { "type": "Point", "coordinates": [ 116.34598607, 39.84131024 ] } },
{ "type": "Feature", "properties": { "station_id": 941, "name": "春园西门站", "capacity": 20 }, "geometry": { "type": "Point", "coordinates": [ 116.24556161, 39.8761355 ] } },
{ "type": "Feature", "properties": { "station_id": 942, "name": "博龙佳园西门站", "capacity": 30 }, "geometry": { "type": "Point", "coordinates": [ 116.24774951, 39.89265971 ] } },
{ "type": "Feature", "properties": { "station_id": 943, "name": "芳园南门站", "capacity": 30 }, "geometry": { "type": "Point", "coordinates": [ 116.25341073, 39.88851178 ] } },
{ "type": "Feature", "properties": { "station_id": 944, "name": "青塔西里6号院站", "capacity": 30 }, "geometry": { "type": "Point", "coordinates": [ 116.25930565, 39.89317025 ] } },
{ "type": "Feature", "properties": { "station_id": 945, "name": "长安新城站", "capacity": 35 }, "geometry": { "type": "Point", "coordinates": [ 116.25801754, 39.887762 ] } },
{ "type": "Feature", "properties": { "station_id": 946, "name": "梅市口路站", "capacity": 30 }, "geometry": { "type": "Point", "coordinates": [ 116.25852188, 39.87962536 ] } },
{ "type": "Feature", "properties": { "station_id": 947, "name": "红木大观园站", "capacity": 30 }, "geometry": { "type": "Point", "coordinates": [ 116.2675716, 39.88252161 ] } },
{ "type": "Feature", "properties": { "station_id": 948, "name": "美域家园北区南门站", "capacity": 30 }, "geometry": { "type": "Point", "coordinates": [ 116.24715663, 39.87432343 ] } },
{ "type": "Feature", "properties": { "station_id": 949, "name": "兴隆灯饰站", "capacity": 30 }, "geometry": { "type": "Point", "coordinates": [ 116.27412005, 39.87067487 ] } },
{ "type": "Feature", "properties": { "station_id": 950, "name": "双林苑南门站", "capacity": 30 }, "geometry": { "type": "Point", "coordinates": [ 116.24909484, 39.87262945 ] } },
{ "type": "Feature", "properties": { "station_id": 951, "name": "看丹南路站", "capacity": 35 }, "geometry": { "type": "Point", "coordinates": [ 116.26665529, 39.83370846 ] } },
{ "type": "Feature", "properties": { "station_id": 952, "name": "公益西桥东站", "capacity": 15 }, "geometry": { "type": "Point", "coordinates": [ 116.23365561, 40.22815851 ] } },
{ "type": "Feature", "properties": { "station_id": 953, "name": "永福东路北口站", "capacity": 30 }, "geometry": { "type": "Point", "coordinates": [ 116.3091706, 39.85654913 ] } },
{ "type": "Feature", "properties": { "station_id": 954, "name": "嘉金大厦站", "capacity": 30 }, "geometry": { "type": "Point", "coordinates": [ 116.3673769, 39.86637102 ] } },
{ "type": "Feature", "properties": { "station_id": 955, "name": "卢沟桥文化中心站", "capacity": 20 }, "geometry": { "type": "Point", "coordinates": [ 116.27226068, 39.86972705 ] } },
{ "type": "Feature", "properties": { "station_id": 956, "name": "定安路站", "capacity": 30 }, "geometry": { "type": "Point", "coordinates": [ 116.40712705, 39.85868925 ] } },
{ "type": "Feature", "properties": { "station_id": 957, "name": "东大街西里站", "capacity": 30 }, "geometry": { "type": "Point", "coordinates": [ 116.28619701, 39.86039844 ] } },
{ "type": "Feature", "properties": { "station_id": 958, "name": "小屯路北口站", "capacity": 25 }, "geometry": { "type": "Point", "coordinates": [ 116.24668911, 39.8909624 ] } },
{ "type": "Feature", "properties": { "station_id": 959, "name": "青塔五街站", "capacity": 30 }, "geometry": { "type": "Point", "coordinates": [ 116.25117565, 39.88831418 ] } },
{ "type": "Feature", "properties": { "station_id": 960, "name": "丰体时代大厦站", "capacity": 40 }, "geometry": { "type": "Point", "coordinates": [ 116.26453975, 39.86476381 ] } },
{ "type": "Feature", "properties": { "station_id": 961, "name": "双城公寓站", "capacity": 35 }, "geometry": { "type": "Point", "coordinates": [ 116.40022701, 39.85614655 ] } },
{ "type": "Feature", "properties": { "station_id": 962, "name": "地铁七里庄B口站", "capacity": 20 }, "geometry": { "type": "Point", "coordinates": [ 116.28763604, 39.86479444 ] } },
{ "type": "Feature", "properties": { "station_id": 963, "name": "美域家园南区南门站", "capacity": 30 }, "geometry": { "type": "Point", "coordinates": [ 116.24408939, 39.8713255 ] } },
{ "type": "Feature", "properties": { "station_id": 964, "name": "美域家园南区北门站", "capacity": 30 }, "geometry": { "type": "Point", "coordinates": [ 116.2436008, 39.87268728 ] } },
{ "type": "Feature", "properties": { "station_id": 965, "name": "珠江峰景站", "capacity": 30 }, "geometry": { "type": "Point", "coordinates": [ 116.25899496, 39.87737071 ] } },
{ "type": "Feature", "properties": { "station_id": 966, "name": "西府景园站", "capacity": 35 }, "geometry": { "type": "Point", "coordinates": [ 116.26404216, 39.88114749 ] } },
{ "type": "Feature", "properties": { "station_id": 967, "name": "丰台党校站", "capacity": 30 }, "geometry": { "type": "Point", "coordinates": [ 116.26048546, 39.84898999 ] } },
{ "type": "Feature", "properties": { "station_id": 968, "name": "地铁郭庄子A口站", "capacity": 35 }, "geometry": { "type": "Point", "coordinates": [ 116.24644815, 39.8651077 ] } },
{ "type": "Feature", "properties": { "station_id": 969, "name": "地铁郭庄子B口站", "capacity": 35 }, "geometry": { "type": "Point", "coordinates": [ 116.24644815, 39.8651077 ] } },
{ "type": "Feature", "properties": { "station_id": 970, "name": "沙子口路南口站", "capacity": 20 }, "geometry": { "type": "Point", "coordinates": [ 116.41322925, 39.85031261 ] } },
{ "type": "Feature", "properties": { "station_id": 971, "name": "五棵树乐园站", "capacity": 30 }, "geometry": { "type": "Point", "coordinates": [ 116.25556139, 39.89084155 ] } },
{ "type": "Feature", "properties": { "station_id": 972, "name": "望园东里南门站", "capacity": 25 }, "geometry": { "type": "Point", "coordinates": [ 116.28537359, 39.86652951 ] } },
{ "type": "Feature", "properties": { "station_id": 973, "name": "望园北路站", "capacity": 25 }, "geometry": { "type": "Point", "coordinates": [ 116.28074948, 39.86705458 ] } },
{ "type": "Feature", "properties": { "station_id": 974, "name": "六里桥南路北口站", "capacity": 50 }, "geometry": { "type": "Point", "coordinates": [ 116.30277264, 39.88034799 ] } },
{ "type": "Feature", "properties": { "station_id": 975, "name": "建邦枫景东门站", "capacity": 30 }, "geometry": { "type": "Point", "coordinates": [ 116.24888199, 39.86638516 ] } },
{ "type": "Feature", "properties": { "station_id": 976, "name": "莲怡园北路站", "capacity": 30 }, "geometry": { "type": "Point", "coordinates": [ 116.2898421, 39.88635832 ] } },
{ "type": "Feature", "properties": { "station_id": 977, "name": "青海大厦站", "capacity": 40 }, "geometry": { "type": "Point", "coordinates": [ 116.37038088, 39.91166514 ] } },
{ "type": "Feature", "properties": { "station_id": 978, "name": "地铁马家堡A口站", "capacity": 45 }, "geometry": { "type": "Point", "coordinates": [ 116.3800224, 39.85156687 ] } },
{ "type": "Feature", "properties": { "station_id": 979, "name": "芳园北门站", "capacity": 30 }, "geometry": { "type": "Point", "coordinates": [ 116.25237288, 39.89196429 ] } },
{ "type": "Feature", "properties": { "station_id": 980, "name": "五里店站", "capacity": 35 }, "geometry": { "type": "Point", "coordinates": [ 116.28110116, 39.85718603 ] } },
{ "type": "Feature", "properties": { "station_id": 981, "name": "五里店北里站", "capacity": 30 }, "geometry": { "type": "Point", "coordinates": [ 116.25410049, 39.86216854 ] } },
{ "type": "Feature", "properties": { "station_id": 982, "name": "五里店北里北门站", "capacity": 30 }, "geometry": { "type": "Point", "coordinates": [ 116.25410049, 39.86216854 ] } },
{ "type": "Feature", "properties": { "station_id": 983, "name": "郭庄家园站", "capacity": 30 }, "geometry": { "type": "Point", "coordinates": [ 116.24644815, 39.8651077 ] } },
{ "type": "Feature", "properties": { "station_id": 984, "name": "靛厂路站", "capacity": 25 }, "geometry": { "type": "Point", "coordinates": [ 116.28756459, 39.88810117 ] } },
{ "type": "Feature", "properties": { "station_id": 985, "name": "菜户营西路站", "capacity": 30 }, "geometry": { "type": "Point", "coordinates": [ 116.33525589, 39.86790485 ] } },
{ "type": "Feature", "properties": { "station_id": 986, "name": "南苑机场候机楼站", "capacity": 40 }, "geometry": { "type": "Point", "coordinates": [ 116.61677033, 40.05008171 ] } },
{ "type": "Feature", "properties": { "station_id": 987, "name": "联航办公区站", "capacity": 30 }, "geometry": { "type": "Point", "coordinates": [ 116.37682801, 39.79463503 ] } },
{ "type": "Feature", "properties": { "station_id": 988, "name": "三营门站", "capacity": 30 }, "geometry": { "type": "Point", "coordinates": [ 116.39541852, 39.80539886 ] } },
{ "type": "Feature", "properties": { "station_id": 989, "name": "诚苑中里站", "capacity": 20 }, "geometry": { "type": "Point", "coordinates": [ 116.36844392, 39.80378996 ] } },
{ "type": "Feature", "properties": { "station_id": 990, "name": "翠海明苑站", "capacity": 30 }, "geometry": { "type": "Point", "coordinates": [ 116.35362776, 39.80760879 ] } },
{ "type": "Feature", "properties": { "station_id": 991, "name": "顶秀金颐站", "capacity": 30 }, "geometry": { "type": "Point", "coordinates": [ 116.42576772, 39.84009516 ] } },
{ "type": "Feature", "properties": { "station_id": 992, "name": "首科大厦站", "capacity": 30 }, "geometry": { "type": "Point", "coordinates": [ 116.30895498, 39.8762285 ] } },
{ "type": "Feature", "properties": { "station_id": 993, "name": "晓月一里站", "capacity": 25 }, "geometry": { "type": "Point", "coordinates": [ 116.23377258, 39.8421506 ] } },
{ "type": "Feature", "properties": { "station_id": 994, "name": "地铁大葆台站", "capacity": 25 }, "geometry": { "type": "Point", "coordinates": [ 116.28563241, 39.80656976 ] } },
{ "type": "Feature", "properties": { "station_id": 995, "name": "晓月中路站", "capacity": 20 }, "geometry": { "type": "Point", "coordinates": [ 116.23089392, 39.84141321 ] } },
{ "type": "Feature", "properties": { "station_id": 996, "name": "南宫北站", "capacity": 20 }, "geometry": { "type": "Point", "coordinates": [ 116.11650635, 39.83753546 ] } },
{ "type": "Feature", "properties": { "station_id": 997, "name": "清水绿洲嘉园站", "capacity": 30 }, "geometry": { "type": "Point", "coordinates": [ 116.16295685, 39.80100773 ] } },
{ "type": "Feature", "properties": { "station_id": 998, "name": "王佐法院站", "capacity": 30 }, "geometry": { "type": "Point", "coordinates": [ 116.40128192, 39.90262654 ] } },
{ "type": "Feature", "properties": { "station_id": 999, "name": "南宫温泉度假酒店站", "capacity": 20 }, "geometry": { "type": "Point", "coordinates": [ 116.14725766, 39.80331743 ] } },
{ "type": "Feature", "properties": { "station_id": 1000, "name": "康泉路站", "capacity": 35 }, "geometry": { "type": "Point", "coordinates": [ 116.1391272, 39.7986007 ] } },
{ "type": "Feature", "properties": { "station_id": 1001, "name": "民大附中站", "capacity": 30 }, "geometry": { "type": "Point", "coordinates": [ 116.13303087, 39.80669316 ] } },
{ "type": "Feature", "properties": { "station_id": 1002, "name": "王佐镇政府站", "capacity": 25 }, "geometry": { "type": "Point", "coordinates": [ 116.14993553, 39.80027443 ] } },
{ "type": "Feature", "properties": { "station_id": 1003, "name": "大红门西路东口站", "capacity": 30 }, "geometry": { "type": "Point", "coordinates": [ 116.39451319, 39.845214 ] } },
{ "type": "Feature", "properties": { "station_id": 1004, "name": "光彩路首航超市站", "capacity": 30 }, "geometry": { "type": "Point", "coordinates": [ 116.40818305, 39.8399569 ] } },
{ "type": "Feature", "properties": { "station_id": 1005, "name": "怡和世家站", "capacity": 30 }, "geometry": { "type": "Point", "coordinates": [ 116.41709606, 39.83520296 ] } },
{ "type": "Feature", "properties": { "station_id": 1006, "name": "大红门路站", "capacity": 30 }, "geometry": { "type": "Point", "coordinates": [ 116.40093913, 39.8375931 ] } },
{ "type": "Feature", "properties": { "station_id": 1007, "name": "地铁石榴庄D口站", "capacity": 40 }, "geometry": { "type": "Point", "coordinates": [ 116.40786943, 39.8445074 ] } },
{ "type": "Feature", "properties": { "station_id": 1008, "name": "石榴园北里南站", "capacity": 30 }, "geometry": { "type": "Point", "coordinates": [ 116.41309251, 39.84458699 ] } },
{ "type": "Feature", "properties": { "station_id": 1009, "name": "丽泽雅园站", "capacity": 15 }, "geometry": { "type": "Point", "coordinates": [ 116.31556336, 39.8696284 ] } },
{ "type": "Feature", "properties": { "station_id": 1010, "name": "石榴中心站", "capacity": 30 }, "geometry": { "type": "Point", "coordinates": [ 116.41596502, 39.83922237 ] } },
{ "type": "Feature", "properties": { "station_id": 1011, "name": "马家堡永辉超市站", "capacity": 30 }, "geometry": { "type": "Point", "coordinates": [ 116.27923813, 39.88989778 ] } },
{ "type": "Feature", "properties": { "station_id": 1012, "name": "大红门桥北站", "capacity": 30 }, "geometry": { "type": "Point", "coordinates": [ 116.38130471, 39.83959622 ] } },
{ "type": "Feature", "properties": { "station_id": 1013, "name": "地铁大红门站", "capacity": 30 }, "geometry": { "type": "Point", "coordinates": [ 116.39883976, 39.84310085 ] } },
{ "type": "Feature", "properties": { "station_id": 1014, "name": "东高地小区站", "capacity": 30 }, "geometry": { "type": "Point", "coordinates": [ 116.41515184, 39.80676848 ] } },
{ "type": "Feature", "properties": { "station_id": 1015, "name": "航天总医院站", "capacity": 20 }, "geometry": { "type": "Point", "coordinates": [ 116.41349495, 39.80283068 ] } },
{ "type": "Feature", "properties": { "station_id": 1016, "name": "东高地快速公交站", "capacity": 30 }, "geometry": { "type": "Point", "coordinates": [ 116.41403218, 39.78226398 ] } },
{ "type": "Feature", "properties": { "station_id": 1017, "name": "光彩路北口站", "capacity": 35 }, "geometry": { "type": "Point", "coordinates": [ 116.55157511, 39.95100751 ] } },
{ "type": "Feature", "properties": { "station_id": 1018, "name": "海户路站", "capacity": 40 }, "geometry": { "type": "Point", "coordinates": [ 116.38797508, 39.85309995 ] } },
{ "type": "Feature", "properties": { "station_id": 1019, "name": "光彩北路站", "capacity": 40 }, "geometry": { "type": "Point", "coordinates": [ 116.40357831, 39.85076133 ] } },
{ "type": "Feature", "properties": { "station_id": 1020, "name": "太平桥中里东门站", "capacity": 30 }, "geometry": { "type": "Point", "coordinates": [ 116.31282864, 39.88508616 ] } },
{ "type": "Feature", "properties": { "station_id": 1021, "name": "太平桥东里西门站", "capacity": 30 }, "geometry": { "type": "Point", "coordinates": [ 116.31575176, 39.88479833 ] } },
{ "type": "Feature", "properties": { "station_id": 1022, "name": "鹏润家园站", "capacity": 40 }, "geometry": { "type": "Point", "coordinates": [ 116.34116325, 39.86895072 ] } },
{ "type": "Feature", "properties": { "station_id": 1023, "name": "槐房西路站", "capacity": 30 }, "geometry": { "type": "Point", "coordinates": [ 116.36205964, 39.80369848 ] } },
{ "type": "Feature", "properties": { "station_id": 1024, "name": "世界公园站", "capacity": 30 }, "geometry": { "type": "Point", "coordinates": [ 116.28532725, 39.81037316 ] } },
{ "type": "Feature", "properties": { "station_id": 1025, "name": "华源一里东门站", "capacity": 30 }, "geometry": { "type": "Point", "coordinates": [ 116.31137546, 39.87879114 ] } },
{ "type": "Feature", "properties": { "station_id": 1026, "name": "公交抗战雕塑园南站", "capacity": 30 }, "geometry": { "type": "Point", "coordinates": [ 116.22668512, 39.84674355 ] } },
{ "type": "Feature", "properties": { "station_id": 1027, "name": "北京南站南站", "capacity": 40 }, "geometry": { "type": "Point", "coordinates": [ 116.45356448, 39.86516201 ] } },
{ "type": "Feature", "properties": { "station_id": 1028, "name": "北京南站北站", "capacity": 30 }, "geometry": { "type": "Point", "coordinates": [ 116.45356448, 39.86516201 ] } },
{ "type": "Feature", "properties": { "station_id": 1029, "name": "天伦北里站", "capacity": 35 }, "geometry": { "type": "Point", "coordinates": [ 116.34224396, 39.8717868 ] } },
{ "type": "Feature", "properties": { "station_id": 1030, "name": "安乐林路东口站", "capacity": 25 }, "geometry": { "type": "Point", "coordinates": [ 116.41392255, 39.86374776 ] } },
{ "type": "Feature", "properties": { "station_id": 1031, "name": "政达路站", "capacity": 29 }, "geometry": { "type": "Point", "coordinates": [ 116.2178313, 39.90427087 ] } },
{ "type": "Feature", "properties": { "station_id": 1032, "name": "地铁八宝山B口站", "capacity": 49 }, "geometry": { "type": "Point", "coordinates": [ 116.2357108, 39.9123877 ] } },
{ "type": "Feature", "properties": { "station_id": 1033, "name": "地铁八角游乐园A口站", "capacity": 20 }, "geometry": { "type": "Point", "coordinates": [ 116.20661123, 39.90620015 ] } },
{ "type": "Feature", "properties": { "station_id": 1034, "name": "地铁古城B口站", "capacity": 50 }, "geometry": { "type": "Point", "coordinates": [ 116.18232982, 39.910084 ] } },
{ "type": "Feature", "properties": { "station_id": 1035, "name": "古城公园站", "capacity": 25 }, "geometry": { "type": "Point", "coordinates": [ 116.18723322, 39.90934864 ] } },
{ "type": "Feature", "properties": { "station_id": 1036, "name": "八角南路站", "capacity": 30 }, "geometry": { "type": "Point", "coordinates": [ 116.18932911, 39.9085778 ] } },
{ "type": "Feature", "properties": { "station_id": 1037, "name": "八角南路东口站", "capacity": 30 }, "geometry": { "type": "Point", "coordinates": [ 116.19314552, 39.90954908 ] } },
{ "type": "Feature", "properties": { "station_id": 1038, "name": "八角北路社区站", "capacity": 29 }, "geometry": { "type": "Point", "coordinates": [ 116.19056751, 39.91397741 ] } },
{ "type": "Feature", "properties": { "station_id": 1039, "name": "八角北路站", "capacity": 30 }, "geometry": { "type": "Point", "coordinates": [ 116.190047, 39.91723417 ] } },
{ "type": "Feature", "properties": { "station_id": 1040, "name": "八角路东口站", "capacity": 30 }, "geometry": { "type": "Point", "coordinates": [ 116.19269391, 39.91251607 ] } },
{ "type": "Feature", "properties": { "station_id": 1041, "name": "融景城站", "capacity": 40 }, "geometry": { "type": "Point", "coordinates": [ 116.19986895, 39.89735658 ] } },
{ "type": "Feature", "properties": { "station_id": 1042, "name": "古城街道办站", "capacity": 28 }, "geometry": { "type": "Point", "coordinates": [ 116.71269585, 39.91147299 ] } },
{ "type": "Feature", "properties": { "station_id": 1043, "name": "古城北路西口站", "capacity": 34 }, "geometry": { "type": "Point", "coordinates": [ 116.18552651, 39.91676119 ] } },
{ "type": "Feature", "properties": { "station_id": 1044, "name": "七星园站", "capacity": 25 }, "geometry": { "type": "Point", "coordinates": [ 116.20862268, 39.89828749 ] } },
{ "type": "Feature", "properties": { "station_id": 1045, "name": "大中电器站", "capacity": 30 }, "geometry": { "type": "Point", "coordinates": [ 116.22963389, 39.90263913 ] } },
{ "type": "Feature", "properties": { "station_id": 1046, "name": "CRD银座站", "capacity": 29 }, "geometry": { "type": "Point", "coordinates": [ 116.22290465, 39.90262724 ] } },
{ "type": "Feature", "properties": { "station_id": 1047, "name": "八角北路11号院站", "capacity": 35 }, "geometry": { "type": "Point", "coordinates": [ 116.19741966, 39.91603656 ] } },
{ "type": "Feature", "properties": { "station_id": 1048, "name": "杨庄东街站", "capacity": 30 }, "geometry": { "type": "Point", "coordinates": [ 116.54937915, 40.15159466 ] } },
{ "type": "Feature", "properties": { "station_id": 1049, "name": "八角西街站", "capacity": 34 }, "geometry": { "type": "Point", "coordinates": [ 116.19266332, 39.91251602 ] } },
{ "type": "Feature", "properties": { "station_id": 1050, "name": "永乐小区西门站", "capacity": 30 }, "geometry": { "type": "Point", "coordinates": [ 116.22435617, 39.90194931 ] } },
{ "type": "Feature", "properties": { "station_id": 1051, "name": "信安大厦站", "capacity": 24 }, "geometry": { "type": "Point", "coordinates": [ 116.18883233, 39.90547195 ] } },
{ "type": "Feature", "properties": { "station_id": 1052, "name": "老山东小街站", "capacity": 25 }, "geometry": { "type": "Point", "coordinates": [ 116.22084896, 39.90737853 ] } },
{ "type": "Feature", "properties": { "station_id": 1053, "name": "远洋学校站", "capacity": 30 }, "geometry": { "type": "Point", "coordinates": [ 116.23139855, 39.89784512 ] } },
{ "type": "Feature", "properties": { "station_id": 1054, "name": "新岚大厦居委会站", "capacity": 24 }, "geometry": { "type": "Point", "coordinates": [ 116.21146589, 39.90003785 ] } },
{ "type": "Feature", "properties": { "station_id": 1055, "name": "鲁谷街道服务中心站", "capacity": 29 }, "geometry": { "type": "Point", "coordinates": [ 116.21760287, 39.8977707 ] } },
{ "type": "Feature", "properties": { "station_id": 1056, "name": "依翠园站", "capacity": 29 }, "geometry": { "type": "Point", "coordinates": [ 116.21384305, 39.89803018 ] } },
{ "type": "Feature", "properties": { "station_id": 1057, "name": "鲁谷74号院站", "capacity": 30 }, "geometry": { "type": "Point", "coordinates": [ 116.23693352, 39.90264571 ] } },
{ "type": "Feature", "properties": { "station_id": 1058, "name": "半月科普园站", "capacity": 25 }, "geometry": { "type": "Point", "coordinates": [ 116.21533305, 39.89990464 ] } },
{ "type": "Feature", "properties": { "station_id": 1059, "name": "玉泉西里站", "capacity": 30 }, "geometry": { "type": "Point", "coordinates": [ 116.23355936, 39.89904758 ] } },
{ "type": "Feature", "properties": { "station_id": 1060, "name": "地铁八角游乐园B口站", "capacity": 50 }, "geometry": { "type": "Point", "coordinates": [ 116.20661123, 39.90620015 ] } },
{ "type": "Feature", "properties": { "station_id": 1061, "name": "永乐小区东门站", "capacity": 20 }, "geometry": { "type": "Point", "coordinates": [ 116.22435617, 39.90194931 ] } },
{ "type": "Feature", "properties": { "station_id": 1062, "name": "光大银行站", "capacity": 22 }, "geometry": { "type": "Point", "coordinates": [ 116.21781621, 39.90266875 ] } },
{ "type": "Feature", "properties": { "station_id": 1063, "name": "高井路东口站", "capacity": 30 }, "geometry": { "type": "Point", "coordinates": [ 116.13183678, 39.93589596 ] } },
{ "type": "Feature", "properties": { "station_id": 1064, "name": "六千寺小区站", "capacity": 25 }, "geometry": { "type": "Point", "coordinates": [ 116.1308045, 39.93566181 ] } },
{ "type": "Feature", "properties": { "station_id": 1065, "name": "高井路西口站", "capacity": 30 }, "geometry": { "type": "Point", "coordinates": [ 116.13183678, 39.93589596 ] } },
{ "type": "Feature", "properties": { "station_id": 1066, "name": "第二小学站", "capacity": 25 }, "geometry": { "type": "Point", "coordinates": [ 116.15516, 39.92718794 ] } },
{ "type": "Feature", "properties": { "station_id": 1067, "name": "模式口南里南门站", "capacity": 39 }, "geometry": { "type": "Point", "coordinates": [ 116.15314773, 39.92849649 ] } },
{ "type": "Feature", "properties": { "station_id": 1068, "name": "八大处公园", "capacity": 30 }, "geometry": { "type": "Point", "coordinates": [ 116.1766164, 39.9609445 ] } },
{ "type": "Feature", "properties": { "station_id": 1069, "name": "金顶五区北门站", "capacity": 30 }, "geometry": { "type": "Point", "coordinates": [ 116.15947541, 39.92430828 ] } },
{ "type": "Feature", "properties": { "station_id": 1070, "name": "金顶街三区北门站", "capacity": 25 }, "geometry": { "type": "Point", "coordinates": [ 116.16503767, 39.9243339 ] } },
{ "type": "Feature", "properties": { "station_id": 1071, "name": "首钢电信南门站", "capacity": 25 }, "geometry": { "type": "Point", "coordinates": [ 116.16733289, 39.92496759 ] } },
{ "type": "Feature", "properties": { "station_id": 1072, "name": "地铁苹果园站", "capacity": 35 }, "geometry": { "type": "Point", "coordinates": [ 116.16554297, 39.92167229 ] } },
{ "type": "Feature", "properties": { "station_id": 1073, "name": "苹果园路东口站", "capacity": 24 }, "geometry": { "type": "Point", "coordinates": [ 116.17573322, 39.92699342 ] } },
{ "type": "Feature", "properties": { "station_id": 1074, "name": "海特花园西门站", "capacity": 30 }, "geometry": { "type": "Point", "coordinates": [ 116.18266369, 39.93175117 ] } },
{ "type": "Feature", "properties": { "station_id": 1075, "name": "实兴西街站", "capacity": 30 }, "geometry": { "type": "Point", "coordinates": [ 116.17982521, 39.93448879 ] } },
{ "type": "Feature", "properties": { "station_id": 1076, "name": "京汉旭城家园站", "capacity": 30 }, "geometry": { "type": "Point", "coordinates": [ 116.2217069, 39.88921827 ] } },
{ "type": "Feature", "properties": { "station_id": 1077, "name": "双园路天山南门站", "capacity": 25 }, "geometry": { "type": "Point", "coordinates": [ 116.18348166, 39.93611263 ] } },
{ "type": "Feature", "properties": { "station_id": 1078, "name": "中园路天山北门站", "capacity": 25 }, "geometry": { "type": "Point", "coordinates": [ 116.18348166, 39.93611263 ] } },
{ "type": "Feature", "properties": { "station_id": 1079, "name": "石景山烟草局站", "capacity": 20 }, "geometry": { "type": "Point", "coordinates": [ 116.16646982, 39.91312183 ] } },
{ "type": "Feature", "properties": { "station_id": 1080, "name": "石景山科技园站", "capacity": 30 }, "geometry": { "type": "Point", "coordinates": [ 116.18514935, 39.93543273 ] } },
{ "type": "Feature", "properties": { "station_id": 1081, "name": "海特花园北门站", "capacity": 30 }, "geometry": { "type": "Point", "coordinates": [ 116.18266369, 39.93175117 ] } },
{ "type": "Feature", "properties": { "station_id": 1082, "name": "杨庄东街北口站", "capacity": 20 }, "geometry": { "type": "Point", "coordinates": [ 116.19137632, 39.92927122 ] } },
{ "type": "Feature", "properties": { "station_id": 1083, "name": "宏开花园站", "capacity": 25 }, "geometry": { "type": "Point", "coordinates": [ 116.17990954, 39.93310045 ] } },
{ "type": "Feature", "properties": { "station_id": 1084, "name": "金顶街二区站", "capacity": 45 }, "geometry": { "type": "Point", "coordinates": [ 116.16231357, 39.92699137 ] } },
{ "type": "Feature", "properties": { "station_id": 1085, "name": "杨庄大街北口站", "capacity": 35 }, "geometry": { "type": "Point", "coordinates": [ 116.18056101, 39.92343937 ] } },
{ "type": "Feature", "properties": { "station_id": 1086, "name": "石景山当代商城南门站", "capacity": 30 }, "geometry": { "type": "Point", "coordinates": [ 116.30688583, 39.98537001 ] } },
{ "type": "Feature", "properties": { "station_id": 1087, "name": "奈伦熙府东门站", "capacity": 20 }, "geometry": { "type": "Point", "coordinates": [ 116.19331958, 39.92424677 ] } },
{ "type": "Feature", "properties": { "station_id": 1088, "name": "首钢园区站", "capacity": 30 }, "geometry": { "type": "Point", "coordinates": [ 116.21909185, 39.90585122 ] } },
{ "type": "Feature", "properties": { "station_id": 1089, "name": "曦景长安站", "capacity": 20 }, "geometry": { "type": "Point", "coordinates": [ 116.1795609, 39.90706177 ] } },
{ "type": "Feature", "properties": { "station_id": 1090, "name": "古城南里1号楼站", "capacity": 25 }, "geometry": { "type": "Point", "coordinates": [ 116.18080828, 39.90379113 ] } },
{ "type": "Feature", "properties": { "station_id": 1091, "name": "地铁八宝山D口站", "capacity": 30 }, "geometry": { "type": "Point", "coordinates": [ 116.23063383, 39.90646179 ] } },
{ "type": "Feature", "properties": { "station_id": 1092, "name": "石景山区汽车检测厂站", "capacity": 25 }, "geometry": { "type": "Point", "coordinates": [ 116.20851512, 39.90262066 ] } },
{ "type": "Feature", "properties": { "station_id": 1093, "name": "燕保.京原家园站", "capacity": 30 }, "geometry": { "type": "Point", "coordinates": [ 116.20112304, 39.8966069 ] } },
{ "type": "Feature", "properties": { "station_id": 1094, "name": "融景城西站", "capacity": 30 }, "geometry": { "type": "Point", "coordinates": [ 116.19768232, 39.89477476 ] } },
{ "type": "Feature", "properties": { "station_id": 1095, "name": "重聚园北门站", "capacity": 25 }, "geometry": { "type": "Point", "coordinates": [ 116.22084307, 39.89330292 ] } },
{ "type": "Feature", "properties": { "station_id": 1096, "name": "茂华大厦站", "capacity": 30 }, "geometry": { "type": "Point", "coordinates": [ 116.19982047, 39.91821056 ] } },
{ "type": "Feature", "properties": { "station_id": 1097, "name": "地铁玉泉路站", "capacity": 40 }, "geometry": { "type": "Point", "coordinates": [ 116.2468322, 39.90620904 ] } },
{ "type": "Feature", "properties": { "station_id": 1098, "name": "中科院研究生院站", "capacity": 25 }, "geometry": { "type": "Point", "coordinates": [ 116.24197024, 39.91252991 ] } },
{ "type": "Feature", "properties": { "station_id": 1099, "name": "玉泉路小学站", "capacity": 20 }, "geometry": { "type": "Point", "coordinates": [ 116.23929903, 39.91037442 ] } },
{ "type": "Feature", "properties": { "station_id": 1100, "name": "体育场南街南口站", "capacity": 35 }, "geometry": { "type": "Point", "coordinates": [ 116.19678706, 39.89916775 ] } },
{ "type": "Feature", "properties": { "station_id": 1101, "name": "西山枫林四区站", "capacity": 25 }, "geometry": { "type": "Point", "coordinates": [ 116.19342387, 39.9464247 ] } },
{ "type": "Feature", "properties": { "station_id": 1102, "name": "八大处后勤部1站", "capacity": 30 }, "geometry": { "type": "Point", "coordinates": [ 116.18894956, 39.94650517 ] } },
{ "type": "Feature", "properties": { "station_id": 1103, "name": "八大处后勤部2站", "capacity": 20 }, "geometry": { "type": "Point", "coordinates": [ 116.40619773, 40.02179053 ] } },
{ "type": "Feature", "properties": { "station_id": 1104, "name": "聚兴园小区东门站", "capacity": 30 }, "geometry": { "type": "Point", "coordinates": [ 116.21803932, 39.8905464 ] } },
{ "type": "Feature", "properties": { "station_id": 1105, "name": "重聚园东门站", "capacity": 29 }, "geometry": { "type": "Point", "coordinates": [ 116.2231044, 39.89355645 ] } },
{ "type": "Feature", "properties": { "station_id": 1106, "name": "五芳园站", "capacity": 35 }, "geometry": { "type": "Point", "coordinates": [ 116.22088846, 39.89692294 ] } },
{ "type": "Feature", "properties": { "station_id": 1107, "name": "老山街道站", "capacity": 10 }, "geometry": { "type": "Point", "coordinates": [ 116.21631772, 39.90897276 ] } },
{ "type": "Feature", "properties": { "station_id": 1108, "name": "公交八厂宿舍站", "capacity": 30 }, "geometry": { "type": "Point", "coordinates": [ 116.22643377, 39.90252669 ] } },
{ "type": "Feature", "properties": { "station_id": 1109, "name": "石景山卫生局站", "capacity": 30 }, "geometry": { "type": "Point", "coordinates": [ 116.20226157, 39.90234935 ] } },
{ "type": "Feature", "properties": { "station_id": 1110, "name": "首钢西小门站", "capacity": 30 }, "geometry": { "type": "Point", "coordinates": [ 116.10701942, 39.93497724 ] } },
{ "type": "Feature", "properties": { "station_id": 1111, "name": "八角南里北门站", "capacity": 20 }, "geometry": { "type": "Point", "coordinates": [ 116.19588352, 39.90849672 ] } },
{ "type": "Feature", "properties": { "station_id": 1112, "name": "信达路站", "capacity": 30 }, "geometry": { "type": "Point", "coordinates": [ 116.21692949, 39.90538387 ] } },
{ "type": "Feature", "properties": { "station_id": 1113, "name": "石景山规划分局站", "capacity": 20 }, "geometry": { "type": "Point", "coordinates": [ 116.19488154, 39.90975397 ] } },
{ "type": "Feature", "properties": { "station_id": 1114, "name": "八角街道站", "capacity": 20 }, "geometry": { "type": "Point", "coordinates": [ 116.19007795, 39.91441528 ] } },
{ "type": "Feature", "properties": { "station_id": 1115, "name": "古城西路东口站", "capacity": 35 }, "geometry": { "type": "Point", "coordinates": [ 116.17842024, 39.91327741 ] } },
{ "type": "Feature", "properties": { "station_id": 1116, "name": "古城现代嘉园站", "capacity": 30 }, "geometry": { "type": "Point", "coordinates": [ 116.17402901, 39.912064 ] } },
{ "type": "Feature", "properties": { "station_id": 1117, "name": "古城基地站", "capacity": 30 }, "geometry": { "type": "Point", "coordinates": [ 116.16825297, 39.90942125 ] } },
{ "type": "Feature", "properties": { "station_id": 1118, "name": "首钢特钢公司站", "capacity": 25 }, "geometry": { "type": "Point", "coordinates": [ 116.18027195, 39.91032829 ] } },
{ "type": "Feature", "properties": { "station_id": 1119, "name": "石槽中路南口站", "capacity": 30 }, "geometry": { "type": "Point", "coordinates": [ 116.24380376, 39.89764565 ] } },
{ "type": "Feature", "properties": { "station_id": 1120, "name": "首钢医院站", "capacity": 25 }, "geometry": { "type": "Point", "coordinates": [ 116.19736467, 39.92768609 ] } },
{ "type": "Feature", "properties": { "station_id": 1121, "name": "八大处路南口站", "capacity": 25 }, "geometry": { "type": "Point", "coordinates": [ 116.15867177, 39.92662985 ] } },
{ "type": "Feature", "properties": { "station_id": 1122, "name": "首钢西井居民区北门站", "capacity": 40 }, "geometry": { "type": "Point", "coordinates": [ 116.18898962, 39.93211677 ] } },
{ "type": "Feature", "properties": { "station_id": 1123, "name": "金顶街街道办事处站", "capacity": 35 }, "geometry": { "type": "Point", "coordinates": [ 116.16297182, 39.92494037 ] } },
{ "type": "Feature", "properties": { "station_id": 1124, "name": "高井村站", "capacity": 35 }, "geometry": { "type": "Point", "coordinates": [ 116.10760451, 39.95922287 ] } },
{ "type": "Feature", "properties": { "station_id": 1125, "name": "公交黑石头站", "capacity": 30 }, "geometry": { "type": "Point", "coordinates": [ 115.53890784, 39.63588824 ] } },
{ "type": "Feature", "properties": { "station_id": 1126, "name": "五里坨街道办事处站", "capacity": 30 }, "geometry": { "type": "Point", "coordinates": [ 116.11985421, 39.95509471 ] } },
{ "type": "Feature", "properties": { "station_id": 1127, "name": "北方工业大学站", "capacity": 30 }, "geometry": { "type": "Point", "coordinates": [ 116.2007217, 39.92647033 ] } },
{ "type": "Feature", "properties": { "station_id": 1128, "name": "古城地铁站A口", "capacity": 25 }, "geometry": { "type": "Point", "coordinates": [ 116.18421213, 39.90617739 ] } },
{ "type": "Feature", "properties": { "station_id": 1129, "name": "八大处后勤部3站", "capacity": 35 }, "geometry": { "type": "Point", "coordinates": [ 116.18894956, 39.94650517 ] } },
{ "type": "Feature", "properties": { "station_id": 1130, "name": "田村路站", "capacity": 20 }, "geometry": { "type": "Point", "coordinates": [ 116.19800656, 39.93132231 ] } },
{ "type": "Feature", "properties": { "station_id": 1131, "name": "喜隆多站", "capacity": 35 }, "geometry": { "type": "Point", "coordinates": [ 116.16555061, 39.92171427 ] } },
{ "type": "Feature", "properties": { "station_id": 1132, "name": "朝阳医院西院站", "capacity": 40 }, "geometry": { "type": "Point", "coordinates": [ 116.44608157, 39.92433912 ] } },
{ "type": "Feature", "properties": { "station_id": 1133, "name": "苹果园一区13号楼站", "capacity": 40 }, "geometry": { "type": "Point", "coordinates": [ 116.18316142, 39.92777348 ] } },
{ "type": "Feature", "properties": { "station_id": 1134, "name": "金隅科技大厦站", "capacity": 30 }, "geometry": { "type": "Point", "coordinates": [ 116.1621832, 39.9294248 ] } },
{ "type": "Feature", "properties": { "station_id": 1135, "name": "八角东街站", "capacity": 45 }, "geometry": { "type": "Point", "coordinates": [ 116.1973142, 39.90324627 ] } },
{ "type": "Feature", "properties": { "station_id": 1136, "name": "苹果园三区站", "capacity": 30 }, "geometry": { "type": "Point", "coordinates": [ 116.17573305, 39.9283247 ] } },
{ "type": "Feature", "properties": { "station_id": 1137, "name": "实兴大街南口站", "capacity": 30 }, "geometry": { "type": "Point", "coordinates": [ 116.18684073, 39.92833675 ] } },
{ "type": "Feature", "properties": { "station_id": 1138, "name": "炮厂小区站", "capacity": 30 }, "geometry": { "type": "Point", "coordinates": [ 116.41047506, 40.06869198 ] } },
{ "type": "Feature", "properties": { "station_id": 1139, "name": "燕保大厦站", "capacity": 30 }, "geometry": { "type": "Point", "coordinates": [ 116.24639047, 39.89947645 ] } },
{ "type": "Feature", "properties": { "station_id": 1140, "name": "鲁谷路东口站", "capacity": 28 }, "geometry": { "type": "Point", "coordinates": [ 116.23561259, 39.90401859 ] } },
{ "type": "Feature", "properties": { "station_id": 1141, "name": "玉泉花鸟鱼站", "capacity": 30 }, "geometry": { "type": "Point", "coordinates": [ 116.24042969, 39.9026387 ] } },
{ "type": "Feature", "properties": { "station_id": 1142, "name": "石槽中街北口站", "capacity": 30 }, "geometry": { "type": "Point", "coordinates": [ 116.23439907, 39.90051266 ] } },
{ "type": "Feature", "properties": { "station_id": 1143, "name": "玉鲁商厦站", "capacity": 25 }, "geometry": { "type": "Point", "coordinates": [ 116.23733121, 39.89690494 ] } },
{ "type": "Feature", "properties": { "station_id": 1144, "name": "公交吴庄站", "capacity": 30 }, "geometry": { "type": "Point", "coordinates": [ 116.2240443, 39.89127224 ] } },
{ "type": "Feature", "properties": { "station_id": 1145, "name": "玉泉西里二区站", "capacity": 25 }, "geometry": { "type": "Point", "coordinates": [ 116.23414689, 39.90222911 ] } },
{ "type": "Feature", "properties": { "station_id": 1146, "name": "台湾街站", "capacity": 35 }, "geometry": { "type": "Point", "coordinates": [ 116.22963389, 39.90263913 ] } },
{ "type": "Feature", "properties": { "station_id": 1147, "name": "老山城市公园站", "capacity": 40 }, "geometry": { "type": "Point", "coordinates": [ 116.21786877, 39.91016436 ] } },
{ "type": "Feature", "properties": { "station_id": 1148, "name": "隆恩寺路站", "capacity": 35 }, "geometry": { "type": "Point", "coordinates": [ 116.11883736, 39.95735565 ] } },
{ "type": "Feature", "properties": { "station_id": 1149, "name": "燕堤南路东口站", "capacity": 30 }, "geometry": { "type": "Point", "coordinates": [ 116.16901247, 39.89306596 ] } },
{ "type": "Feature", "properties": { "station_id": 1150, "name": "翠谷玉景苑站", "capacity": 40 }, "geometry": { "type": "Point", "coordinates": [ 116.23837465, 39.91627535 ] } },
{ "type": "Feature", "properties": { "station_id": 1151, "name": "首钢园区篮球场站", "capacity": 20 }, "geometry": { "type": "Point", "coordinates": [ 116.40128192, 39.90262654 ] } },
{ "type": "Feature", "properties": { "station_id": 1152, "name": "首钢红楼站", "capacity": 20 }, "geometry": { "type": "Point", "coordinates": [ 116.27003223, 40.07679289 ] } },
{ "type": "Feature", "properties": { "station_id": 1153, "name": "石景山火车站", "capacity": 25 }, "geometry": { "type": "Point", "coordinates": [ 116.26820897, 39.90614819 ] } },
{ "type": "Feature", "properties": { "station_id": 1154, "name": "杨庄路西口站", "capacity": 22 }, "geometry": { "type": "Point", "coordinates": [ 116.62592712, 39.90283023 ] } },
{ "type": "Feature", "properties": { "station_id": 1155, "name": "天翠阳光新城站", "capacity": 30 }, "geometry": { "type": "Point", "coordinates": [ 116.54420078, 39.97407163 ] } },
{ "type": "Feature", "properties": { "station_id": 1156, "name": "点石商务公园站", "capacity": 20 }, "geometry": { "type": "Point", "coordinates": [ 116.19146727, 39.93590105 ] } },
{ "type": "Feature", "properties": { "station_id": 1157, "name": "西山汇站", "capacity": 35 }, "geometry": { "type": "Point", "coordinates": [ 116.18550856, 39.93786702 ] } },
{ "type": "Feature", "properties": { "station_id": 1158, "name": "石景山创新平台站", "capacity": 20 }, "geometry": { "type": "Point", "coordinates": [ 116.18683977, 39.93597729 ] } },
{ "type": "Feature", "properties": { "station_id": 1159, "name": "八大处后勤部4站", "capacity": 20 }, "geometry": { "type": "Point", "coordinates": [ 116.12696476, 39.94651282 ] } },
{ "type": "Feature", "properties": { "station_id": 1160, "name": "北师大京西分校", "capacity": 40 }, "geometry": { "type": "Point", "coordinates": [ 116.34298679, 39.95784132 ] } },
{ "type": "Feature", "properties": { "station_id": 1161, "name": "黑石头路99号院站", "capacity": 30 }, "geometry": { "type": "Point", "coordinates": [ 116.13195686, 39.95370625 ] } },
{ "type": "Feature", "properties": { "station_id": 1162, "name": "公交雷达站", "capacity": 35 }, "geometry": { "type": "Point", "coordinates": [ 116.13388381, 39.95473136 ] } },
{ "type": "Feature", "properties": { "station_id": 1163, "name": "松竹花园站", "capacity": 30 }, "geometry": { "type": "Point", "coordinates": [ 115.53890784, 39.63588824 ] } },
{ "type": "Feature", "properties": { "station_id": 1164, "name": "燕堤南路西口站", "capacity": 30 }, "geometry": { "type": "Point", "coordinates": [ 116.16410817, 39.89322845 ] } },
{ "type": "Feature", "properties": { "station_id": 1165, "name": "石景山南宫站", "capacity": 35 }, "geometry": { "type": "Point", "coordinates": [ 116.1175606, 39.96035639 ] } },
{ "type": "Feature", "properties": { "station_id": 1166, "name": "石景山教委站", "capacity": 20 }, "geometry": { "type": "Point", "coordinates": [ 116.19383304, 39.91584796 ] } },
{ "type": "Feature", "properties": { "station_id": 1167, "name": "石景山市政所站", "capacity": 15 }, "geometry": { "type": "Point", "coordinates": [ 116.19103398, 39.91465335 ] } },
{ "type": "Feature", "properties": { "station_id": 1168, "name": "双峪路站", "capacity": 15 }, "geometry": { "type": "Point", "coordinates": [ 116.1017952, 39.93386833 ] } },
{ "type": "Feature", "properties": { "station_id": 1169, "name": "和煦小区", "capacity": 30 }, "geometry": { "type": "Point", "coordinates": [ 116.13552728, 39.96065781 ] } },
{ "type": "Feature", "properties": { "station_id": 1170, "name": "玉泉西街南口站", "capacity": 30 }, "geometry": { "type": "Point", "coordinates": [ 116.23862764, 39.90753248 ] } },
{ "type": "Feature", "properties": { "station_id": 1171, "name": "首钢模东居民区站", "capacity": 40 }, "geometry": { "type": "Point", "coordinates": [ 116.1649066, 39.93221832 ] } },
{ "type": "Feature", "properties": { "station_id": 1172, "name": "御景山小区站", "capacity": 30 }, "geometry": { "type": "Point", "coordinates": [ 116.18664266, 39.92188984 ] } },
{ "type": "Feature", "properties": { "station_id": 1173, "name": "后厂村站", "capacity": 25 }, "geometry": { "type": "Point", "coordinates": [ 116.29516717, 40.05390302 ] } },
{ "type": "Feature", "properties": { "station_id": 1174, "name": "联想研究院站", "capacity": 30 }, "geometry": { "type": "Point", "coordinates": [ 116.30374978, 40.04144916 ] } },
{ "type": "Feature", "properties": { "station_id": 1175, "name": "中关村软件信息园站", "capacity": 25 }, "geometry": { "type": "Point", "coordinates": [ 116.28997378, 40.05131364 ] } },
{ "type": "Feature", "properties": { "station_id": 1176, "name": "中关村软件广场站", "capacity": 25 }, "geometry": { "type": "Point", "coordinates": [ 116.29187782, 40.05054777 ] } },
{ "type": "Feature", "properties": { "station_id": 1177, "name": "上地九街站", "capacity": 35 }, "geometry": { "type": "Point", "coordinates": [ 116.29355336, 40.04930539 ] } },
{ "type": "Feature", "properties": { "station_id": 1178, "name": "地铁西二旗站", "capacity": 35 }, "geometry": { "type": "Point", "coordinates": [ 116.30019293, 40.05175838 ] } },
{ "type": "Feature", "properties": { "station_id": 1179, "name": "西二旗桥站", "capacity": 25 }, "geometry": { "type": "Point", "coordinates": [ 116.29754287, 40.05445596 ] } },
{ "type": "Feature", "properties": { "station_id": 1180, "name": "上地国际创业园站", "capacity": 25 }, "geometry": { "type": "Point", "coordinates": [ 116.30030857, 40.04037575 ] } },
{ "type": "Feature", "properties": { "station_id": 1181, "name": "联想创业路站", "capacity": 40 }, "geometry": { "type": "Point", "coordinates": [ 116.30369666, 40.04005315 ] } },
{ "type": "Feature", "properties": { "station_id": 1182, "name": "致远大厦站", "capacity": 20 }, "geometry": { "type": "Point", "coordinates": [ 116.29808528, 40.04021937 ] } },
{ "type": "Feature", "properties": { "station_id": 1183, "name": "软件园南站", "capacity": 30 }, "geometry": { "type": "Point", "coordinates": [ 116.29418661, 40.03987494 ] } },
{ "type": "Feature", "properties": { "station_id": 1184, "name": "东北旺路站", "capacity": 25 }, "geometry": { "type": "Point", "coordinates": [ 116.40128192, 39.90262654 ] } },
{ "type": "Feature", "properties": { "station_id": 1185, "name": "蓝海中心站", "capacity": 20 }, "geometry": { "type": "Point", "coordinates": [ 116.28655528, 40.04101964 ] } },
{ "type": "Feature", "properties": { "station_id": 1186, "name": "东北旺南路东口站", "capacity": 30 }, "geometry": { "type": "Point", "coordinates": [ 116.28878696, 40.04093241 ] } },
{ "type": "Feature", "properties": { "station_id": 1187, "name": "海淀区党校站", "capacity": 30 }, "geometry": { "type": "Point", "coordinates": [ 116.33995269, 39.92985939 ] } },
{ "type": "Feature", "properties": { "station_id": 1188, "name": "时代集团站", "capacity": 30 }, "geometry": { "type": "Point", "coordinates": [ 116.30027848, 40.03742338 ] } },
{ "type": "Feature", "properties": { "station_id": 1189, "name": "金隅嘉华站", "capacity": 25 }, "geometry": { "type": "Point", "coordinates": [ 116.30177863, 40.03554782 ] } },
{ "type": "Feature", "properties": { "station_id": 1190, "name": "马连洼北路东口站", "capacity": 20 }, "geometry": { "type": "Point", "coordinates": [ 116.46603244, 39.87076253 ] } },
{ "type": "Feature", "properties": { "station_id": 1191, "name": "上地三街站", "capacity": 30 }, "geometry": { "type": "Point", "coordinates": [ 116.30805944, 40.0360476 ] } },
{ "type": "Feature", "properties": { "station_id": 1192, "name": "信息大厦站", "capacity": 35 }, "geometry": { "type": "Point", "coordinates": [ 116.30565393, 40.03472075 ] } },
{ "type": "Feature", "properties": { "station_id": 1193, "name": "颂芳园8号站", "capacity": 30 }, "geometry": { "type": "Point", "coordinates": [ 116.30538791, 40.03122715 ] } },
{ "type": "Feature", "properties": { "station_id": 1194, "name": "上地佳园站", "capacity": 50 }, "geometry": { "type": "Point", "coordinates": [ 116.31190439, 40.0311693 ] } },
{ "type": "Feature", "properties": { "station_id": 1195, "name": "地铁上地站", "capacity": 60 }, "geometry": { "type": "Point", "coordinates": [ 116.31322891, 40.0313766 ] } },
{ "type": "Feature", "properties": { "station_id": 1196, "name": "上地西路华联超市站", "capacity": 40 }, "geometry": { "type": "Point", "coordinates": [ 116.33316983, 39.99061083 ] } },
{ "type": "Feature", "properties": { "station_id": 1197, "name": "上地东里二区站", "capacity": 20 }, "geometry": { "type": "Point", "coordinates": [ 116.3095144, 40.02856084 ] } },
{ "type": "Feature", "properties": { "station_id": 1198, "name": "上地南路6号站", "capacity": 35 }, "geometry": { "type": "Point", "coordinates": [ 116.31179815, 40.0285146 ] } },
{ "type": "Feature", "properties": { "station_id": 1199, "name": "硅谷亮城东门站", "capacity": 30 }, "geometry": { "type": "Point", "coordinates": [ 116.30499989, 40.02924813 ] } },
{ "type": "Feature", "properties": { "station_id": 1200, "name": "北京体育大学站", "capacity": 25 }, "geometry": { "type": "Point", "coordinates": [ 116.31278844, 40.02312283 ] } },
{ "type": "Feature", "properties": { "station_id": 1201, "name": "博雅西园站", "capacity": 30 }, "geometry": { "type": "Point", "coordinates": [ 116.28870519, 40.02488491 ] } },
{ "type": "Feature", "properties": { "station_id": 1202, "name": "万树园小区东门站", "capacity": 20 }, "geometry": { "type": "Point", "coordinates": [ 116.28525485, 40.02435593 ] } },
{ "type": "Feature", "properties": { "station_id": 1203, "name": "万树园小区南门站", "capacity": 20 }, "geometry": { "type": "Point", "coordinates": [ 116.28525485, 40.02435593 ] } },
{ "type": "Feature", "properties": { "station_id": 1204, "name": "柳浪家园南里站", "capacity": 35 }, "geometry": { "type": "Point", "coordinates": [ 116.28971011, 40.0282249 ] } },
{ "type": "Feature", "properties": { "station_id": 1205, "name": "柳浪家园北里站", "capacity": 20 }, "geometry": { "type": "Point", "coordinates": [ 116.2909283, 40.03114874 ] } },
{ "type": "Feature", "properties": { "station_id": 1206, "name": "地铁西二旗南站", "capacity": 25 }, "geometry": { "type": "Point", "coordinates": [ 116.30019293, 40.05175838 ] } },
{ "type": "Feature", "properties": { "station_id": 1207, "name": null, "capacity": 25 }, "geometry": { "type": "Point", "coordinates": [ 116.40128192, 39.90262654 ] } },
{ "type": "Feature", "properties": { "station_id": 1208, "name": "渔儿沟站", "capacity": 30 }, "geometry": { "type": "Point", "coordinates": [ 116.13030098, 39.74631586 ] } },
{ "type": "Feature", "properties": { "station_id": 1209, "name": "鑫豪大厦站", "capacity": 30 }, "geometry": { "type": "Point", "coordinates": [ 116.13270975, 39.74590352 ] } },
{ "type": "Feature", "properties": { "station_id": 1210, "name": "政通路站", "capacity": 25 }, "geometry": { "type": "Point", "coordinates": [ 116.13690023, 39.74877815 ] } },
{ "type": "Feature", "properties": { "station_id": 1211, "name": "房山区气象局站", "capacity": 30 }, "geometry": { "type": "Point", "coordinates": [ 116.12940672, 39.74346155 ] } },
{ "type": "Feature", "properties": { "station_id": 1212, "name": "昊天假日酒店站", "capacity": 30 }, "geometry": { "type": "Point", "coordinates": [ 116.13479795, 39.74204657 ] } },
{ "type": "Feature", "properties": { "station_id": 1213, "name": "西潞园站", "capacity": 20 }, "geometry": { "type": "Point", "coordinates": [ 116.12646432, 39.73370079 ] } },
{ "type": "Feature", "properties": { "station_id": 1214, "name": "良乡社区站", "capacity": 25 }, "geometry": { "type": "Point", "coordinates": [ 116.14081739, 39.73937076 ] } },
{ "type": "Feature", "properties": { "station_id": 1215, "name": "体育场路东口站", "capacity": 30 }, "geometry": { "type": "Point", "coordinates": [ 116.14422104, 39.74069615 ] } },
{ "type": "Feature", "properties": { "station_id": 1216, "name": "拱辰大街站", "capacity": 25 }, "geometry": { "type": "Point", "coordinates": [ 116.1136236, 39.73143268 ] } },
{ "type": "Feature", "properties": { "station_id": 1217, "name": "良乡影剧院站", "capacity": 30 }, "geometry": { "type": "Point", "coordinates": [ 116.1357162, 39.73778362 ] } },
{ "type": "Feature", "properties": { "station_id": 1218, "name": "良乡质监局站", "capacity": 35 }, "geometry": { "type": "Point", "coordinates": [ 116.1356857, 39.73713133 ] } },
{ "type": "Feature", "properties": { "station_id": 1219, "name": "盛川大厦站", "capacity": 30 }, "geometry": { "type": "Point", "coordinates": [ 116.14329477, 39.74632444 ] } },
{ "type": "Feature", "properties": { "station_id": 1220, "name": "北潞园家园站", "capacity": 30 }, "geometry": { "type": "Point", "coordinates": [ 116.12184619, 39.73925636 ] } },
{ "type": "Feature", "properties": { "station_id": 1221, "name": "北潞春家园站", "capacity": 25 }, "geometry": { "type": "Point", "coordinates": [ 116.12212176, 39.73620527 ] } },
{ "type": "Feature", "properties": { "station_id": 1222, "name": "616公交总站站", "capacity": 30 }, "geometry": { "type": "Point", "coordinates": [ 116.12160993, 39.73367584 ] } },
{ "type": "Feature", "properties": { "station_id": 1223, "name": "京周路站", "capacity": 25 }, "geometry": { "type": "Point", "coordinates": [ 116.12148703, 39.73836341 ] } },
{ "type": "Feature", "properties": { "station_id": 1224, "name": "西潞北大街站", "capacity": 30 }, "geometry": { "type": "Point", "coordinates": [ 116.12923958, 39.73500131 ] } },
{ "type": "Feature", "properties": { "station_id": 1225, "name": "北关西路站", "capacity": 25 }, "geometry": { "type": "Point", "coordinates": [ 116.12982838, 39.73468553 ] } },
{ "type": "Feature", "properties": { "station_id": 1226, "name": "拱辰星园站", "capacity": 30 }, "geometry": { "type": "Point", "coordinates": [ 116.13119742, 39.73214334 ] } },
{ "type": "Feature", "properties": { "station_id": 1227, "name": "良乡中路站", "capacity": 30 }, "geometry": { "type": "Point", "coordinates": [ 116.12978312, 39.72973459 ] } },
{ "type": "Feature", "properties": { "station_id": 1228, "name": "昊天广场站", "capacity": 35 }, "geometry": { "type": "Point", "coordinates": [ 116.13533449, 39.73245454 ] } },
{ "type": "Feature", "properties": { "station_id": 1229, "name": "昊天万福站", "capacity": 25 }, "geometry": { "type": "Point", "coordinates": [ 116.13909005, 39.72952723 ] } },
{ "type": "Feature", "properties": { "station_id": 1230, "name": "罗府家园站", "capacity": 30 }, "geometry": { "type": "Point", "coordinates": [ 116.13520513, 39.72736234 ] } },
{ "type": "Feature", "properties": { "station_id": 1231, "name": "良乡中学站", "capacity": 30 }, "geometry": { "type": "Point", "coordinates": [ 116.13930462, 39.72622446 ] } },
{ "type": "Feature", "properties": { "station_id": 1232, "name": "月华小区站", "capacity": 20 }, "geometry": { "type": "Point", "coordinates": [ 116.11963827, 39.73046971 ] } },
{ "type": "Feature", "properties": { "station_id": 1233, "name": "嘉瑞通小区站", "capacity": 30 }, "geometry": { "type": "Point", "coordinates": [ 116.13547328, 39.7235676 ] } },
{ "type": "Feature", "properties": { "station_id": 1234, "name": "行宫园站", "capacity": 30 }, "geometry": { "type": "Point", "coordinates": [ 116.14121395, 39.74862864 ] } },
{ "type": "Feature", "properties": { "station_id": 1235, "name": "长虹西路站", "capacity": 30 }, "geometry": { "type": "Point", "coordinates": [ 116.1230102, 39.72280692 ] } },
{ "type": "Feature", "properties": { "station_id": 1236, "name": "房山中医院站", "capacity": 30 }, "geometry": { "type": "Point", "coordinates": [ 116.14468697, 39.74613226 ] } },
{ "type": "Feature", "properties": { "station_id": 1237, "name": "地铁苏庄站", "capacity": 35 }, "geometry": { "type": "Point", "coordinates": [ 116.11694897, 39.72244945 ] } },
{ "type": "Feature", "properties": { "station_id": 1238, "name": "苏庄华冠站", "capacity": 25 }, "geometry": { "type": "Point", "coordinates": [ 116.11732313, 39.72501678 ] } },
{ "type": "Feature", "properties": { "station_id": 1239, "name": "苏庄中路站", "capacity": 25 }, "geometry": { "type": "Point", "coordinates": [ 116.11732313, 39.72501678 ] } },
{ "type": "Feature", "properties": { "station_id": 1240, "name": "苏庄西区站", "capacity": 25 }, "geometry": { "type": "Point", "coordinates": [ 116.11115603, 39.72791775 ] } },
{ "type": "Feature", "properties": { "station_id": 1241, "name": "佳世苑站", "capacity": 30 }, "geometry": { "type": "Point", "coordinates": [ 116.11568858, 39.71786357 ] } },
{ "type": "Feature", "properties": { "station_id": 1242, "name": "首发物流站", "capacity": 30 }, "geometry": { "type": "Point", "coordinates": [ 116.110156, 39.72124212 ] } },
{ "type": "Feature", "properties": { "station_id": 1243, "name": "京良路站", "capacity": 30 }, "geometry": { "type": "Point", "coordinates": [ 116.21090178, 39.76498695 ] } },
{ "type": "Feature", "properties": { "station_id": 1244, "name": "地铁稻田站", "capacity": 40 }, "geometry": { "type": "Point", "coordinates": [ 116.21199124, 39.79340126 ] } },
{ "type": "Feature", "properties": { "station_id": 1245, "name": "西潞南大街南口站", "capacity": 30 }, "geometry": { "type": "Point", "coordinates": [ 116.12964624, 39.72379947 ] } },
{ "type": "Feature", "properties": { "station_id": 1246, "name": "瑞雪春堂东门站", "capacity": 30 }, "geometry": { "type": "Point", "coordinates": [ 116.14090443, 39.71635587 ] } },
{ "type": "Feature", "properties": { "station_id": 1247, "name": "西部回迁小区站", "capacity": 30 }, "geometry": { "type": "Point", "coordinates": [ 116.35482436, 39.98013706 ] } },
{ "type": "Feature", "properties": { "station_id": 1248, "name": "昊蓝温泉家园北门站", "capacity": 30 }, "geometry": { "type": "Point", "coordinates": [ 116.15197102, 39.73540787 ] } },
{ "type": "Feature", "properties": { "station_id": 1249, "name": "昊天嘉园南门站", "capacity": 25 }, "geometry": { "type": "Point", "coordinates": [ 116.14350424, 39.72306173 ] } },
{ "type": "Feature", "properties": { "station_id": 1250, "name": "苏庄中路东口站", "capacity": 30 }, "geometry": { "type": "Point", "coordinates": [ 116.11636783, 39.72500441 ] } },
{ "type": "Feature", "properties": { "station_id": 1251, "name": "良乡西路站", "capacity": 30 }, "geometry": { "type": "Point", "coordinates": [ 116.12489758, 39.729568 ] } },
{ "type": "Feature", "properties": { "station_id": 1252, "name": "良乡东路西口站", "capacity": 30 }, "geometry": { "type": "Point", "coordinates": [ 116.14149934, 39.7297905 ] } },
{ "type": "Feature", "properties": { "station_id": 1253, "name": "玉竹园西门站", "capacity": 30 }, "geometry": { "type": "Point", "coordinates": [ 116.15180412, 39.72418992 ] } },
{ "type": "Feature", "properties": { "station_id": 1254, "name": "地铁良乡大学城西A站", "capacity": 30 }, "geometry": { "type": "Point", "coordinates": [ 116.1503815, 39.72170433 ] } },
{ "type": "Feature", "properties": { "station_id": 1255, "name": "地铁良乡大学城西B站", "capacity": 35 }, "geometry": { "type": "Point", "coordinates": [ 116.1503815, 39.72170433 ] } },
{ "type": "Feature", "properties": { "station_id": 1256, "name": "鸿顺园东区站", "capacity": 30 }, "geometry": { "type": "Point", "coordinates": [ 116.15260791, 39.72024747 ] } },
{ "type": "Feature", "properties": { "station_id": 1257, "name": "首师大良乡校区站", "capacity": 30 }, "geometry": { "type": "Point", "coordinates": [ 116.17309021, 39.71131062 ] } },
{ "type": "Feature", "properties": { "station_id": 1258, "name": "地铁良乡大学城北站", "capacity": 30 }, "geometry": { "type": "Point", "coordinates": [ 116.17563577, 39.7280444 ] } },
{ "type": "Feature", "properties": { "station_id": 1259, "name": "理工大学北区站", "capacity": 30 }, "geometry": { "type": "Point", "coordinates": [ 116.16305731, 39.73212512 ] } },
{ "type": "Feature", "properties": { "station_id": 1260, "name": "理工大学北区南门站", "capacity": 30 }, "geometry": { "type": "Point", "coordinates": [ 116.16305731, 39.73212512 ] } },
{ "type": "Feature", "properties": { "station_id": 1261, "name": "理工大学南区北门站", "capacity": 30 }, "geometry": { "type": "Point", "coordinates": [ 116.16154323, 39.72575636 ] } },
{ "type": "Feature", "properties": { "station_id": 1262, "name": "理工大学南区站", "capacity": 30 }, "geometry": { "type": "Point", "coordinates": [ 116.16154323, 39.72575636 ] } },
{ "type": "Feature", "properties": { "station_id": 1263, "name": "梅花庄南口站", "capacity": 30 }, "geometry": { "type": "Point", "coordinates": [ 116.15765496, 39.73881672 ] } },
{ "type": "Feature", "properties": { "station_id": 1264, "name": "良乡东区十六号路站", "capacity": 30 }, "geometry": { "type": "Point", "coordinates": [ 116.166446, 39.73759345 ] } },
{ "type": "Feature", "properties": { "station_id": 1265, "name": "吴店西里站", "capacity": 20 }, "geometry": { "type": "Point", "coordinates": [ 116.14443401, 39.7503428 ] } },
{ "type": "Feature", "properties": { "station_id": 1266, "name": "黄辛庄东里东一门站", "capacity": 20 }, "geometry": { "type": "Point", "coordinates": [ 116.14288848, 39.75340307 ] } },
{ "type": "Feature", "properties": { "station_id": 1267, "name": "黄辛庄东里东二门站", "capacity": 30 }, "geometry": { "type": "Point", "coordinates": [ 116.14288848, 39.75340307 ] } },
{ "type": "Feature", "properties": { "station_id": 1268, "name": "隆曦园路站", "capacity": 20 }, "geometry": { "type": "Point", "coordinates": [ 116.13199835, 39.74776768 ] } },
{ "type": "Feature", "properties": { "station_id": 1269, "name": "翠林漫步东区站", "capacity": 20 }, "geometry": { "type": "Point", "coordinates": [ 116.14954273, 39.76065787 ] } },
{ "type": "Feature", "properties": { "station_id": 1270, "name": "兴家小区站", "capacity": 30 }, "geometry": { "type": "Point", "coordinates": [ 116.11419017, 39.72269098 ] } },
{ "type": "Feature", "properties": { "station_id": 1271, "name": "伟业嘉园东里站", "capacity": 30 }, "geometry": { "type": "Point", "coordinates": [ 116.15819163, 39.7299229 ] } },
{ "type": "Feature", "properties": { "station_id": 1272, "name": "伟业嘉园北里站", "capacity": 30 }, "geometry": { "type": "Point", "coordinates": [ 116.15291989, 39.73365503 ] } },
{ "type": "Feature", "properties": { "station_id": 1273, "name": "昊天伟业嘉园站", "capacity": 30 }, "geometry": { "type": "Point", "coordinates": [ 116.14586702, 39.73008009 ] } },
{ "type": "Feature", "properties": { "station_id": 1274, "name": "良乡西路东口站", "capacity": 30 }, "geometry": { "type": "Point", "coordinates": [ 116.12516505, 39.73039984 ] } },
{ "type": "Feature", "properties": { "station_id": 1275, "name": "良乡医院站", "capacity": 25 }, "geometry": { "type": "Point", "coordinates": [ 116.13384287, 39.73538164 ] } },
{ "type": "Feature", "properties": { "station_id": 1276, "name": "行宫西街西口站", "capacity": 30 }, "geometry": { "type": "Point", "coordinates": [ 116.13585249, 39.74862015 ] } },
{ "type": "Feature", "properties": { "station_id": 1277, "name": "经贸学院站", "capacity": 30 }, "geometry": { "type": "Point", "coordinates": [ 116.15797097, 39.72027252 ] } },
{ "type": "Feature", "properties": { "station_id": 1278, "name": "翠林漫步西区站", "capacity": 20 }, "geometry": { "type": "Point", "coordinates": [ 116.14954273, 39.76065787 ] } },
{ "type": "Feature", "properties": { "station_id": 1279, "name": "社科院研究生院站", "capacity": 30 }, "geometry": { "type": "Point", "coordinates": [ 116.17406609, 39.73856118 ] } },
{ "type": "Feature", "properties": { "station_id": 1280, "name": "隆曦园路东口站", "capacity": 30 }, "geometry": { "type": "Point", "coordinates": [ 116.135669, 39.74822319 ] } },
{ "type": "Feature", "properties": { "station_id": 1281, "name": "成教中心站", "capacity": 40 }, "geometry": { "type": "Point", "coordinates": [ 116.15243505, 39.75637194 ] } },
{ "type": "Feature", "properties": { "station_id": 1282, "name": "苏园二里北门站", "capacity": 30 }, "geometry": { "type": "Point", "coordinates": [ 116.36146758, 39.8472563 ] } },
{ "type": "Feature", "properties": { "station_id": 1283, "name": "CSD商务广场站", "capacity": 35 }, "geometry": { "type": "Point", "coordinates": [ 116.15874598, 39.76303181 ] } },
{ "type": "Feature", "properties": { "station_id": 1284, "name": "天骄俊园站", "capacity": 30 }, "geometry": { "type": "Point", "coordinates": [ 116.17027769, 39.74879166 ] } },
{ "type": "Feature", "properties": { "station_id": 1285, "name": "地铁广阳城站", "capacity": 30 }, "geometry": { "type": "Point", "coordinates": [ 116.34740499, 39.9400885 ] } },
{ "type": "Feature", "properties": { "station_id": 1286, "name": "地铁篱笆房站", "capacity": 25 }, "geometry": { "type": "Point", "coordinates": [ 115.92312802, 40.37009064 ] } },
{ "type": "Feature", "properties": { "station_id": 1287, "name": "清雅小区站", "capacity": 30 }, "geometry": { "type": "Point", "coordinates": [ 116.1749121, 39.76416422 ] } },
{ "type": "Feature", "properties": { "station_id": 1288, "name": "长阳体育公园站", "capacity": 30 }, "geometry": { "type": "Point", "coordinates": [ 116.19620793, 39.76002007 ] } },
{ "type": "Feature", "properties": { "station_id": 1289, "name": "长场路站", "capacity": 30 }, "geometry": { "type": "Point", "coordinates": [ 116.20078057, 39.76091553 ] } },
{ "type": "Feature", "properties": { "station_id": 1290, "name": "杨庄子小区站", "capacity": 25 }, "geometry": { "type": "Point", "coordinates": [ 116.21023813, 39.75431757 ] } },
{ "type": "Feature", "properties": { "station_id": 1291, "name": "管委路站", "capacity": 25 }, "geometry": { "type": "Point", "coordinates": [ 116.28966604, 39.77106346 ] } },
{ "type": "Feature", "properties": { "station_id": 1292, "name": "金光路站", "capacity": 30 }, "geometry": { "type": "Point", "coordinates": [ 116.12726888, 39.71960066 ] } },
{ "type": "Feature", "properties": { "station_id": 1293, "name": "国槐街站", "capacity": 30 }, "geometry": { "type": "Point", "coordinates": [ 116.12544142, 39.72132615 ] } },
{ "type": "Feature", "properties": { "station_id": 1294, "name": "金光北街站", "capacity": 30 }, "geometry": { "type": "Point", "coordinates": [ 116.12056439, 39.72054993 ] } },
{ "type": "Feature", "properties": { "station_id": 1295, "name": "赛木小镇站", "capacity": 30 }, "geometry": { "type": "Point", "coordinates": [ 116.20311131, 39.77101527 ] } },
{ "type": "Feature", "properties": { "station_id": 1296, "name": "馨然家园北站", "capacity": 25 }, "geometry": { "type": "Point", "coordinates": [ 116.056856, 39.68811807 ] } },
{ "type": "Feature", "properties": { "station_id": 1297, "name": "加州水郡西区站", "capacity": 30 }, "geometry": { "type": "Point", "coordinates": [ 116.15630494, 39.76660133 ] } },
{ "type": "Feature", "properties": { "station_id": 1298, "name": "松园西路站", "capacity": 20 }, "geometry": { "type": "Point", "coordinates": [ 116.15938077, 39.76480664 ] } },
{ "type": "Feature", "properties": { "station_id": 1299, "name": "加州水郡东区站", "capacity": 30 }, "geometry": { "type": "Point", "coordinates": [ 116.16623586, 39.76594846 ] } },
{ "type": "Feature", "properties": { "station_id": 1300, "name": "熙悦山熹园北门站", "capacity": 25 }, "geometry": { "type": "Point", "coordinates": [ 116.20980842, 39.76775869 ] } },
{ "type": "Feature", "properties": { "station_id": 1301, "name": "熙悦山熹园南门站", "capacity": 25 }, "geometry": { "type": "Point", "coordinates": [ 116.20980842, 39.76775869 ] } },
{ "type": "Feature", "properties": { "station_id": 1302, "name": "地铁长阳站", "capacity": 35 }, "geometry": { "type": "Point", "coordinates": [ 116.20776818, 39.76207291 ] } },
{ "type": "Feature", "properties": { "station_id": 1303, "name": "祥云街2号院站", "capacity": 25 }, "geometry": { "type": "Point", "coordinates": [ 116.19362859, 39.89952144 ] } },
{ "type": "Feature", "properties": { "station_id": 1304, "name": "军留庄小区南门站", "capacity": 25 }, "geometry": { "type": "Point", "coordinates": [ 116.19847146, 39.75989759 ] } },
{ "type": "Feature", "properties": { "station_id": 1305, "name": "新里程南站", "capacity": 30 }, "geometry": { "type": "Point", "coordinates": [ 116.18227555, 39.73249612 ] } },
{ "type": "Feature", "properties": { "station_id": 1306, "name": "新里程北站", "capacity": 30 }, "geometry": { "type": "Point", "coordinates": [ 116.18193881, 39.73370082 ] } },
{ "type": "Feature", "properties": { "station_id": 1307, "name": "靠山居站", "capacity": 20 }, "geometry": { "type": "Point", "coordinates": [ 116.20783176, 39.80409576 ] } },
{ "type": "Feature", "properties": { "station_id": 1308, "name": "广阳城新区站", "capacity": 25 }, "geometry": { "type": "Point", "coordinates": [ 116.17886189, 39.74665617 ] } },
{ "type": "Feature", "properties": { "station_id": 1309, "name": "北关东路站", "capacity": 25 }, "geometry": { "type": "Point", "coordinates": [ 116.13725383, 39.73463542 ] } },
{ "type": "Feature", "properties": { "station_id": 1310, "name": "金地朗悦北站", "capacity": 30 }, "geometry": { "type": "Point", "coordinates": [ 116.18668149, 39.73368999 ] } },
{ "type": "Feature", "properties": { "station_id": 1311, "name": "金地朗悦南站", "capacity": 30 }, "geometry": { "type": "Point", "coordinates": [ 116.18620745, 39.73203761 ] } },
{ "type": "Feature", "properties": { "station_id": 1312, "name": "良官公路站", "capacity": 30 }, "geometry": { "type": "Point", "coordinates": [ 116.14365141, 39.70851083 ] } },
{ "type": "Feature", "properties": { "station_id": 1313, "name": "梨园站", "capacity": 64 }, "geometry": { "type": "Point", "coordinates": [ 116.28722826, 39.65199629 ] } },
{ "type": "Feature", "properties": { "station_id": 1314, "name": "蓝岛大厦", "capacity": 40 }, "geometry": { "type": "Point", "coordinates": [ 116.65683808, 39.8675291 ] } },
{ "type": "Feature", "properties": { "station_id": 1315, "name": "新通国际花园", "capacity": 36 }, "geometry": { "type": "Point", "coordinates": [ 116.6745699, 39.88337492 ] } },
{ "type": "Feature", "properties": { "station_id": 1316, "name": "亚太花园", "capacity": 20 }, "geometry": { "type": "Point", "coordinates": [ 116.66737278, 39.88488017 ] } },
{ "type": "Feature", "properties": { "station_id": 1317, "name": "通州法院", "capacity": 20 }, "geometry": { "type": "Point", "coordinates": [ 116.66737278, 39.88488017 ] } },
{ "type": "Feature", "properties": { "station_id": 1318, "name": "玉桥中学", "capacity": 32 }, "geometry": { "type": "Point", "coordinates": [ 116.66737278, 39.88488017 ] } },
{ "type": "Feature", "properties": { "station_id": 1319, "name": "景馨家园", "capacity": 32 }, "geometry": { "type": "Point", "coordinates": [ 116.6745699, 39.88337492 ] } },
{ "type": "Feature", "properties": { "station_id": 1320, "name": "社保大厅", "capacity": 32 }, "geometry": { "type": "Point", "coordinates": [ 116.67204313, 39.89119949 ] } },
{ "type": "Feature", "properties": { "station_id": 1321, "name": "远洋东方", "capacity": 40 }, "geometry": { "type": "Point", "coordinates": [ 116.67006559, 39.88738113 ] } },
{ "type": "Feature", "properties": { "station_id": 1322, "name": "格兰晴天西门", "capacity": 40 }, "geometry": { "type": "Point", "coordinates": [ 116.66618592, 39.88540886 ] } },
{ "type": "Feature", "properties": { "station_id": 1323, "name": "葛布店东里", "capacity": 44 }, "geometry": { "type": "Point", "coordinates": [ 116.65640153, 39.89099677 ] } },
{ "type": "Feature", "properties": { "station_id": 1324, "name": "人保公司", "capacity": 40 }, "geometry": { "type": "Point", "coordinates": [ 116.66902305, 39.88976339 ] } },
{ "type": "Feature", "properties": { "station_id": 1325, "name": "老证券门前", "capacity": 40 }, "geometry": { "type": "Point", "coordinates": [ 116.69637447, 39.9079287 ] } },
{ "type": "Feature", "properties": { "station_id": 1326, "name": "潞河国际东", "capacity": 36 }, "geometry": { "type": "Point", "coordinates": [ 116.64406645, 39.89996048 ] } },
{ "type": "Feature", "properties": { "station_id": 1327, "name": "后南仓", "capacity": 32 }, "geometry": { "type": "Point", "coordinates": [ 116.64406645, 39.89996048 ] } },
{ "type": "Feature", "properties": { "station_id": 1328, "name": "帅府园", "capacity": 20 }, "geometry": { "type": "Point", "coordinates": [ 116.63793218, 39.90237011 ] } },
{ "type": "Feature", "properties": { "station_id": 1329, "name": "实验二小", "capacity": 39 }, "geometry": { "type": "Point", "coordinates": [ 116.64058787, 39.90614212 ] } },
{ "type": "Feature", "properties": { "station_id": 1330, "name": "区委", "capacity": 32 }, "geometry": { "type": "Point", "coordinates": [ 116.65172895, 39.89945466 ] } },
{ "type": "Feature", "properties": { "station_id": 1331, "name": "工商银行", "capacity": 20 }, "geometry": { "type": "Point", "coordinates": [ 116.63477307, 39.90546868 ] } },
{ "type": "Feature", "properties": { "station_id": 1332, "name": "世纪联华", "capacity": 20 }, "geometry": { "type": "Point", "coordinates": [ 116.63477307, 39.90546868 ] } },
{ "type": "Feature", "properties": { "station_id": 1333, "name": "北苑站", "capacity": 60 }, "geometry": { "type": "Point", "coordinates": [ 116.81866243, 39.76293712 ] } },
{ "type": "Feature", "properties": { "station_id": 1334, "name": "艺苑东里", "capacity": 32 }, "geometry": { "type": "Point", "coordinates": [ 116.66787398, 39.89224503 ] } },
{ "type": "Feature", "properties": { "station_id": 1335, "name": "卜峰莲花", "capacity": 20 }, "geometry": { "type": "Point", "coordinates": [ 116.65640153, 39.89099677 ] } },
{ "type": "Feature", "properties": { "station_id": 1336, "name": "鑫隆市场", "capacity": 28 }, "geometry": { "type": "Point", "coordinates": [ 116.67334426, 39.88961398 ] } },
{ "type": "Feature", "properties": { "station_id": 1337, "name": "临河里站", "capacity": 40 }, "geometry": { "type": "Point", "coordinates": [ 116.70052026, 39.86569571 ] } },
{ "type": "Feature", "properties": { "station_id": 1338, "name": "土桥站", "capacity": 32 }, "geometry": { "type": "Point", "coordinates": [ 116.70052026, 39.86569571 ] } },
{ "type": "Feature", "properties": { "station_id": 1339, "name": "小街之春嘉园", "capacity": 32 }, "geometry": { "type": "Point", "coordinates": [ 116.68163121, 39.87562593 ] } },
{ "type": "Feature", "properties": { "station_id": 1340, "name": "柳岸景园", "capacity": 32 }, "geometry": { "type": "Point", "coordinates": [ 116.65640153, 39.89099677 ] } },
{ "type": "Feature", "properties": { "station_id": 1341, "name": "世纪星城", "capacity": 44 }, "geometry": { "type": "Point", "coordinates": [ 116.68711233, 39.91459669 ] } },
{ "type": "Feature", "properties": { "station_id": 1342, "name": "新华联家园", "capacity": 36 }, "geometry": { "type": "Point", "coordinates": [ 116.6353153, 39.89073997 ] } },
{ "type": "Feature", "properties": { "station_id": 1343, "name": "果园地铁", "capacity": 68 }, "geometry": { "type": "Point", "coordinates": [ 116.64209642, 39.89218605 ] } },
{ "type": "Feature", "properties": { "station_id": 1344, "name": "蓝山国际", "capacity": 32 }, "geometry": { "type": "Point", "coordinates": [ 116.65252738, 39.90329441 ] } },
{ "type": "Feature", "properties": { "station_id": 1345, "name": "九棵树", "capacity": 56 }, "geometry": { "type": "Point", "coordinates": [ 116.27056159, 39.92709921 ] } },
{ "type": "Feature", "properties": { "station_id": 1346, "name": "当代名筑", "capacity": 20 }, "geometry": { "type": "Point", "coordinates": [ 116.70052026, 39.86569571 ] } },
{ "type": "Feature", "properties": { "station_id": 1347, "name": "南关", "capacity": 24 }, "geometry": { "type": "Point", "coordinates": [ 116.66618592, 39.88540886 ] } },
{ "type": "Feature", "properties": { "station_id": 1348, "name": "源泉苑", "capacity": 20 }, "geometry": { "type": "Point", "coordinates": [ 116.68423232, 39.8840055 ] } },
{ "type": "Feature", "properties": { "station_id": 1349, "name": "京艺天朗", "capacity": 32 }, "geometry": { "type": "Point", "coordinates": [ 116.68025244, 39.88897162 ] } },
{ "type": "Feature", "properties": { "station_id": 1350, "name": "玉桥南里", "capacity": 40 }, "geometry": { "type": "Point", "coordinates": [ 116.67334426, 39.88961398 ] } },
{ "type": "Feature", "properties": { "station_id": 1351, "name": "乔庄北街", "capacity": 28 }, "geometry": { "type": "Point", "coordinates": [ 116.67591512, 39.89449551 ] } },
{ "type": "Feature", "properties": { "station_id": 1352, "name": "新仓路北口", "capacity": 36 }, "geometry": { "type": "Point", "coordinates": [ 116.49163182, 40.17367781 ] } },
{ "type": "Feature", "properties": { "station_id": 1353, "name": "潞河名苑", "capacity": 20 }, "geometry": { "type": "Point", "coordinates": [ 116.65232982, 39.90120442 ] } },
{ "type": "Feature", "properties": { "station_id": 1354, "name": "新城东里", "capacity": 36 }, "geometry": { "type": "Point", "coordinates": [ 116.65383667, 39.8981767 ] } },
{ "type": "Feature", "properties": { "station_id": 1355, "name": "西海子公园", "capacity": 40 }, "geometry": { "type": "Point", "coordinates": [ 116.65510552, 39.91231859 ] } },
{ "type": "Feature", "properties": { "station_id": 1356, "name": "漪春园", "capacity": 28 }, "geometry": { "type": "Point", "coordinates": [ 116.65172235, 39.89121531 ] } },
{ "type": "Feature", "properties": { "station_id": 1357, "name": "车站路", "capacity": 44 }, "geometry": { "type": "Point", "coordinates": [ 116.40128192, 39.90262654 ] } },
{ "type": "Feature", "properties": { "station_id": 1358, "name": "雅丽世居", "capacity": 28 }, "geometry": { "type": "Point", "coordinates": [ 116.64209642, 39.89218605 ] } },
{ "type": "Feature", "properties": { "station_id": 1359, "name": "梨园2", "capacity": 32 }, "geometry": { "type": "Point", "coordinates": [ 116.66654414, 39.88007167 ] } },
{ "type": "Feature", "properties": { "station_id": 1360, "name": "北苑站2", "capacity": 20 }, "geometry": { "type": "Point", "coordinates": [ 116.42706388, 40.0446812 ] } },
{ "type": "Feature", "properties": { "station_id": 1361, "name": "云景阁西区", "capacity": 16 }, "geometry": { "type": "Point", "coordinates": [ 116.65683808, 39.8675291 ] } },
{ "type": "Feature", "properties": { "station_id": 1362, "name": "云景阁东区", "capacity": 16 }, "geometry": { "type": "Point", "coordinates": [ 116.65683808, 39.8675291 ] } },
{ "type": "Feature", "properties": { "station_id": 1363, "name": "电信局", "capacity": 20 }, "geometry": { "type": "Point", "coordinates": [ 116.65683808, 39.8675291 ] } },
{ "type": "Feature", "properties": { "station_id": 1364, "name": "民生家乐超市", "capacity": 24 }, "geometry": { "type": "Point", "coordinates": [ 116.65683808, 39.8675291 ] } },
{ "type": "Feature", "properties": { "station_id": 1365, "name": "群芳三园", "capacity": 16 }, "geometry": { "type": "Point", "coordinates": [ 116.65683808, 39.8675291 ] } },
{ "type": "Feature", "properties": { "station_id": 1366, "name": "大马庄南门", "capacity": 20 }, "geometry": { "type": "Point", "coordinates": [ 116.64563102, 39.86243443 ] } },
{ "type": "Feature", "properties": { "station_id": 1367, "name": "梨园镇政府", "capacity": 24 }, "geometry": { "type": "Point", "coordinates": [ 116.65683808, 39.8675291 ] } },
{ "type": "Feature", "properties": { "station_id": 1368, "name": "群芳二园", "capacity": 40 }, "geometry": { "type": "Point", "coordinates": [ 116.40128192, 39.90262654 ] } },
{ "type": "Feature", "properties": { "station_id": 1369, "name": "梨园派出所", "capacity": 16 }, "geometry": { "type": "Point", "coordinates": [ 116.65683808, 39.8675291 ] } },
{ "type": "Feature", "properties": { "station_id": 1370, "name": "桃花岛", "capacity": 24 }, "geometry": { "type": "Point", "coordinates": [ 116.40128192, 39.90262654 ] } },
{ "type": "Feature", "properties": { "station_id": 1371, "name": "鑫福运来超市", "capacity": 24 }, "geometry": { "type": "Point", "coordinates": [ 116.65683808, 39.8675291 ] } },
{ "type": "Feature", "properties": { "station_id": 1372, "name": "新城嘉园", "capacity": 20 }, "geometry": { "type": "Point", "coordinates": [ 116.66322623, 39.88777192 ] } },
{ "type": "Feature", "properties": { "station_id": 1373, "name": "云景里19号楼", "capacity": 16 }, "geometry": { "type": "Point", "coordinates": [ 116.66322623, 39.88777192 ] } },
{ "type": "Feature", "properties": { "station_id": 1374, "name": "群芳一园北门", "capacity": 48 }, "geometry": { "type": "Point", "coordinates": [ 116.66322623, 39.88777192 ] } },
{ "type": "Feature", "properties": { "station_id": 1375, "name": "孙王场", "capacity": 16 }, "geometry": { "type": "Point", "coordinates": [ 116.66322623, 39.88777192 ] } },
{ "type": "Feature", "properties": { "station_id": 1376, "name": "梨园主题公园", "capacity": 24 }, "geometry": { "type": "Point", "coordinates": [ 116.66322623, 39.88777192 ] } },
{ "type": "Feature", "properties": { "station_id": 1377, "name": "瑞都公园世家北门", "capacity": 40 }, "geometry": { "type": "Point", "coordinates": [ 116.66322623, 39.88777192 ] } },
{ "type": "Feature", "properties": { "station_id": 1378, "name": "高楼金第", "capacity": 20 }, "geometry": { "type": "Point", "coordinates": [ 116.66322623, 39.88777192 ] } },
{ "type": "Feature", "properties": { "station_id": 1379, "name": "新翠景园", "capacity": 16 }, "geometry": { "type": "Point", "coordinates": [ 116.66322623, 39.88777192 ] } },
{ "type": "Feature", "properties": { "station_id": 1380, "name": "九棵树家园", "capacity": 48 }, "geometry": { "type": "Point", "coordinates": [ 116.66322623, 39.88777192 ] } },
{ "type": "Feature", "properties": { "station_id": 1381, "name": "小稿村", "capacity": 36 }, "geometry": { "type": "Point", "coordinates": [ 116.66322623, 39.88777192 ] } },
{ "type": "Feature", "properties": { "station_id": 1382, "name": "龙鼎园", "capacity": 28 }, "geometry": { "type": "Point", "coordinates": [ 116.66322623, 39.88777192 ] } },
{ "type": "Feature", "properties": { "station_id": 1383, "name": "海通梧桐苑", "capacity": 28 }, "geometry": { "type": "Point", "coordinates": [ 116.63829344, 39.87332581 ] } },
{ "type": "Feature", "properties": { "station_id": 1384, "name": "音乐学院", "capacity": 24 }, "geometry": { "type": "Point", "coordinates": [ 116.66322623, 39.88777192 ] } },
{ "type": "Feature", "properties": { "station_id": 1385, "name": "群芳四园", "capacity": 28 }, "geometry": { "type": "Point", "coordinates": [ 116.40128192, 39.90262654 ] } },
{ "type": "Feature", "properties": { "station_id": 1386, "name": "海棠湾南门", "capacity": 28 }, "geometry": { "type": "Point", "coordinates": [ 116.40128192, 39.90262654 ] } },
{ "type": "Feature", "properties": { "station_id": 1387, "name": "公庄村委会", "capacity": 36 }, "geometry": { "type": "Point", "coordinates": [ 116.40128192, 39.90262654 ] } },
{ "type": "Feature", "properties": { "station_id": 1388, "name": "公庄小区", "capacity": 44 }, "geometry": { "type": "Point", "coordinates": [ 116.65309401, 39.873975 ] } },
{ "type": "Feature", "properties": { "station_id": 1389, "name": "西小马庄", "capacity": 24 }, "geometry": { "type": "Point", "coordinates": [ 116.66322623, 39.88777192 ] } },
{ "type": "Feature", "properties": { "station_id": 1390, "name": "靓景明居", "capacity": 24 }, "geometry": { "type": "Point", "coordinates": [ 116.66322623, 39.88777192 ] } },
{ "type": "Feature", "properties": { "station_id": 1391, "name": "烟厂家属楼", "capacity": 56 }, "geometry": { "type": "Point", "coordinates": [ 116.66322623, 39.88777192 ] } },
{ "type": "Feature", "properties": { "station_id": 1392, "name": "翠屏南里", "capacity": 20 }, "geometry": { "type": "Point", "coordinates": [ 116.66322623, 39.88777192 ] } },
{ "type": "Feature", "properties": { "station_id": 1393, "name": "大稿村", "capacity": 48 }, "geometry": { "type": "Point", "coordinates": [ 116.66322623, 39.88777192 ] } },
{ "type": "Feature", "properties": { "station_id": 1394, "name": "蔚澜香醍", "capacity": 28 }, "geometry": { "type": "Point", "coordinates": [ 116.66322623, 39.88777192 ] } },
{ "type": "Feature", "properties": { "station_id": 1395, "name": "格瑞雅居", "capacity": 36 }, "geometry": { "type": "Point", "coordinates": [ 116.63923576, 39.88508058 ] } },
{ "type": "Feature", "properties": { "station_id": 1396, "name": "大方居北门", "capacity": 40 }, "geometry": { "type": "Point", "coordinates": [ 116.66322623, 39.88777192 ] } },
{ "type": "Feature", "properties": { "station_id": 1397, "name": "新华联家园东门", "capacity": 24 }, "geometry": { "type": "Point", "coordinates": [ 116.66322623, 39.88777192 ] } },
{ "type": "Feature", "properties": { "station_id": 1398, "name": "万盛北里菜场", "capacity": 56 }, "geometry": { "type": "Point", "coordinates": [ 116.66322623, 39.88777192 ] } },
{ "type": "Feature", "properties": { "station_id": 1399, "name": "万盛北里", "capacity": 24 }, "geometry": { "type": "Point", "coordinates": [ 116.66322623, 39.88777192 ] } },
{ "type": "Feature", "properties": { "station_id": 1400, "name": "新城阳光", "capacity": 28 }, "geometry": { "type": "Point", "coordinates": [ 116.66322623, 39.88777192 ] } },
{ "type": "Feature", "properties": { "station_id": 1401, "name": "翠屏便民菜店", "capacity": 48 }, "geometry": { "type": "Point", "coordinates": [ 116.66322623, 39.88777192 ] } },
{ "type": "Feature", "properties": { "station_id": 1402, "name": "公交总站", "capacity": 28 }, "geometry": { "type": "Point", "coordinates": [ 116.66322623, 39.88777192 ] } },
{ "type": "Feature", "properties": { "station_id": 1403, "name": "东总屯", "capacity": 24 }, "geometry": { "type": "Point", "coordinates": [ 116.66322623, 39.88777192 ] } },
{ "type": "Feature", "properties": { "station_id": 1404, "name": "巴克寓所", "capacity": 28 }, "geometry": { "type": "Point", "coordinates": [ 116.66322623, 39.88777192 ] } },
{ "type": "Feature", "properties": { "station_id": 1405, "name": "曹园", "capacity": 24 }, "geometry": { "type": "Point", "coordinates": [ 116.66322623, 39.88777192 ] } },
{ "type": "Feature", "properties": { "station_id": 1406, "name": "巴克寓所北门", "capacity": 16 }, "geometry": { "type": "Point", "coordinates": [ 116.66322623, 39.88777192 ] } },
{ "type": "Feature", "properties": { "station_id": 1407, "name": "李老新村", "capacity": 32 }, "geometry": { "type": "Point", "coordinates": [ 116.66322623, 39.88777192 ] } },
{ "type": "Feature", "properties": { "station_id": 1408, "name": "翠屏北里", "capacity": 32 }, "geometry": { "type": "Point", "coordinates": [ 116.66322623, 39.88777192 ] } },
{ "type": "Feature", "properties": { "station_id": 1409, "name": "DBC加州小镇北门", "capacity": 28 }, "geometry": { "type": "Point", "coordinates": [ 116.66322623, 39.88777192 ] } },
{ "type": "Feature", "properties": { "station_id": 1410, "name": "大方居南门", "capacity": 32 }, "geometry": { "type": "Point", "coordinates": [ 116.66322623, 39.88777192 ] } },
{ "type": "Feature", "properties": { "station_id": 1411, "name": "阿尔法社区", "capacity": 40 }, "geometry": { "type": "Point", "coordinates": [ 116.66322623, 39.88777192 ] } },
{ "type": "Feature", "properties": { "station_id": 1412, "name": "花涧溪", "capacity": 20 }, "geometry": { "type": "Point", "coordinates": [ 116.66322623, 39.88777192 ] } },
{ "type": "Feature", "properties": { "station_id": 1413, "name": "云景里南门", "capacity": 28 }, "geometry": { "type": "Point", "coordinates": [ 116.66322623, 39.88777192 ] } },
{ "type": "Feature", "properties": { "station_id": 1414, "name": "建设银行", "capacity": 36 }, "geometry": { "type": "Point", "coordinates": [ 116.29742591, 39.95502678 ] } },
{ "type": "Feature", "properties": { "station_id": 1415, "name": "国土局", "capacity": 28 }, "geometry": { "type": "Point", "coordinates": [ 116.42381929, 39.95770576 ] } },
{ "type": "Feature", "properties": { "station_id": 1416, "name": "会议中心", "capacity": 24 }, "geometry": { "type": "Point", "coordinates": [ 116.42501137, 40.01823252 ] } },
{ "type": "Feature", "properties": { "station_id": 1417, "name": "武装部", "capacity": 24 }, "geometry": { "type": "Point", "coordinates": [ 116.62517654, 40.31064115 ] } },
{ "type": "Feature", "properties": { "station_id": 1418, "name": "冶金研究院", "capacity": 28 }, "geometry": { "type": "Point", "coordinates": [ 116.40892913, 39.91701795 ] } },
{ "type": "Feature", "properties": { "station_id": 1419, "name": "复兴里西门", "capacity": 24 }, "geometry": { "type": "Point", "coordinates": [ 116.63749885, 39.89829308 ] } },
{ "type": "Feature", "properties": { "station_id": 1420, "name": "新华西街社区", "capacity": 20 }, "geometry": { "type": "Point", "coordinates": [ 116.63477307, 39.90546868 ] } },
{ "type": "Feature", "properties": { "station_id": 1421, "name": "华联商厦", "capacity": 28 }, "geometry": { "type": "Point", "coordinates": [ 116.21348295, 39.90533462 ] } },
{ "type": "Feature", "properties": { "station_id": 1422, "name": "国泰百货", "capacity": 28 }, "geometry": { "type": "Point", "coordinates": [ 116.42943756, 40.07200763 ] } },
{ "type": "Feature", "properties": { "station_id": 1423, "name": "陆航局家属院", "capacity": 28 }, "geometry": { "type": "Point", "coordinates": [ 116.40128192, 39.90262654 ] } },
{ "type": "Feature", "properties": { "station_id": 1424, "name": "北苑加油站东", "capacity": 24 }, "geometry": { "type": "Point", "coordinates": [ 116.48124214, 39.84653748 ] } },
{ "type": "Feature", "properties": { "station_id": 1425, "name": "永顺镇政府", "capacity": 32 }, "geometry": { "type": "Point", "coordinates": [ 116.64987029, 39.91680655 ] } },
{ "type": "Feature", "properties": { "station_id": 1426, "name": "社保大厅2", "capacity": 32 }, "geometry": { "type": "Point", "coordinates": [ 116.66322623, 39.88777192 ] } },
{ "type": "Feature", "properties": { "station_id": 1427, "name": "预备役师家属院", "capacity": 28 }, "geometry": { "type": "Point", "coordinates": [ 116.67851963, 39.87384267 ] } },
{ "type": "Feature", "properties": { "station_id": 1428, "name": "云景里农贸市场", "capacity": 40 }, "geometry": { "type": "Point", "coordinates": [ 116.65707279, 39.87675974 ] } },
{ "type": "Feature", "properties": { "station_id": 1429, "name": "颐瑞东里", "capacity": 40 }, "geometry": { "type": "Point", "coordinates": [ 116.67772942, 39.8654904 ] } },
{ "type": "Feature", "properties": { "station_id": 1430, "name": "颐瑞西里", "capacity": 28 }, "geometry": { "type": "Point", "coordinates": [ 116.67370489, 39.86483427 ] } },
{ "type": "Feature", "properties": { "station_id": 1431, "name": "通州农民合作社超市", "capacity": 24 }, "geometry": { "type": "Point", "coordinates": [ 116.64810112, 39.88643087 ] } },
{ "type": "Feature", "properties": { "station_id": 1432, "name": "金桥时代家园", "capacity": 36 }, "geometry": { "type": "Point", "coordinates": [ 116.66207138, 39.87529688 ] } },
{ "type": "Feature", "properties": { "station_id": 1433, "name": "交通局", "capacity": 24 }, "geometry": { "type": "Point", "coordinates": [ 117.10147463, 40.14447303 ] } },
{ "type": "Feature", "properties": { "station_id": 1434, "name": "东小马庄新区", "capacity": 36 }, "geometry": { "type": "Point", "coordinates": [ 116.6677557, 39.86425824 ] } },
{ "type": "Feature", "properties": { "station_id": 1435, "name": "贵友大厦", "capacity": 20 }, "geometry": { "type": "Point", "coordinates": [ 116.6604956, 39.88309675 ] } },
{ "type": "Feature", "properties": { "station_id": 1436, "name": "靓景明居北门", "capacity": 32 }, "geometry": { "type": "Point", "coordinates": [ 116.63170799, 39.88392507 ] } },
{ "type": "Feature", "properties": { "station_id": 1437, "name": "半壁店新村", "capacity": 48 }, "geometry": { "type": "Point", "coordinates": [ 116.63074203, 39.87685819 ] } },
{ "type": "Feature", "properties": { "station_id": 1438, "name": "旅游区管理委员会", "capacity": 16 }, "geometry": { "type": "Point", "coordinates": [ 116.40128192, 39.90262654 ] } },
{ "type": "Feature", "properties": { "station_id": 1439, "name": "怡然世家", "capacity": 28 }, "geometry": { "type": "Point", "coordinates": [ 116.62774212, 39.87919306 ] } },
{ "type": "Feature", "properties": { "station_id": 1440, "name": "新城乐居", "capacity": 32 }, "geometry": { "type": "Point", "coordinates": [ 116.68494252, 39.86317706 ] } },
{ "type": "Feature", "properties": { "station_id": 1441, "name": "隆孚大厦", "capacity": 36 }, "geometry": { "type": "Point", "coordinates": [ 116.65719575, 39.86676171 ] } },
{ "type": "Feature", "properties": { "station_id": 1442, "name": "通典铭居", "capacity": 20 }, "geometry": { "type": "Point", "coordinates": [ 116.62904072, 39.90643075 ] } },
{ "type": "Feature", "properties": { "station_id": 1443, "name": "上营新村", "capacity": 40 }, "geometry": { "type": "Point", "coordinates": [ 116.66322623, 39.88777192 ] } },
{ "type": "Feature", "properties": { "station_id": 1444, "name": "运乔嘉园", "capacity": 28 }, "geometry": { "type": "Point", "coordinates": [ 116.68363769, 39.89333688 ] } },
{ "type": "Feature", "properties": { "station_id": 1445, "name": "吉祥园小区", "capacity": 20 }, "geometry": { "type": "Point", "coordinates": [ 116.65900107, 39.91063282 ] } },
{ "type": "Feature", "properties": { "station_id": 1446, "name": "财贸学院", "capacity": 28 }, "geometry": { "type": "Point", "coordinates": [ 116.66322623, 39.88777192 ] } },
{ "type": "Feature", "properties": { "station_id": 1447, "name": "京贸国际东", "capacity": 24 }, "geometry": { "type": "Point", "coordinates": [ 116.67914578, 39.91696848 ] } },
{ "type": "Feature", "properties": { "station_id": 1448, "name": "耿庄京客隆", "capacity": 28 }, "geometry": { "type": "Point", "coordinates": [ 116.17691077, 39.93195448 ] } },
{ "type": "Feature", "properties": { "station_id": 1449, "name": "漕运码头2", "capacity": 20 }, "geometry": { "type": "Point", "coordinates": [ 116.66322623, 39.88777192 ] } },
{ "type": "Feature", "properties": { "station_id": 1450, "name": "大运河森林公园正门2", "capacity": 28 }, "geometry": { "type": "Point", "coordinates": [ 116.73583101, 39.87435575 ] } },
{ "type": "Feature", "properties": { "station_id": 1451, "name": "北京工业大学", "capacity": 24 }, "geometry": { "type": "Point", "coordinates": [ 116.20175386, 39.92697912 ] } },
{ "type": "Feature", "properties": { "station_id": 1452, "name": "东潞苑东", "capacity": 28 }, "geometry": { "type": "Point", "coordinates": [ 116.67379484, 39.93729859 ] } },
{ "type": "Feature", "properties": { "station_id": 1453, "name": "东潞苑西", "capacity": 36 }, "geometry": { "type": "Point", "coordinates": [ 116.67379484, 39.93729859 ] } },
{ "type": "Feature", "properties": { "station_id": 1454, "name": "焦王庄", "capacity": 24 }, "geometry": { "type": "Point", "coordinates": [ 116.66273353, 39.93487469 ] } },
{ "type": "Feature", "properties": { "station_id": 1455, "name": "拉维小镇南门", "capacity": 24 }, "geometry": { "type": "Point", "coordinates": [ 116.68148666, 39.93694472 ] } },
{ "type": "Feature", "properties": { "station_id": 1456, "name": "苏陀新村", "capacity": 20 }, "geometry": { "type": "Point", "coordinates": [ 116.67784239, 39.93627247 ] } },
{ "type": "Feature", "properties": { "station_id": 1457, "name": "霍屯小区", "capacity": 28 }, "geometry": { "type": "Point", "coordinates": [ 116.40128192, 39.90262654 ] } },
{ "type": "Feature", "properties": { "station_id": 1458, "name": "刘庄新村", "capacity": 24 }, "geometry": { "type": "Point", "coordinates": [ 116.67015067, 39.93772897 ] } },
{ "type": "Feature", "properties": { "station_id": 1459, "name": "水恋晶城", "capacity": 20 }, "geometry": { "type": "Point", "coordinates": [ 116.68683054, 39.91663033 ] } },
{ "type": "Feature", "properties": { "station_id": 1460, "name": "环卫设施所", "capacity": 20 }, "geometry": { "type": "Point", "coordinates": [ 116.68452289, 39.87245847 ] } },
{ "type": "Feature", "properties": { "station_id": 1461, "name": "晓白楼五金", "capacity": 20 }, "geometry": { "type": "Point", "coordinates": [ 116.40128192, 39.90262654 ] } },
{ "type": "Feature", "properties": { "station_id": 1462, "name": "当代名筑西", "capacity": 24 }, "geometry": { "type": "Point", "coordinates": [ 116.65768763, 39.88828603 ] } },
{ "type": "Feature", "properties": { "station_id": 1463, "name": "华龙小区", "capacity": 28 }, "geometry": { "type": "Point", "coordinates": [ 116.68189101, 39.9281095 ] } },
{ "type": "Feature", "properties": { "station_id": 1464, "name": "生活垃圾转运站", "capacity": 20 }, "geometry": { "type": "Point", "coordinates": [ 116.64051858, 39.8502979 ] } },
{ "type": "Feature", "properties": { "station_id": 1465, "name": "农委", "capacity": 32 }, "geometry": { "type": "Point", "coordinates": [ 116.85180329, 40.3620813 ] } },
{ "type": "Feature", "properties": { "station_id": 1466, "name": "新潮家园东", "capacity": 36 }, "geometry": { "type": "Point", "coordinates": [ 116.69380648, 39.93383352 ] } },
{ "type": "Feature", "properties": { "station_id": 1467, "name": "澜花语岸", "capacity": 28 }, "geometry": { "type": "Point", "coordinates": [ 116.66582329, 39.92651872 ] } },
{ "type": "Feature", "properties": { "station_id": 1468, "name": "耿庄家园", "capacity": 28 }, "geometry": { "type": "Point", "coordinates": [ 116.67895433, 39.9270354 ] } },
{ "type": "Feature", "properties": { "station_id": 1469, "name": "拉维小镇西门", "capacity": 28 }, "geometry": { "type": "Point", "coordinates": [ 116.68001834, 39.93621502 ] } },
{ "type": "Feature", "properties": { "station_id": 1470, "name": "鑫隆百货市场", "capacity": 28 }, "geometry": { "type": "Point", "coordinates": [ 116.6727883, 39.89441752 ] } },
{ "type": "Feature", "properties": { "station_id": 1471, "name": "珠江丽景", "capacity": 28 }, "geometry": { "type": "Point", "coordinates": [ 116.67624542, 39.93054221 ] } },
{ "type": "Feature", "properties": { "station_id": 1472, "name": "六合新村", "capacity": 28 }, "geometry": { "type": "Point", "coordinates": [ 116.71670665, 39.9323838 ] } },
{ "type": "Feature", "properties": { "station_id": 1473, "name": "李庄新村", "capacity": 28 }, "geometry": { "type": "Point", "coordinates": [ 116.67673069, 39.94372817 ] } },
{ "type": "Feature", "properties": { "station_id": 1474, "name": "宋庄环岛东", "capacity": 28 }, "geometry": { "type": "Point", "coordinates": [ 116.71282648, 39.96285471 ] } },
{ "type": "Feature", "properties": { "station_id": 1475, "name": "艺术街路口", "capacity": 20 }, "geometry": { "type": "Point", "coordinates": [ 116.53832791, 39.89711225 ] } },
{ "type": "Feature", "properties": { "station_id": 1476, "name": "国开村镇银行", "capacity": 28 }, "geometry": { "type": "Point", "coordinates": [ 116.62681901, 39.8942807 ] } },
{ "type": "Feature", "properties": { "station_id": 1477, "name": "通州血站", "capacity": 28 }, "geometry": { "type": "Point", "coordinates": [ 116.68326235, 39.91356218 ] } },
{ "type": "Feature", "properties": { "station_id": 1478, "name": "北京胸科医院", "capacity": 40 }, "geometry": { "type": "Point", "coordinates": [ 116.64691734, 39.9219615 ] } },
{ "type": "Feature", "properties": { "station_id": 1479, "name": "西上园", "capacity": 40 }, "geometry": { "type": "Point", "coordinates": [ 116.67241455, 39.90226089 ] } },
{ "type": "Feature", "properties": { "station_id": 1480, "name": "物美大卖场", "capacity": 36 }, "geometry": { "type": "Point", "coordinates": [ 116.6349878, 39.89234639 ] } },
{ "type": "Feature", "properties": { "station_id": 1481, "name": "长城国际工商银行", "capacity": 28 }, "geometry": { "type": "Point", "coordinates": [ 116.44059694, 39.80398875 ] } },
{ "type": "Feature", "properties": { "station_id": 1482, "name": "华苑玫瑰", "capacity": 32 }, "geometry": { "type": "Point", "coordinates": [ 116.40128192, 39.90262654 ] } },
{ "type": "Feature", "properties": { "station_id": 1483, "name": "太玉园", "capacity": 28 }, "geometry": { "type": "Point", "coordinates": [ 116.69550608, 39.85281046 ] } },
{ "type": "Feature", "properties": { "station_id": 1484, "name": "运河湾", "capacity": 36 }, "geometry": { "type": "Point", "coordinates": [ 116.69183891, 39.90608983 ] } },
{ "type": "Feature", "properties": { "station_id": 1485, "name": "权金城", "capacity": 28 }, "geometry": { "type": "Point", "coordinates": [ 116.28832327, 40.03363597 ] } },
{ "type": "Feature", "properties": { "station_id": 1486, "name": "运河文化广场", "capacity": 40 }, "geometry": { "type": "Point", "coordinates": [ 116.67524343, 39.91224577 ] } },
{ "type": "Feature", "properties": { "station_id": 1487, "name": "新华办事处", "capacity": 20 }, "geometry": { "type": "Point", "coordinates": [ 116.65903169, 39.90912221 ] } },
{ "type": "Feature", "properties": { "station_id": 1488, "name": "中山街小学", "capacity": 20 }, "geometry": { "type": "Point", "coordinates": [ 116.64691169, 39.90596335 ] } },
{ "type": "Feature", "properties": { "station_id": 1489, "name": "司法局", "capacity": 32 }, "geometry": { "type": "Point", "coordinates": [ 116.35415224, 39.93559945 ] } },
{ "type": "Feature", "properties": { "station_id": 1490, "name": "通州车辆检测厂", "capacity": 20 }, "geometry": { "type": "Point", "coordinates": [ 116.65054845, 39.90884438 ] } },
{ "type": "Feature", "properties": { "station_id": 1491, "name": "范庄", "capacity": 20 }, "geometry": { "type": "Point", "coordinates": [ 116.65316325, 39.92972796 ] } },
{ "type": "Feature", "properties": { "station_id": 1492, "name": "西潞苑78#楼", "capacity": 20 }, "geometry": { "type": "Point", "coordinates": [ 116.6542658, 39.9352074 ] } },
{ "type": "Feature", "properties": { "station_id": 1493, "name": "枫潞苑小区", "capacity": 40 }, "geometry": { "type": "Point", "coordinates": [ 116.65129376, 39.91171536 ] } },
{ "type": "Feature", "properties": { "station_id": 1494, "name": "新潮家园西", "capacity": 32 }, "geometry": { "type": "Point", "coordinates": [ 116.44747421, 39.9223013 ] } },
{ "type": "Feature", "properties": { "station_id": 1495, "name": "环卫所", "capacity": 20 }, "geometry": { "type": "Point", "coordinates": [ 116.36677572, 39.86070719 ] } },
{ "type": "Feature", "properties": { "station_id": 1496, "name": "杨家洼路口", "capacity": 20 }, "geometry": { "type": "Point", "coordinates": [ 116.67793974, 39.88736237 ] } },
{ "type": "Feature", "properties": { "station_id": 1497, "name": "邮政局", "capacity": 28 }, "geometry": { "type": "Point", "coordinates": [ 116.36053056, 39.90809509 ] } },
{ "type": "Feature", "properties": { "station_id": 1498, "name": "万客联超市", "capacity": 28 }, "geometry": { "type": "Point", "coordinates": [ 116.6805137, 39.92964547 ] } },
{ "type": "Feature", "properties": { "station_id": 1499, "name": "如意园小区", "capacity": 28 }, "geometry": { "type": "Point", "coordinates": [ 116.66272169, 39.90745583 ] } },
{ "type": "Feature", "properties": { "station_id": 1500, "name": "污物处理中心", "capacity": 20 }, "geometry": { "type": "Point", "coordinates": [ 116.34208136, 39.83303963 ] } },
{ "type": "Feature", "properties": { "station_id": 1501, "name": "宋庄路口", "capacity": 20 }, "geometry": { "type": "Point", "coordinates": [ 116.28520733, 39.73314843 ] } },
{ "type": "Feature", "properties": { "station_id": 1502, "name": "宋庄镇政府", "capacity": 20 }, "geometry": { "type": "Point", "coordinates": [ 116.72181678, 39.9394665 ] } },
{ "type": "Feature", "properties": { "station_id": 1503, "name": "宋庄美术馆", "capacity": 20 }, "geometry": { "type": "Point", "coordinates": [ 116.71482855, 39.96891001 ] } },
{ "type": "Feature", "properties": { "station_id": 1504, "name": "减河公园", "capacity": 20 }, "geometry": { "type": "Point", "coordinates": [ 116.66455846, 40.12661771 ] } },
{ "type": "Feature", "properties": { "station_id": 1505, "name": "新华西街131#院", "capacity": 20 }, "geometry": { "type": "Point", "coordinates": [ 116.63452183, 39.90588485 ] } },
{ "type": "Feature", "properties": { "station_id": 1506, "name": "苏荷时代", "capacity": 28 }, "geometry": { "type": "Point", "coordinates": [ 116.63957755, 39.89074457 ] } },
{ "type": "Feature", "properties": { "station_id": 1507, "name": "杨庄北口", "capacity": 20 }, "geometry": { "type": "Point", "coordinates": [ 116.62639144, 39.90401975 ] } },
{ "type": "Feature", "properties": { "station_id": 1508, "name": "西门物美超市", "capacity": 20 }, "geometry": { "type": "Point", "coordinates": [ 116.63972796, 39.9054989 ] } },
{ "type": "Feature", "properties": { "station_id": 1509, "name": "乔庄商业街", "capacity": 20 }, "geometry": { "type": "Point", "coordinates": [ 116.68051058, 39.89341887 ] } },
{ "type": "Feature", "properties": { "station_id": 1510, "name": "潞河医院西", "capacity": 20 }, "geometry": { "type": "Point", "coordinates": [ 116.652444, 39.90078842 ] } },
{ "type": "Feature", "properties": { "station_id": 1511, "name": "通州公路分局", "capacity": 32 }, "geometry": { "type": "Point", "coordinates": [ 116.66653521, 39.89075613 ] } },
{ "type": "Feature", "properties": { "station_id": 1512, "name": "物资学院宿舍楼", "capacity": 40 }, "geometry": { "type": "Point", "coordinates": [ 116.63244082, 39.92968307 ] } },
{ "type": "Feature", "properties": { "station_id": 1513, "name": "物资学院浴室", "capacity": 40 }, "geometry": { "type": "Point", "coordinates": [ 116.63244082, 39.92968307 ] } },
{ "type": "Feature", "properties": { "station_id": 1514, "name": "物资学院教学楼", "capacity": 40 }, "geometry": { "type": "Point", "coordinates": [ 116.63244844, 39.92964492 ] } },
{ "type": "Feature", "properties": { "station_id": 1515, "name": "月季园", "capacity": 20 }, "geometry": { "type": "Point", "coordinates": [ 116.69956984, 39.91850912 ] } },
{ "type": "Feature", "properties": { "station_id": 1516, "name": "牡丹园", "capacity": 28 }, "geometry": { "type": "Point", "coordinates": [ 116.63129702, 40.13173792 ] } },
{ "type": "Feature", "properties": { "station_id": 1517, "name": "教师研修中心", "capacity": 32 }, "geometry": { "type": "Point", "coordinates": [ 116.40128192, 39.90262654 ] } },
{ "type": "Feature", "properties": { "station_id": 1518, "name": "水务局", "capacity": 40 }, "geometry": { "type": "Point", "coordinates": [ 116.32391621, 39.91007295 ] } },
{ "type": "Feature", "properties": { "station_id": 1519, "name": "BOBO自由城", "capacity": 20 }, "geometry": { "type": "Point", "coordinates": [ 116.68766867, 39.90758461 ] } },
{ "type": "Feature", "properties": { "station_id": 1520, "name": "荔景园新区", "capacity": 36 }, "geometry": { "type": "Point", "coordinates": [ 116.69581854, 39.91064553 ] } },
{ "type": "Feature", "properties": { "station_id": 1521, "name": "荔景园北门", "capacity": 28 }, "geometry": { "type": "Point", "coordinates": [ 116.6978275, 39.91324008 ] } },
{ "type": "Feature", "properties": { "station_id": 1522, "name": "行政服务中心", "capacity": 24 }, "geometry": { "type": "Point", "coordinates": [ 116.30243, 39.88057747 ] } },
{ "type": "Feature", "properties": { "station_id": 1523, "name": "上营新村西门", "capacity": 40 }, "geometry": { "type": "Point", "coordinates": [ 116.67705536, 39.90227118 ] } },
{ "type": "Feature", "properties": { "station_id": 1524, "name": "迎喜家园东门", "capacity": 32 }, "geometry": { "type": "Point", "coordinates": [ 116.68140324, 39.87339105 ] } },
{ "type": "Feature", "properties": { "station_id": 1525, "name": "古城小区", "capacity": 20 }, "geometry": { "type": "Point", "coordinates": [ 116.69388532, 39.91186547 ] } },
{ "type": "Feature", "properties": { "station_id": 1526, "name": "三元村菜市场", "capacity": 20 }, "geometry": { "type": "Point", "coordinates": [ 116.69954801, 39.9104643 ] } },
{ "type": "Feature", "properties": { "station_id": 1527, "name": "三元村西门", "capacity": 28 }, "geometry": { "type": "Point", "coordinates": [ 116.68946412, 39.91054921 ] } },
{ "type": "Feature", "properties": { "station_id": 1528, "name": "花涧溪东", "capacity": 40 }, "geometry": { "type": "Point", "coordinates": [ 116.66430063, 39.87389267 ] } },
{ "type": "Feature", "properties": { "station_id": 1529, "name": "西门路口北", "capacity": 36 }, "geometry": { "type": "Point", "coordinates": [ 116.54420078, 39.97407163 ] } },
{ "type": "Feature", "properties": { "station_id": 1530, "name": "潞城镇政府", "capacity": 40 }, "geometry": { "type": "Point", "coordinates": [ 116.7229169, 39.91462913 ] } },
{ "type": "Feature", "properties": { "station_id": 1531, "name": "永顺城管大队", "capacity": 20 }, "geometry": { "type": "Point", "coordinates": [ 116.49824965, 39.92111204 ] } },
{ "type": "Feature", "properties": { "station_id": 1532, "name": "运河小学", "capacity": 36 }, "geometry": { "type": "Point", "coordinates": [ 116.66474745, 39.89036668 ] } },
{ "type": "Feature", "properties": { "station_id": 1533, "name": "阿尔法南门", "capacity": 28 }, "geometry": { "type": "Point", "coordinates": [ 116.64388768, 39.86838045 ] } },
{ "type": "Feature", "properties": { "station_id": 1534, "name": "梨园中心幼儿园", "capacity": 30 }, "geometry": { "type": "Point", "coordinates": [ 116.66344144, 39.86993869 ] } },
{ "type": "Feature", "properties": { "station_id": 1535, "name": "消防队西", "capacity": 32 }, "geometry": { "type": "Point", "coordinates": [ 116.65318128, 39.90680256 ] } },
{ "type": "Feature", "properties": { "station_id": 1536, "name": "红旗宾馆", "capacity": 20 }, "geometry": { "type": "Point", "coordinates": [ 116.65162175, 39.90504314 ] } },
{ "type": "Feature", "properties": { "station_id": 1537, "name": "乔庄商场", "capacity": 20 }, "geometry": { "type": "Point", "coordinates": [ 116.68213898, 39.89178709 ] } },
{ "type": "Feature", "properties": { "station_id": 1538, "name": "紫运南里", "capacity": 44 }, "geometry": { "type": "Point", "coordinates": [ 116.70171043, 39.90501015 ] } },
{ "type": "Feature", "properties": { "station_id": 1539, "name": "新华联锦园西门", "capacity": 20 }, "geometry": { "type": "Point", "coordinates": [ 116.62235608, 39.90037051 ] } },
{ "type": "Feature", "properties": { "station_id": 1540, "name": "新华联锦园东门", "capacity": 20 }, "geometry": { "type": "Point", "coordinates": [ 116.62604188, 39.89837089 ] } },
{ "type": "Feature", "properties": { "station_id": 1541, "name": "运河明珠", "capacity": 60 }, "geometry": { "type": "Point", "coordinates": [ 116.68413145, 39.8998016 ] } },
{ "type": "Feature", "properties": { "station_id": 1542, "name": "月季雅园", "capacity": 16 }, "geometry": { "type": "Point", "coordinates": [ 116.69956984, 39.91850912 ] } },
{ "type": "Feature", "properties": { "station_id": 1543, "name": "三元村路口", "capacity": 20 }, "geometry": { "type": "Point", "coordinates": [ 116.68946412, 39.91054921 ] } },
{ "type": "Feature", "properties": { "station_id": 1544, "name": "运河湾北区", "capacity": 24 }, "geometry": { "type": "Point", "coordinates": [ 116.68998982, 39.90537581 ] } },
{ "type": "Feature", "properties": { "station_id": 1545, "name": "亚太花园东门", "capacity": 32 }, "geometry": { "type": "Point", "coordinates": [ 116.66505995, 39.88567804 ] } },
{ "type": "Feature", "properties": { "station_id": 1546, "name": "格兰晴天东门", "capacity": 40 }, "geometry": { "type": "Point", "coordinates": [ 116.66838397, 39.88997441 ] } },
{ "type": "Feature", "properties": { "station_id": 1547, "name": "物资学院地铁站东", "capacity": 60 }, "geometry": { "type": "Point", "coordinates": [ 116.47234249, 39.9215282 ] } },
{ "type": "Feature", "properties": { "station_id": 1548, "name": "物资学院地铁站西", "capacity": 40 }, "geometry": { "type": "Point", "coordinates": [ 116.47234249, 39.9215282 ] } },
{ "type": "Feature", "properties": { "station_id": 1549, "name": "北京华联商厦", "capacity": 28 }, "geometry": { "type": "Point", "coordinates": [ 116.69600784, 39.91843069 ] } },
{ "type": "Feature", "properties": { "station_id": 1550, "name": "三元村路口北", "capacity": 28 }, "geometry": { "type": "Point", "coordinates": [ 116.38683357, 39.89384308 ] } },
{ "type": "Feature", "properties": { "station_id": 1551, "name": "劳动局家属院", "capacity": 28 }, "geometry": { "type": "Point", "coordinates": [ 116.38425133, 39.87152556 ] } },
{ "type": "Feature", "properties": { "station_id": 1552, "name": "五里店居委会", "capacity": 20 }, "geometry": { "type": "Point", "coordinates": [ 116.62597266, 39.90401267 ] } },
{ "type": "Feature", "properties": { "station_id": 1553, "name": "DBC加州小镇西门", "capacity": 28 }, "geometry": { "type": "Point", "coordinates": [ 116.67502841, 39.86687633 ] } },
{ "type": "Feature", "properties": { "station_id": 1554, "name": "园区管理委员会", "capacity": 24 }, "geometry": { "type": "Point", "coordinates": [ 116.65634631, 39.9069721 ] } },
{ "type": "Feature", "properties": { "station_id": 1555, "name": "中泽馨园", "capacity": 24 }, "geometry": { "type": "Point", "coordinates": [ 116.62797922, 39.8703202 ] } },
{ "type": "Feature", "properties": { "station_id": 1556, "name": "土桥新村", "capacity": 28 }, "geometry": { "type": "Point", "coordinates": [ 116.69170679, 39.86695314 ] } },
{ "type": "Feature", "properties": { "station_id": 1557, "name": "方恒东景", "capacity": 28 }, "geometry": { "type": "Point", "coordinates": [ 116.68353381, 39.87195674 ] } },
{ "type": "Feature", "properties": { "station_id": 1558, "name": "中国平安保险", "capacity": 28 }, "geometry": { "type": "Point", "coordinates": [ 116.40792404, 40.07442363 ] } },
{ "type": "Feature", "properties": { "station_id": 1559, "name": "土桥物美超市", "capacity": 28 }, "geometry": { "type": "Point", "coordinates": [ 116.29808318, 39.93559056 ] } },
{ "type": "Feature", "properties": { "station_id": 1560, "name": "西马庄", "capacity": 32 }, "geometry": { "type": "Point", "coordinates": [ 116.62571255, 39.91410244 ] } },
{ "type": "Feature", "properties": { "station_id": 1561, "name": "北苑派出所", "capacity": 28 }, "geometry": { "type": "Point", "coordinates": [ 116.63473552, 39.90128802 ] } },
{ "type": "Feature", "properties": { "station_id": 1562, "name": "潞城农商银行", "capacity": 24 }, "geometry": { "type": "Point", "coordinates": [ 116.62956928, 40.31360994 ] } },
{ "type": "Feature", "properties": { "station_id": 1563, "name": "新建村", "capacity": 24 }, "geometry": { "type": "Point", "coordinates": [ 116.42910634, 39.7308909 ] } },
{ "type": "Feature", "properties": { "station_id": 1564, "name": "京贸国际公寓", "capacity": 28 }, "geometry": { "type": "Point", "coordinates": [ 116.61681095, 39.90423693 ] } },
{ "type": "Feature", "properties": { "station_id": 1565, "name": "万春园路口", "capacity": 28 }, "geometry": { "type": "Point", "coordinates": [ 116.30740165, 40.00008935 ] } },
{ "type": "Feature", "properties": { "station_id": 1566, "name": "八里桥收费站", "capacity": 40 }, "geometry": { "type": "Point", "coordinates": [ 116.61930915, 39.90518793 ] } },
{ "type": "Feature", "properties": { "station_id": 1567, "name": "旗舰凯旋", "capacity": 28 }, "geometry": { "type": "Point", "coordinates": [ 116.63966312, 39.87550927 ] } },
{ "type": "Feature", "properties": { "station_id": 1568, "name": "潞洲水务", "capacity": 24 }, "geometry": { "type": "Point", "coordinates": [ 116.64356779, 39.87057053 ] } },
{ "type": "Feature", "properties": { "station_id": 1569, "name": "人民购物中心", "capacity": 20 }, "geometry": { "type": "Point", "coordinates": [ 116.66501925, 39.90724924 ] } },
{ "type": "Feature", "properties": { "station_id": 1570, "name": "富河园北", "capacity": 28 }, "geometry": { "type": "Point", "coordinates": [ 116.63614068, 39.92580565 ] } },
{ "type": "Feature", "properties": { "station_id": 1571, "name": "富河园南", "capacity": 32 }, "geometry": { "type": "Point", "coordinates": [ 116.6442604, 39.93190305 ] } },
{ "type": "Feature", "properties": { "station_id": 1572, "name": "潞电集团", "capacity": 20 }, "geometry": { "type": "Point", "coordinates": [ 116.67040722, 39.89325102 ] } },
{ "type": "Feature", "properties": { "station_id": 1573, "name": "探矿厂", "capacity": 28 }, "geometry": { "type": "Point", "coordinates": [ 116.62917271, 39.88536296 ] } },
{ "type": "Feature", "properties": { "station_id": 1574, "name": "哈佛幼儿园", "capacity": 56 }, "geometry": { "type": "Point", "coordinates": [ 116.43315868, 40.08712998 ] } },
{ "type": "Feature", "properties": { "station_id": 1575, "name": "运乔建材城北门", "capacity": 20 }, "geometry": { "type": "Point", "coordinates": [ 116.68850013, 39.89115782 ] } },
{ "type": "Feature", "properties": { "station_id": 1576, "name": "京贸国际西", "capacity": 28 }, "geometry": { "type": "Point", "coordinates": [ 116.62613515, 39.88269692 ] } },
{ "type": "Feature", "properties": { "station_id": 1577, "name": "杨庄22号院", "capacity": 24 }, "geometry": { "type": "Point", "coordinates": [ 116.62767124, 39.89854038 ] } },
{ "type": "Feature", "properties": { "station_id": 1578, "name": "北关车站", "capacity": 28 }, "geometry": { "type": "Point", "coordinates": [ 116.13582296, 39.74027449 ] } },
{ "type": "Feature", "properties": { "station_id": 1579, "name": "百合湾", "capacity": 24 }, "geometry": { "type": "Point", "coordinates": [ 116.68447232, 39.91210666 ] } },
{ "type": "Feature", "properties": { "station_id": 1580, "name": "燃气路口东", "capacity": 20 }, "geometry": { "type": "Point", "coordinates": [ 116.40128192, 39.90262654 ] } },
{ "type": "Feature", "properties": { "station_id": 1581, "name": "通州党校", "capacity": 32 }, "geometry": { "type": "Point", "coordinates": [ 116.66129249, 39.89888733 ] } },
{ "type": "Feature", "properties": { "station_id": 1582, "name": "通州供暖中心", "capacity": 20 }, "geometry": { "type": "Point", "coordinates": [ 116.66294305, 39.90148185 ] } },
{ "type": "Feature", "properties": { "station_id": 1583, "name": "万达广场1", "capacity": 40 }, "geometry": { "type": "Point", "coordinates": [ 116.22062762, 39.90561222 ] } },
{ "type": "Feature", "properties": { "station_id": 1584, "name": "万达广场2", "capacity": 16 }, "geometry": { "type": "Point", "coordinates": [ 116.22062762, 39.90561222 ] } },
{ "type": "Feature", "properties": { "station_id": 1585, "name": "通广嘉园", "capacity": 40 }, "geometry": { "type": "Point", "coordinates": [ 116.62363677, 39.88937169 ] } },
{ "type": "Feature", "properties": { "station_id": 1586, "name": "北关地铁1", "capacity": 60 }, "geometry": { "type": "Point", "coordinates": [ 116.65054845, 39.90884438 ] } },
{ "type": "Feature", "properties": { "station_id": 1587, "name": "北关地铁2", "capacity": 40 }, "geometry": { "type": "Point", "coordinates": [ 116.42237365, 39.84856672 ] } },
{ "type": "Feature", "properties": { "station_id": 1588, "name": "永顺前上坡3", "capacity": 20 }, "geometry": { "type": "Point", "coordinates": [ 116.64716228, 39.91012837 ] } },
{ "type": "Feature", "properties": { "station_id": 1589, "name": "西马庄东口", "capacity": 40 }, "geometry": { "type": "Point", "coordinates": [ 116.62571255, 39.91410244 ] } },
{ "type": "Feature", "properties": { "station_id": 1590, "name": "永顺前上坡1", "capacity": 20 }, "geometry": { "type": "Point", "coordinates": [ 116.64716228, 39.91012837 ] } },
{ "type": "Feature", "properties": { "station_id": 1591, "name": "永顺前上坡2", "capacity": 32 }, "geometry": { "type": "Point", "coordinates": [ 116.64716228, 39.91012837 ] } },
{ "type": "Feature", "properties": { "station_id": 1592, "name": "小街部队", "capacity": 36 }, "geometry": { "type": "Point", "coordinates": [ 116.65054845, 39.90884438 ] } },
{ "type": "Feature", "properties": { "station_id": 1593, "name": "竹木厂小区南门", "capacity": 40 }, "geometry": { "type": "Point", "coordinates": [ 116.62070258, 39.90783747 ] } },
{ "type": "Feature", "properties": { "station_id": 1594, "name": "台湖小区", "capacity": 40 }, "geometry": { "type": "Point", "coordinates": [ 116.63942428, 39.83698342 ] } },
{ "type": "Feature", "properties": { "station_id": 1595, "name": "台湖北姚园", "capacity": 24 }, "geometry": { "type": "Point", "coordinates": [ 116.68156126, 39.82602648 ] } },
{ "type": "Feature", "properties": { "station_id": 1596, "name": "台湖玉甫上营", "capacity": 60 }, "geometry": { "type": "Point", "coordinates": [ 116.65386764, 39.83162144 ] } },
{ "type": "Feature", "properties": { "station_id": 1597, "name": "台湖前营村", "capacity": 40 }, "geometry": { "type": "Point", "coordinates": [ 116.62744944, 39.84416502 ] } },
{ "type": "Feature", "properties": { "station_id": 1598, "name": "台湖朱家垡村", "capacity": 32 }, "geometry": { "type": "Point", "coordinates": [ 116.62965698, 39.84716014 ] } },
{ "type": "Feature", "properties": { "station_id": 1599, "name": "台湖胡家垡村", "capacity": 48 }, "geometry": { "type": "Point", "coordinates": [ 116.60887321, 39.83318361 ] } },
{ "type": "Feature", "properties": { "station_id": 1600, "name": "台湖地铁车辆厂", "capacity": 40 }, "geometry": { "type": "Point", "coordinates": [ 116.64471404, 39.83140916 ] } },
{ "type": "Feature", "properties": { "station_id": 1601, "name": "台湖环卫所", "capacity": 32 }, "geometry": { "type": "Point", "coordinates": [ 116.64471404, 39.83140916 ] } },
{ "type": "Feature", "properties": { "station_id": 1602, "name": "台湖碱厂村", "capacity": 32 }, "geometry": { "type": "Point", "coordinates": [ 116.66124872, 39.82160981 ] } },
{ "type": "Feature", "properties": { "station_id": 1603, "name": "永顺前上坡4", "capacity": 20 }, "geometry": { "type": "Point", "coordinates": [ 116.64716228, 39.91012837 ] } },
{ "type": "Feature", "properties": { "station_id": 1604, "name": "台湖尖垡村", "capacity": 40 }, "geometry": { "type": "Point", "coordinates": [ 116.65459269, 39.81318876 ] } },
{ "type": "Feature", "properties": { "station_id": 1605, "name": "台湖西下营", "capacity": 52 }, "geometry": { "type": "Point", "coordinates": [ 116.66519607, 39.83043265 ] } },
{ "type": "Feature", "properties": { "station_id": 1606, "name": "台湖镇政府1", "capacity": 40 }, "geometry": { "type": "Point", "coordinates": [ 116.6447826, 39.83081398 ] } },
{ "type": "Feature", "properties": { "station_id": 1607, "name": "台湖镇政府2", "capacity": 40 }, "geometry": { "type": "Point", "coordinates": [ 116.6447826, 39.8308178 ] } },
{ "type": "Feature", "properties": { "station_id": 1608, "name": "次渠杭州银行", "capacity": 60 }, "geometry": { "type": "Point", "coordinates": [ 116.58572703, 39.80246777 ] } },
{ "type": "Feature", "properties": { "station_id": 1609, "name": "次渠选房中心", "capacity": 52 }, "geometry": { "type": "Point", "coordinates": [ 116.56968013, 39.80624546 ] } },
{ "type": "Feature", "properties": { "station_id": 1610, "name": "次渠北里路口145#楼", "capacity": 40 }, "geometry": { "type": "Point", "coordinates": [ 116.57007763, 39.80335453 ] } },
{ "type": "Feature", "properties": { "station_id": 1611, "name": "定海园三里", "capacity": 48 }, "geometry": { "type": "Point", "coordinates": [ 116.55055295, 39.80576874 ] } },
{ "type": "Feature", "properties": { "station_id": 1612, "name": "次渠地铁1", "capacity": 64 }, "geometry": { "type": "Point", "coordinates": [ 116.58109481, 39.80274833 ] } },
{ "type": "Feature", "properties": { "station_id": 1613, "name": "次渠地铁2", "capacity": 32 }, "geometry": { "type": "Point", "coordinates": [ 116.58109481, 39.80274833 ] } },
{ "type": "Feature", "properties": { "station_id": 1614, "name": "环渤海总部基地", "capacity": 40 }, "geometry": { "type": "Point", "coordinates": [ 116.57379603, 39.80818684 ] } },
{ "type": "Feature", "properties": { "station_id": 1615, "name": "会议中心3", "capacity": 48 }, "geometry": { "type": "Point", "coordinates": [ 116.42611932, 40.01994668 ] } },
{ "type": "Feature", "properties": { "station_id": 1616, "name": "永顺管理服务中心", "capacity": 44 }, "geometry": { "type": "Point", "coordinates": [ 116.64875712, 39.93529383 ] } },
{ "type": "Feature", "properties": { "station_id": 1617, "name": "通州工商局", "capacity": 44 }, "geometry": { "type": "Point", "coordinates": [ 116.64877532, 39.91098375 ] } },
{ "type": "Feature", "properties": { "station_id": 1618, "name": "台湖政务服务中心", "capacity": 60 }, "geometry": { "type": "Point", "coordinates": [ 116.64613703, 39.83140284 ] } },
{ "type": "Feature", "properties": { "station_id": 1619, "name": "通州规划局", "capacity": 20 }, "geometry": { "type": "Point", "coordinates": [ 116.67049947, 39.8854616 ] } },
{ "type": "Feature", "properties": { "station_id": 1620, "name": "通州消防支队", "capacity": 32 }, "geometry": { "type": "Point", "coordinates": [ 116.63092656, 39.86189366 ] } },
{ "type": "Feature", "properties": { "station_id": 1621, "name": "玉桥东里", "capacity": 44 }, "geometry": { "type": "Point", "coordinates": [ 116.68292351, 39.88499201 ] } },
{ "type": "Feature", "properties": { "station_id": 1622, "name": "滨江帝景南门", "capacity": 56 }, "geometry": { "type": "Point", "coordinates": [ 116.68813503, 39.88989585 ] } },
{ "type": "Feature", "properties": { "station_id": 1623, "name": "新城基业2", "capacity": 48 }, "geometry": { "type": "Point", "coordinates": [ 116.64783147, 39.85140666 ] } },
{ "type": "Feature", "properties": { "station_id": 1624, "name": "幸福艺居南门", "capacity": 44 }, "geometry": { "type": "Point", "coordinates": [ 116.68377543, 39.88700072 ] } },
{ "type": "Feature", "properties": { "station_id": 1625, "name": "玉桥中路北口", "capacity": 36 }, "geometry": { "type": "Point", "coordinates": [ 116.67334426, 39.88961398 ] } },
{ "type": "Feature", "properties": { "station_id": 1626, "name": "翠屏里小区", "capacity": 40 }, "geometry": { "type": "Point", "coordinates": [ 116.64280499, 39.88539119 ] } },
{ "type": "Feature", "properties": { "station_id": 1627, "name": "郝家府地铁东", "capacity": 68 }, "geometry": { "type": "Point", "coordinates": [ 116.71201187, 39.90059092 ] } },
{ "type": "Feature", "properties": { "station_id": 1628, "name": "郝家府地铁西", "capacity": 72 }, "geometry": { "type": "Point", "coordinates": [ 116.71201187, 39.90059092 ] } },
{ "type": "Feature", "properties": { "station_id": 1629, "name": "潞城地铁南", "capacity": 60 }, "geometry": { "type": "Point", "coordinates": [ 116.7229169, 39.91462913 ] } },
{ "type": "Feature", "properties": { "station_id": 1630, "name": "蓝调沙龙东", "capacity": 44 }, "geometry": { "type": "Point", "coordinates": [ 116.64381701, 39.88620575 ] } },
{ "type": "Feature", "properties": { "station_id": 1631, "name": "蓝调沙龙西", "capacity": 44 }, "geometry": { "type": "Point", "coordinates": [ 116.64381701, 39.88620575 ] } },
{ "type": "Feature", "properties": { "station_id": 1632, "name": "怡佳家园北", "capacity": 40 }, "geometry": { "type": "Point", "coordinates": [ 116.63871556, 39.90683183 ] } },
{ "type": "Feature", "properties": { "station_id": 1633, "name": "东夏园地铁东", "capacity": 64 }, "geometry": { "type": "Point", "coordinates": [ 116.73643816, 39.89572064 ] } },
{ "type": "Feature", "properties": { "station_id": 1634, "name": "东夏园地铁西", "capacity": 60 }, "geometry": { "type": "Point", "coordinates": [ 116.73643816, 39.89572064 ] } },
{ "type": "Feature", "properties": { "station_id": 1635, "name": "东夏园地铁南", "capacity": 52 }, "geometry": { "type": "Point", "coordinates": [ 116.73643816, 39.89572064 ] } },
{ "type": "Feature", "properties": { "station_id": 1636, "name": "欣艺景园", "capacity": 32 }, "geometry": { "type": "Point", "coordinates": [ 116.67952952, 39.89009824 ] } },
{ "type": "Feature", "properties": { "station_id": 1637, "name": "台湖公园", "capacity": 44 }, "geometry": { "type": "Point", "coordinates": [ 116.65170024, 39.8232604 ] } },
{ "type": "Feature", "properties": { "station_id": 1638, "name": "通州区国资委", "capacity": 36 }, "geometry": { "type": "Point", "coordinates": [ 116.35136253, 39.89576096 ] } },
{ "type": "Feature", "properties": { "station_id": 1639, "name": "潞苑南里3号院物美", "capacity": 40 }, "geometry": { "type": "Point", "coordinates": [ 116.6820886, 39.92993249 ] } },
{ "type": "Feature", "properties": { "station_id": 1640, "name": "珠江丽景北口", "capacity": 40 }, "geometry": { "type": "Point", "coordinates": [ 116.67832241, 39.9306108 ] } },
{ "type": "Feature", "properties": { "station_id": 1641, "name": "珠江国际城东区北门", "capacity": 48 }, "geometry": { "type": "Point", "coordinates": [ 116.67911359, 39.93116243 ] } },
{ "type": "Feature", "properties": { "station_id": 1642, "name": "新华医院l路口南", "capacity": 40 }, "geometry": { "type": "Point", "coordinates": [ 116.68267907, 39.89273592 ] } },
{ "type": "Feature", "properties": { "station_id": 1643, "name": "珠江国际城南门", "capacity": 40 }, "geometry": { "type": "Point", "coordinates": [ 116.68094716, 39.93140318 ] } },
{ "type": "Feature", "properties": { "station_id": 1644, "name": "通州文化馆", "capacity": 44 }, "geometry": { "type": "Point", "coordinates": [ 116.68112456, 39.91195634 ] } },
{ "type": "Feature", "properties": { "station_id": 1645, "name": "新华医院", "capacity": 60 }, "geometry": { "type": "Point", "coordinates": [ 116.68267907, 39.89273592 ] } },
{ "type": "Feature", "properties": { "station_id": 1646, "name": "新潮家园", "capacity": 40 }, "geometry": { "type": "Point", "coordinates": [ 116.69380648, 39.93383352 ] } },
{ "type": "Feature", "properties": { "station_id": 1647, "name": "东亚逸品阁东门", "capacity": 40 }, "geometry": { "type": "Point", "coordinates": [ 116.6828111, 39.93246403 ] } },
{ "type": "Feature", "properties": { "station_id": 1648, "name": "珠江丽景南口", "capacity": 40 }, "geometry": { "type": "Point", "coordinates": [ 116.67624542, 39.93054221 ] } },
{ "type": "Feature", "properties": { "station_id": 1649, "name": "小潞邑", "capacity": 40 }, "geometry": { "type": "Point", "coordinates": [ 116.6870187, 39.93327283 ] } },
{ "type": "Feature", "properties": { "station_id": 1650, "name": "翠福园", "capacity": 56 }, "geometry": { "type": "Point", "coordinates": [ 116.64741689, 39.94366916 ] } },
{ "type": "Feature", "properties": { "station_id": 1651, "name": "乔庄北街西口", "capacity": 40 }, "geometry": { "type": "Point", "coordinates": [ 116.67434029, 39.89443364 ] } },
{ "type": "Feature", "properties": { "station_id": 1652, "name": "复兴里小区", "capacity": 40 }, "geometry": { "type": "Point", "coordinates": [ 116.63906662, 39.8989657 ] } },
{ "type": "Feature", "properties": { "station_id": 1653, "name": "珠江国际城西区北门", "capacity": 40 }, "geometry": { "type": "Point", "coordinates": [ 116.41091369, 39.92297365 ] } },
{ "type": "Feature", "properties": { "station_id": 1654, "name": "京贸国际城三号楼", "capacity": 44 }, "geometry": { "type": "Point", "coordinates": [ 116.67935893, 39.91599537 ] } },
{ "type": "Feature", "properties": { "station_id": 1655, "name": "北机市场东门", "capacity": 40 }, "geometry": { "type": "Point", "coordinates": [ 116.63491886, 39.89588637 ] } },
{ "type": "Feature", "properties": { "station_id": 1656, "name": "马驹桥派出所", "capacity": 60 }, "geometry": { "type": "Point", "coordinates": [ 116.37526512, 39.91761881 ] } },
{ "type": "Feature", "properties": { "station_id": 1657, "name": "马驹桥西店环岛", "capacity": 40 }, "geometry": { "type": "Point", "coordinates": [ 116.54369965, 39.75538334 ] } },
{ "type": "Feature", "properties": { "station_id": 1658, "name": "马驹桥神龙公园", "capacity": 35 }, "geometry": { "type": "Point", "coordinates": [ 116.54078575, 39.75271869 ] } },
{ "type": "Feature", "properties": { "station_id": 1659, "name": "马驹桥玉林路口", "capacity": 40 }, "geometry": { "type": "Point", "coordinates": [ 116.54369965, 39.75538334 ] } },
{ "type": "Feature", "properties": { "station_id": 1660, "name": "奥体公园", "capacity": 40 }, "geometry": { "type": "Point", "coordinates": [ 116.68013586, 39.90881117 ] } },
{ "type": "Feature", "properties": { "station_id": 1661, "name": "武装部2", "capacity": 60 }, "geometry": { "type": "Point", "coordinates": [ 116.62517654, 40.31064115 ] } },
{ "type": "Feature", "properties": { "station_id": 1662, "name": "马驹桥社区服务中心", "capacity": 37 }, "geometry": { "type": "Point", "coordinates": [ 116.549549, 39.76190564 ] } },
{ "type": "Feature", "properties": { "station_id": 1663, "name": "温馨家园西区", "capacity": 40 }, "geometry": { "type": "Point", "coordinates": [ 116.54306685, 39.73865646 ] } },
{ "type": "Feature", "properties": { "station_id": 1664, "name": "豪润广场", "capacity": 40 }, "geometry": { "type": "Point", "coordinates": [ 116.5396758, 39.75905565 ] } },
{ "type": "Feature", "properties": { "station_id": 1665, "name": "百尚生活广场", "capacity": 40 }, "geometry": { "type": "Point", "coordinates": [ 116.53907997, 39.75190255 ] } },
{ "type": "Feature", "properties": { "station_id": 1666, "name": "联东U谷", "capacity": 40 }, "geometry": { "type": "Point", "coordinates": [ 117.11952188, 40.1729754 ] } },
{ "type": "Feature", "properties": { "station_id": 1667, "name": "物流基地管理委员会", "capacity": 40 }, "geometry": { "type": "Point", "coordinates": [ 116.10923156, 39.72128341 ] } },
{ "type": "Feature", "properties": { "station_id": 1668, "name": "新华小区", "capacity": 40 }, "geometry": { "type": "Point", "coordinates": [ 116.66982768, 39.90419981 ] } },
{ "type": "Feature", "properties": { "station_id": 1669, "name": "大稿村菜市场", "capacity": 40 }, "geometry": { "type": "Point", "coordinates": [ 116.62621257, 39.87219167 ] } },
{ "type": "Feature", "properties": { "station_id": 1670, "name": "格瑞雅居西门", "capacity": 40 }, "geometry": { "type": "Point", "coordinates": [ 116.6378582, 39.88494169 ] } },
{ "type": "Feature", "properties": { "station_id": 1671, "name": "世爵源墅", "capacity": 40 }, "geometry": { "type": "Point", "coordinates": [ 116.63361961, 39.8762932 ] } },
{ "type": "Feature", "properties": { "station_id": 1672, "name": "国风美仑小区", "capacity": 40 }, "geometry": { "type": "Point", "coordinates": [ 116.5798167, 39.76804465 ] } },
{ "type": "Feature", "properties": { "station_id": 1673, "name": "马驹桥敬老院", "capacity": 40 }, "geometry": { "type": "Point", "coordinates": [ 116.54468621, 39.75577057 ] } },
{ "type": "Feature", "properties": { "station_id": 1674, "name": "新海北里小区", "capacity": 39 }, "geometry": { "type": "Point", "coordinates": [ 116.53604228, 39.75569476 ] } },
{ "type": "Feature", "properties": { "station_id": 1675, "name": "小稿村南门", "capacity": 40 }, "geometry": { "type": "Point", "coordinates": [ 116.6431645, 39.87032709 ] } },
{ "type": "Feature", "properties": { "station_id": 1676, "name": "新城乐居西门", "capacity": 40 }, "geometry": { "type": "Point", "coordinates": [ 116.68494252, 39.86317706 ] } },
{ "type": "Feature", "properties": { "station_id": 1677, "name": "家乐福建设银行路口", "capacity": 40 }, "geometry": { "type": "Point", "coordinates": [ 116.65089336, 39.88836357 ] } },
{ "type": "Feature", "properties": { "station_id": 1678, "name": "华远铭悦西门", "capacity": 35 }, "geometry": { "type": "Point", "coordinates": [ 116.69401975, 39.87119487 ] } },
{ "type": "Feature", "properties": { "station_id": 1679, "name": "金源泉东", "capacity": 40 }, "geometry": { "type": "Point", "coordinates": [ 116.64138087, 39.89374359 ] } },
{ "type": "Feature", "properties": { "station_id": 1680, "name": "京贸国际公馆", "capacity": 40 }, "geometry": { "type": "Point", "coordinates": [ 116.62969059, 39.88386313 ] } },
{ "type": "Feature", "properties": { "station_id": 1681, "name": "花石匠", "capacity": 35 }, "geometry": { "type": "Point", "coordinates": [ 116.69326614, 39.87275623 ] } },
{ "type": "Feature", "properties": { "station_id": 1682, "name": "322公交总站", "capacity": 40 }, "geometry": { "type": "Point", "coordinates": [ 116.40128192, 39.90262654 ] } },
{ "type": "Feature", "properties": { "station_id": 1683, "name": "潞河实验小学", "capacity": 35 }, "geometry": { "type": "Point", "coordinates": [ 116.40128192, 39.90262654 ] } },
{ "type": "Feature", "properties": { "station_id": 1684, "name": "实验二小西", "capacity": 40 }, "geometry": { "type": "Point", "coordinates": [ 116.32279966, 40.07188713 ] } },
{ "type": "Feature", "properties": { "station_id": 1685, "name": "322公交总站东", "capacity": 40 }, "geometry": { "type": "Point", "coordinates": [ 116.40128192, 39.90262654 ] } },
{ "type": "Feature", "properties": { "station_id": 1686, "name": "百合湾东门", "capacity": 40 }, "geometry": { "type": "Point", "coordinates": [ 116.40128192, 39.90262654 ] } },
{ "type": "Feature", "properties": { "station_id": 1687, "name": "通州财政局", "capacity": 20 }, "geometry": { "type": "Point", "coordinates": [ 116.67049947, 39.8854616 ] } },
{ "type": "Feature", "properties": { "station_id": 1688, "name": "家乐福北京银行路口", "capacity": 45 }, "geometry": { "type": "Point", "coordinates": [ 116.64995011, 39.88633216 ] } },
{ "type": "Feature", "properties": { "station_id": 1689, "name": "大高力新村", "capacity": 40 }, "geometry": { "type": "Point", "coordinates": [ 116.33779508, 39.71333464 ] } },
{ "type": "Feature", "properties": { "station_id": 1690, "name": "阳光保险东北门", "capacity": 40 }, "geometry": { "type": "Point", "coordinates": [ 116.64321562, 39.95007353 ] } },
{ "type": "Feature", "properties": { "station_id": 1691, "name": "金地格林小区", "capacity": 52 }, "geometry": { "type": "Point", "coordinates": [ 116.48967293, 39.79198174 ] } },
{ "type": "Feature", "properties": { "station_id": 1692, "name": "阳光保险西北门", "capacity": 40 }, "geometry": { "type": "Point", "coordinates": [ 116.64100109, 39.94995904 ] } },
{ "type": "Feature", "properties": { "station_id": 1693, "name": "迪卡侬", "capacity": 40 }, "geometry": { "type": "Point", "coordinates": [ 116.69088464, 39.86926611 ] } },
{ "type": "Feature", "properties": { "station_id": 1694, "name": "通州三中东", "capacity": 40 }, "geometry": { "type": "Point", "coordinates": [ 116.72504319, 39.90900108 ] } },
{ "type": "Feature", "properties": { "station_id": 1695, "name": "潞河中学家属楼", "capacity": 32 }, "geometry": { "type": "Point", "coordinates": [ 116.64541344, 39.89934017 ] } },
{ "type": "Feature", "properties": { "station_id": 1696, "name": "砖厂新村", "capacity": 40 }, "geometry": { "type": "Point", "coordinates": [ 116.69287848, 39.86906061 ] } },
{ "type": "Feature", "properties": { "station_id": 1697, "name": "玉桥小学北", "capacity": 35 }, "geometry": { "type": "Point", "coordinates": [ 116.67820531, 39.89315231 ] } },
{ "type": "Feature", "properties": { "station_id": 1698, "name": "香林郡小区", "capacity": 40 }, "geometry": { "type": "Point", "coordinates": [ 116.67576216, 39.90104152 ] } },
{ "type": "Feature", "properties": { "station_id": 1699, "name": "京杭府", "capacity": 40 }, "geometry": { "type": "Point", "coordinates": [ 116.65312026, 39.90805003 ] } },
{ "type": "Feature", "properties": { "station_id": 1700, "name": "通州西站", "capacity": 40 }, "geometry": { "type": "Point", "coordinates": [ 116.62129715, 39.90343101 ] } },
{ "type": "Feature", "properties": { "station_id": 1701, "name": "中加学校西", "capacity": 40 }, "geometry": { "type": "Point", "coordinates": [ 116.68856211, 39.94348549 ] } },
{ "type": "Feature", "properties": { "station_id": 1702, "name": "红杉溪谷幼儿园", "capacity": 40 }, "geometry": { "type": "Point", "coordinates": [ 116.68870714, 39.93980802 ] } },
{ "type": "Feature", "properties": { "station_id": 1703, "name": "兴武林村", "capacity": 40 }, "geometry": { "type": "Point", "coordinates": [ 116.65408358, 39.8078915 ] } },
{ "type": "Feature", "properties": { "station_id": 1704, "name": "台湖学校", "capacity": 40 }, "geometry": { "type": "Point", "coordinates": [ 116.62891207, 39.83739235 ] } },
{ "type": "Feature", "properties": { "station_id": 1705, "name": "丛林庄", "capacity": 30 }, "geometry": { "type": "Point", "coordinates": [ 116.69009108, 39.94783908 ] } },
{ "type": "Feature", "properties": { "station_id": 1706, "name": "通州区看守所", "capacity": 40 }, "geometry": { "type": "Point", "coordinates": [ 116.65787232, 39.80910878 ] } },
{ "type": "Feature", "properties": { "station_id": 1707, "name": "天润别墅", "capacity": 35 }, "geometry": { "type": "Point", "coordinates": [ 116.69121584, 39.9596699 ] } },
{ "type": "Feature", "properties": { "station_id": 1708, "name": "东下营村", "capacity": 40 }, "geometry": { "type": "Point", "coordinates": [ 116.67081053, 39.83063546 ] } },
{ "type": "Feature", "properties": { "station_id": 1709, "name": "周坡庄村", "capacity": 40 }, "geometry": { "type": "Point", "coordinates": [ 116.61260042, 39.82284354 ] } },
{ "type": "Feature", "properties": { "station_id": 1710, "name": "北火垡村", "capacity": 40 }, "geometry": { "type": "Point", "coordinates": [ 116.64054689, 39.80531419 ] } },
{ "type": "Feature", "properties": { "station_id": 1711, "name": "唐大庄村", "capacity": 35 }, "geometry": { "type": "Point", "coordinates": [ 116.67910308, 39.83155814 ] } },
{ "type": "Feature", "properties": { "station_id": 1712, "name": "张湾开发区奥托博克路口", "capacity": 35 }, "geometry": { "type": "Point", "coordinates": [ 116.72475269, 39.85595292 ] } },
{ "type": "Feature", "properties": { "station_id": 1713, "name": "张湾开发区铜牛北门", "capacity": 40 }, "geometry": { "type": "Point", "coordinates": [ 116.46606558, 39.9116886 ] } },
{ "type": "Feature", "properties": { "station_id": 1714, "name": "西集镇政府花园", "capacity": 35 }, "geometry": { "type": "Point", "coordinates": [ 116.83379251, 39.79923969 ] } },
{ "type": "Feature", "properties": { "station_id": 1715, "name": "香雪兰溪北门", "capacity": 40 }, "geometry": { "type": "Point", "coordinates": [ 116.53331997, 39.74256348 ] } },
{ "type": "Feature", "properties": { "station_id": 1716, "name": "西集中学", "capacity": 40 }, "geometry": { "type": "Point", "coordinates": [ 116.87169879, 39.81534635 ] } },
{ "type": "Feature", "properties": { "station_id": 1717, "name": "京通水务", "capacity": 40 }, "geometry": { "type": "Point", "coordinates": [ 116.63649209, 39.85286778 ] } },
{ "type": "Feature", "properties": { "station_id": 1718, "name": "群芳四园西门", "capacity": 40 }, "geometry": { "type": "Point", "coordinates": [ 116.65374186, 39.86472364 ] } },
{ "type": "Feature", "properties": { "station_id": 1719, "name": "台湖国际图书城北门", "capacity": 40 }, "geometry": { "type": "Point", "coordinates": [ 116.61490765, 39.83225931 ] } },
{ "type": "Feature", "properties": { "station_id": 1720, "name": "窑上村", "capacity": 40 }, "geometry": { "type": "Point", "coordinates": [ 116.19739604, 39.61399903 ] } },
{ "type": "Feature", "properties": { "station_id": 1721, "name": "西定福庄客运站", "capacity": 40 }, "geometry": { "type": "Point", "coordinates": [ 116.73761209, 39.8351729 ] } },
{ "type": "Feature", "properties": { "station_id": 1722, "name": "贾各庄村西口", "capacity": 40 }, "geometry": { "type": "Point", "coordinates": [ 116.74558723, 39.83887203 ] } },
{ "type": "Feature", "properties": { "station_id": 1723, "name": "兴华嘉园", "capacity": 40 }, "geometry": { "type": "Point", "coordinates": [ 116.54436535, 39.752852 ] } },
{ "type": "Feature", "properties": { "station_id": 1724, "name": "马驹桥中心小学", "capacity": 40 }, "geometry": { "type": "Point", "coordinates": [ 116.54534396, 39.75551632 ] } },
{ "type": "Feature", "properties": { "station_id": 1725, "name": "于家务乡政府", "capacity": 40 }, "geometry": { "type": "Point", "coordinates": [ 116.40128192, 39.90262654 ] } },
{ "type": "Feature", "properties": { "station_id": 1726, "name": "于家务行政服务中心", "capacity": 40 }, "geometry": { "type": "Point", "coordinates": [ 116.6906601, 39.71578413 ] } },
{ "type": "Feature", "properties": { "station_id": 1727, "name": "永乐店派出所", "capacity": 40 }, "geometry": { "type": "Point", "coordinates": [ 116.79152239, 39.70887648 ] } },
{ "type": "Feature", "properties": { "station_id": 1728, "name": "永乐店镇政府", "capacity": 40 }, "geometry": { "type": "Point", "coordinates": [ 116.79055212, 39.70824949 ] } },
{ "type": "Feature", "properties": { "station_id": 1729, "name": "日新路南口", "capacity": 40 }, "geometry": { "type": "Point", "coordinates": [ 116.51507562, 40.08790107 ] } },
{ "type": "Feature", "properties": { "station_id": 1730, "name": "龙鼎园东", "capacity": 35 }, "geometry": { "type": "Point", "coordinates": [ 116.64358982, 39.87718865 ] } },
{ "type": "Feature", "properties": { "station_id": 1731, "name": "西小马庄园北门", "capacity": 40 }, "geometry": { "type": "Point", "coordinates": [ 116.63831539, 39.88058859 ] } },
{ "type": "Feature", "properties": { "station_id": 1732, "name": "马桥物流基地水厂", "capacity": 40 }, "geometry": { "type": "Point", "coordinates": [ 116.40128192, 39.90262654 ] } },
{ "type": "Feature", "properties": { "station_id": 1733, "name": "马驹桥中学", "capacity": 40 }, "geometry": { "type": "Point", "coordinates": [ 116.54666704, 39.75493151 ] } },
{ "type": "Feature", "properties": { "station_id": 1734, "name": "神龙金桥小区", "capacity": 40 }, "geometry": { "type": "Point", "coordinates": [ 116.54116871, 39.74869544 ] } },
{ "type": "Feature", "properties": { "station_id": 1735, "name": "华英园站", "capacity": 30 }, "geometry": { "type": "Point", "coordinates": [ 116.61164135, 40.12825151 ] } },
{ "type": "Feature", "properties": { "station_id": 1736, "name": "石门苑站", "capacity": 25 }, "geometry": { "type": "Point", "coordinates": [ 116.62586884, 40.13035701 ] } },
{ "type": "Feature", "properties": { "station_id": 1737, "name": "国泰宏城站", "capacity": 30 }, "geometry": { "type": "Point", "coordinates": [ 116.42703249, 39.93130181 ] } },
{ "type": "Feature", "properties": { "station_id": 1738, "name": "万科北门站", "capacity": 45 }, "geometry": { "type": "Point", "coordinates": [ 116.63565946, 40.12579239 ] } },
{ "type": "Feature", "properties": { "station_id": 1739, "name": "地铁顺义2站", "capacity": 30 }, "geometry": { "type": "Point", "coordinates": [ 116.63370966, 40.13549526 ] } },
{ "type": "Feature", "properties": { "station_id": 1740, "name": "顺义交通局站", "capacity": 25 }, "geometry": { "type": "Point", "coordinates": [ 116.22467433, 40.22808131 ] } },
{ "type": "Feature", "properties": { "station_id": 1741, "name": "地铁顺义1站", "capacity": 60 }, "geometry": { "type": "Point", "coordinates": [ 116.65043773, 40.12827694 ] } },
{ "type": "Feature", "properties": { "station_id": 1742, "name": "自来水公司1站", "capacity": 30 }, "geometry": { "type": "Point", "coordinates": [ 116.65576696, 39.66715439 ] } },
{ "type": "Feature", "properties": { "station_id": 1743, "name": "新世界百货站", "capacity": 70 }, "geometry": { "type": "Point", "coordinates": [ 116.41177226, 39.89720324 ] } },
{ "type": "Feature", "properties": { "station_id": 1744, "name": "农商银行站", "capacity": 25 }, "geometry": { "type": "Point", "coordinates": [ 116.64333112, 40.12471936 ] } },
{ "type": "Feature", "properties": { "station_id": 1745, "name": "怡园北门站", "capacity": 30 }, "geometry": { "type": "Point", "coordinates": [ 116.64587351, 40.11848608 ] } },
{ "type": "Feature", "properties": { "station_id": 1746, "name": "怡馨家园东门站", "capacity": 40 }, "geometry": { "type": "Point", "coordinates": [ 116.64224365, 40.11858011 ] } },
{ "type": "Feature", "properties": { "station_id": 1747, "name": "便民街物美站", "capacity": 35 }, "geometry": { "type": "Point", "coordinates": [ 116.6510762, 40.13353193 ] } },
{ "type": "Feature", "properties": { "station_id": 1748, "name": "幸福东区车站", "capacity": 15 }, "geometry": { "type": "Point", "coordinates": [ 116.5515326, 40.17331307 ] } },
{ "type": "Feature", "properties": { "station_id": 1749, "name": "春峰大卖场站", "capacity": 35 }, "geometry": { "type": "Point", "coordinates": [ 116.64637479, 40.12606813 ] } },
{ "type": "Feature", "properties": { "station_id": 1750, "name": "双兴南区北门站", "capacity": 25 }, "geometry": { "type": "Point", "coordinates": [ 116.64836696, 40.1375953 ] } },
{ "type": "Feature", "properties": { "station_id": 1751, "name": "仁和花园站", "capacity": 30 }, "geometry": { "type": "Point", "coordinates": [ 116.6788785, 40.10844931 ] } },
{ "type": "Feature", "properties": { "station_id": 1752, "name": "胜利小区北门站", "capacity": 50 }, "geometry": { "type": "Point", "coordinates": [ 116.64825319, 40.13466611 ] } },
{ "type": "Feature", "properties": { "station_id": 1753, "name": "怡馨家园西门站", "capacity": 20 }, "geometry": { "type": "Point", "coordinates": [ 116.64224365, 40.11858011 ] } },
{ "type": "Feature", "properties": { "station_id": 1754, "name": "怡馨家园南门站", "capacity": 20 }, "geometry": { "type": "Point", "coordinates": [ 116.64224365, 40.11858011 ] } },
{ "type": "Feature", "properties": { "station_id": 1755, "name": "前进花园站", "capacity": 30 }, "geometry": { "type": "Point", "coordinates": [ 116.62691876, 40.13704595 ] } },
{ "type": "Feature", "properties": { "station_id": 1756, "name": "万科东门站", "capacity": 25 }, "geometry": { "type": "Point", "coordinates": [ 116.63514936, 40.12679636 ] } },
{ "type": "Feature", "properties": { "station_id": 1757, "name": "西辛北区站", "capacity": 20 }, "geometry": { "type": "Point", "coordinates": [ 116.63765988, 40.13666389 ] } },
{ "type": "Feature", "properties": { "station_id": 1758, "name": "裕龙五区站", "capacity": 30 }, "geometry": { "type": "Point", "coordinates": [ 116.6703334, 40.12050746 ] } },
{ "type": "Feature", "properties": { "station_id": 1759, "name": "望潮家园站", "capacity": 20 }, "geometry": { "type": "Point", "coordinates": [ 116.68096214, 40.11658915 ] } },
{ "type": "Feature", "properties": { "station_id": 1760, "name": "滨河北门1站", "capacity": 45 }, "geometry": { "type": "Point", "coordinates": [ 116.67667869, 40.11721504 ] } },
{ "type": "Feature", "properties": { "station_id": 1761, "name": "滨河南门站", "capacity": 30 }, "geometry": { "type": "Point", "coordinates": [ 116.67667869, 40.11721504 ] } },
{ "type": "Feature", "properties": { "station_id": 1762, "name": "顺义八中站", "capacity": 30 }, "geometry": { "type": "Point", "coordinates": [ 116.65270369, 40.13953648 ] } },
{ "type": "Feature", "properties": { "station_id": 1763, "name": "裕龙六区南门站", "capacity": 25 }, "geometry": { "type": "Point", "coordinates": [ 116.67099562, 40.1176683 ] } },
{ "type": "Feature", "properties": { "station_id": 1764, "name": "绿港四区站", "capacity": 20 }, "geometry": { "type": "Point", "coordinates": [ 116.6564626, 40.13599356 ] } },
{ "type": "Feature", "properties": { "station_id": 1765, "name": "裕龙西区站", "capacity": 25 }, "geometry": { "type": "Point", "coordinates": [ 116.66234467, 40.12631301 ] } },
{ "type": "Feature", "properties": { "station_id": 1766, "name": "东兴二区站", "capacity": 20 }, "geometry": { "type": "Point", "coordinates": [ 116.65922501, 40.13014476 ] } },
{ "type": "Feature", "properties": { "station_id": 1767, "name": "幸福东区南门站", "capacity": 20 }, "geometry": { "type": "Point", "coordinates": [ 116.65255244, 40.13213316 ] } },
{ "type": "Feature", "properties": { "station_id": 1768, "name": "绿港二区站", "capacity": 30 }, "geometry": { "type": "Point", "coordinates": [ 116.65467508, 40.13277764 ] } },
{ "type": "Feature", "properties": { "station_id": 1769, "name": "裕龙二区1站", "capacity": 25 }, "geometry": { "type": "Point", "coordinates": [ 116.66209433, 40.12058814 ] } },
{ "type": "Feature", "properties": { "station_id": 1770, "name": "裕龙一区1站", "capacity": 20 }, "geometry": { "type": "Point", "coordinates": [ 116.66112849, 40.11778263 ] } },
{ "type": "Feature", "properties": { "station_id": 1771, "name": "裕龙三区站", "capacity": 35 }, "geometry": { "type": "Point", "coordinates": [ 116.6653805, 40.12330146 ] } },
{ "type": "Feature", "properties": { "station_id": 1772, "name": "绿港一区站", "capacity": 25 }, "geometry": { "type": "Point", "coordinates": [ 116.65869204, 40.13347569 ] } },
{ "type": "Feature", "properties": { "station_id": 1773, "name": "五里仓南门站", "capacity": 30 }, "geometry": { "type": "Point", "coordinates": [ 116.64866671, 40.11335839 ] } },
{ "type": "Feature", "properties": { "station_id": 1774, "name": "石园北区东门站", "capacity": 35 }, "geometry": { "type": "Point", "coordinates": [ 116.66267341, 40.11338551 ] } },
{ "type": "Feature", "properties": { "station_id": 1775, "name": "石园西区北门站", "capacity": 30 }, "geometry": { "type": "Point", "coordinates": [ 116.65676243, 40.1108526 ] } },
{ "type": "Feature", "properties": { "station_id": 1776, "name": "石园北区南门站", "capacity": 35 }, "geometry": { "type": "Point", "coordinates": [ 116.655484, 40.11300251 ] } },
{ "type": "Feature", "properties": { "station_id": 1777, "name": "仁和商业大厦站", "capacity": 30 }, "geometry": { "type": "Point", "coordinates": [ 116.65417594, 40.10857647 ] } },
{ "type": "Feature", "properties": { "station_id": 1778, "name": "港馨东区1站", "capacity": 20 }, "geometry": { "type": "Point", "coordinates": [ 116.68269844, 40.10391842 ] } },
{ "type": "Feature", "properties": { "station_id": 1779, "name": "顺义残联站", "capacity": 30 }, "geometry": { "type": "Point", "coordinates": [ 116.65603154, 40.11499639 ] } },
{ "type": "Feature", "properties": { "station_id": 1780, "name": "石园东区14号站", "capacity": 20 }, "geometry": { "type": "Point", "coordinates": [ 116.66247594, 40.11070056 ] } },
{ "type": "Feature", "properties": { "station_id": 1781, "name": "集汇大街站", "capacity": 35 }, "geometry": { "type": "Point", "coordinates": [ 116.65371195, 40.10758941 ] } },
{ "type": "Feature", "properties": { "station_id": 1782, "name": "港馨西区1站", "capacity": 25 }, "geometry": { "type": "Point", "coordinates": [ 116.67145372, 40.10450019 ] } },
{ "type": "Feature", "properties": { "station_id": 1783, "name": "妇幼医院站", "capacity": 30 }, "geometry": { "type": "Point", "coordinates": [ 116.66713908, 40.11345702 ] } },
{ "type": "Feature", "properties": { "station_id": 1784, "name": "顺义公园北门站", "capacity": 35 }, "geometry": { "type": "Point", "coordinates": [ 116.65629723, 40.11978292 ] } },
{ "type": "Feature", "properties": { "station_id": 1785, "name": "顺义公园东门站", "capacity": 30 }, "geometry": { "type": "Point", "coordinates": [ 116.65629723, 40.11978292 ] } },
{ "type": "Feature", "properties": { "station_id": 1786, "name": "顺义火车站站", "capacity": 25 }, "geometry": { "type": "Point", "coordinates": [ 116.63987612, 40.12451542 ] } },
{ "type": "Feature", "properties": { "station_id": 1787, "name": "自来水酒楼站", "capacity": 25 }, "geometry": { "type": "Point", "coordinates": [ 116.65252448, 40.11213836 ] } },
{ "type": "Feature", "properties": { "station_id": 1788, "name": "裕龙体彩中心站", "capacity": 25 }, "geometry": { "type": "Point", "coordinates": [ 116.66779256, 40.11963885 ] } },
{ "type": "Feature", "properties": { "station_id": 1789, "name": "怡馨家园北门站", "capacity": 30 }, "geometry": { "type": "Point", "coordinates": [ 116.6417716, 40.12039655 ] } },
{ "type": "Feature", "properties": { "station_id": 1790, "name": "顺鑫华玺瀚楟站", "capacity": 25 }, "geometry": { "type": "Point", "coordinates": [ 116.64220454, 40.12719299 ] } },
{ "type": "Feature", "properties": { "station_id": 1791, "name": "鑫海韵通站", "capacity": 30 }, "geometry": { "type": "Point", "coordinates": [ 116.64463939, 40.12964904 ] } },
{ "type": "Feature", "properties": { "station_id": 1792, "name": "西辛小学站", "capacity": 30 }, "geometry": { "type": "Point", "coordinates": [ 116.63730262, 40.13297982 ] } },
{ "type": "Feature", "properties": { "station_id": 1793, "name": "石门地铁3站", "capacity": 50 }, "geometry": { "type": "Point", "coordinates": [ 116.6355218, 40.13107166 ] } },
{ "type": "Feature", "properties": { "station_id": 1794, "name": "燕京啤酒厂北门站", "capacity": 50 }, "geometry": { "type": "Point", "coordinates": [ 116.67755627, 40.09588333 ] } },
{ "type": "Feature", "properties": { "station_id": 1795, "name": "燕京啤酒厂南门站", "capacity": 50 }, "geometry": { "type": "Point", "coordinates": [ 116.67754891, 40.09384645 ] } },
{ "type": "Feature", "properties": { "station_id": 1796, "name": "西辛南区南门南站", "capacity": 50 }, "geometry": { "type": "Point", "coordinates": [ 116.63730262, 40.13297982 ] } },
{ "type": "Feature", "properties": { "station_id": 1797, "name": "西辛南区南门北站", "capacity": 50 }, "geometry": { "type": "Point", "coordinates": [ 116.63730262, 40.13297982 ] } },
{ "type": "Feature", "properties": { "station_id": 1798, "name": "石园东区南门西站", "capacity": 30 }, "geometry": { "type": "Point", "coordinates": [ 116.67244235, 40.10747734 ] } },
{ "type": "Feature", "properties": { "station_id": 1799, "name": "石门地铁2站", "capacity": 40 }, "geometry": { "type": "Point", "coordinates": [ 116.63651149, 40.12942612 ] } },
{ "type": "Feature", "properties": { "station_id": 1800, "name": "石门地铁1站", "capacity": 35 }, "geometry": { "type": "Point", "coordinates": [ 116.63524046, 40.12871484 ] } },
{ "type": "Feature", "properties": { "station_id": 1801, "name": "卧龙环岛站", "capacity": 45 }, "geometry": { "type": "Point", "coordinates": [ 116.63609204, 40.13610568 ] } },
{ "type": "Feature", "properties": { "station_id": 1802, "name": "地铁顺义3站", "capacity": 40 }, "geometry": { "type": "Point", "coordinates": [ 116.8224463, 40.06859506 ] } },
{ "type": "Feature", "properties": { "station_id": 1803, "name": "龙府花园站", "capacity": 20 }, "geometry": { "type": "Point", "coordinates": [ 116.64569574, 40.14073925 ] } },
{ "type": "Feature", "properties": { "station_id": 1804, "name": "国泰广场站", "capacity": 45 }, "geometry": { "type": "Point", "coordinates": [ 116.57248591, 39.9074919 ] } },
{ "type": "Feature", "properties": { "station_id": 1805, "name": "胜利南门站", "capacity": 45 }, "geometry": { "type": "Point", "coordinates": [ 116.64825319, 40.13466611 ] } },
{ "type": "Feature", "properties": { "station_id": 1806, "name": "裕龙二区2站", "capacity": 20 }, "geometry": { "type": "Point", "coordinates": [ 116.6621703, 40.12142716 ] } },
{ "type": "Feature", "properties": { "station_id": 1807, "name": "裕龙一区2站", "capacity": 25 }, "geometry": { "type": "Point", "coordinates": [ 116.66112849, 40.11778263 ] } },
{ "type": "Feature", "properties": { "station_id": 1808, "name": "隆华购物中心站", "capacity": 45 }, "geometry": { "type": "Point", "coordinates": [ 116.64467112, 40.11916715 ] } },
{ "type": "Feature", "properties": { "station_id": 1809, "name": "AMB大厦站", "capacity": 25 }, "geometry": { "type": "Point", "coordinates": [ 116.65015833, 40.11110139 ] } },
{ "type": "Feature", "properties": { "station_id": 1810, "name": "石园南区东门站", "capacity": 40 }, "geometry": { "type": "Point", "coordinates": [ 116.6568925, 40.10491335 ] } },
{ "type": "Feature", "properties": { "station_id": 1811, "name": "裕龙四区南门2站", "capacity": 25 }, "geometry": { "type": "Point", "coordinates": [ 116.66567751, 40.12076053 ] } },
{ "type": "Feature", "properties": { "station_id": 1812, "name": "裕龙四区北门西站", "capacity": 25 }, "geometry": { "type": "Point", "coordinates": [ 116.66567751, 40.12076053 ] } },
{ "type": "Feature", "properties": { "station_id": 1813, "name": "裕龙四区北门东站", "capacity": 45 }, "geometry": { "type": "Point", "coordinates": [ 116.66567751, 40.12076053 ] } },
{ "type": "Feature", "properties": { "station_id": 1814, "name": "石门市场1站", "capacity": 45 }, "geometry": { "type": "Point", "coordinates": [ 116.61972366, 40.12822841 ] } },
{ "type": "Feature", "properties": { "station_id": 1815, "name": "石门市场2站", "capacity": 45 }, "geometry": { "type": "Point", "coordinates": [ 116.61972366, 40.12822841 ] } },
{ "type": "Feature", "properties": { "station_id": 1816, "name": "梅沟营车站站", "capacity": 40 }, "geometry": { "type": "Point", "coordinates": [ 116.49013977, 40.04067353 ] } },
{ "type": "Feature", "properties": { "station_id": 1817, "name": "裕龙四区南门1站", "capacity": 20 }, "geometry": { "type": "Point", "coordinates": [ 116.66567751, 40.12076053 ] } },
{ "type": "Feature", "properties": { "station_id": 1818, "name": "顺义总工会站", "capacity": 25 }, "geometry": { "type": "Point", "coordinates": [ 116.65142716, 40.12581869 ] } },
{ "type": "Feature", "properties": { "station_id": 1819, "name": "五里仓兴顺宝典站", "capacity": 30 }, "geometry": { "type": "Point", "coordinates": [ 116.65141094, 40.13391274 ] } },
{ "type": "Feature", "properties": { "station_id": 1820, "name": "图书馆站", "capacity": 35 }, "geometry": { "type": "Point", "coordinates": [ 117.12092734, 40.11276816 ] } },
{ "type": "Feature", "properties": { "station_id": 1821, "name": "拥军路东口站", "capacity": 35 }, "geometry": { "type": "Point", "coordinates": [ 116.65979661, 40.12195046 ] } },
{ "type": "Feature", "properties": { "station_id": 1822, "name": "民生银行1站", "capacity": 45 }, "geometry": { "type": "Point", "coordinates": [ 116.65590406, 40.16132533 ] } },
{ "type": "Feature", "properties": { "station_id": 1823, "name": "民生银行2站", "capacity": 45 }, "geometry": { "type": "Point", "coordinates": [ 116.65590406, 40.16132533 ] } },
{ "type": "Feature", "properties": { "station_id": 1824, "name": "金蝶软件南门站", "capacity": 45 }, "geometry": { "type": "Point", "coordinates": [ 116.65922894, 40.15974754 ] } },
{ "type": "Feature", "properties": { "station_id": 1825, "name": "港馨东区2站", "capacity": 25 }, "geometry": { "type": "Point", "coordinates": [ 116.68582563, 40.10391281 ] } },
{ "type": "Feature", "properties": { "station_id": 1826, "name": "港馨西区2站", "capacity": 25 }, "geometry": { "type": "Point", "coordinates": [ 116.69993245, 40.06217883 ] } },
{ "type": "Feature", "properties": { "station_id": 1827, "name": "自来水公司2站", "capacity": 20 }, "geometry": { "type": "Point", "coordinates": [ 116.35047831, 39.96284867 ] } },
{ "type": "Feature", "properties": { "station_id": 1828, "name": "旺泉街道站", "capacity": 35 }, "geometry": { "type": "Point", "coordinates": [ 116.62876318, 40.1213398 ] } },
{ "type": "Feature", "properties": { "station_id": 1829, "name": "仁和镇政府站", "capacity": 45 }, "geometry": { "type": "Point", "coordinates": [ 116.64759345, 40.11646522 ] } },
{ "type": "Feature", "properties": { "station_id": 1830, "name": "滨河北门2站", "capacity": 45 }, "geometry": { "type": "Point", "coordinates": [ 116.67667869, 40.11721504 ] } },
{ "type": "Feature", "properties": { "station_id": 1831, "name": "燕泽州商城2站", "capacity": 25 }, "geometry": { "type": "Point", "coordinates": [ 116.64680054, 40.12905019 ] } },
{ "type": "Feature", "properties": { "station_id": 1832, "name": "双兴鑫海韵通1站", "capacity": 30 }, "geometry": { "type": "Point", "coordinates": [ 116.07929948, 40.48954034 ] } },
{ "type": "Feature", "properties": { "station_id": 1833, "name": "双兴鑫海韵通2站", "capacity": 30 }, "geometry": { "type": "Point", "coordinates": [ 116.65483789, 40.10827389 ] } },
{ "type": "Feature", "properties": { "station_id": 1834, "name": "港馨西区西门站", "capacity": 55 }, "geometry": { "type": "Point", "coordinates": [ 116.67151458, 40.10453059 ] } },
{ "type": "Feature", "properties": { "station_id": 1835, "name": "燕泽州商城1站", "capacity": 15 }, "geometry": { "type": "Point", "coordinates": [ 116.64680054, 40.12905019 ] } },
{ "type": "Feature", "properties": { "station_id": 1836, "name": "澜西园三区东门1站", "capacity": 25 }, "geometry": { "type": "Point", "coordinates": [ 116.62641206, 40.10904927 ] } },
{ "type": "Feature", "properties": { "station_id": 1837, "name": "澜西园三区东门2站", "capacity": 35 }, "geometry": { "type": "Point", "coordinates": [ 116.62641206, 40.10904927 ] } },
{ "type": "Feature", "properties": { "station_id": 1838, "name": "澜西园二区北门站", "capacity": 40 }, "geometry": { "type": "Point", "coordinates": [ 116.63155867, 40.10884757 ] } },
{ "type": "Feature", "properties": { "station_id": 1839, "name": "科技创新集团站", "capacity": 30 }, "geometry": { "type": "Point", "coordinates": [ 116.6543749, 40.09933 ] } },
{ "type": "Feature", "properties": { "station_id": 1840, "name": "双平西街1号院站", "capacity": 30 }, "geometry": { "type": "Point", "coordinates": [ 116.6518566, 40.09859469 ] } },
{ "type": "Feature", "properties": { "station_id": 1841, "name": "公安局南门站", "capacity": 45 }, "geometry": { "type": "Point", "coordinates": [ 116.64248015, 40.11380793 ] } },
{ "type": "Feature", "properties": { "station_id": 1842, "name": "老干部局站", "capacity": 35 }, "geometry": { "type": "Point", "coordinates": [ 116.66573948, 40.11180809 ] } },
{ "type": "Feature", "properties": { "station_id": 1843, "name": "港馨东区南门站", "capacity": 30 }, "geometry": { "type": "Point", "coordinates": [ 116.68582563, 40.10391281 ] } },
{ "type": "Feature", "properties": { "station_id": 1844, "name": "彩俸小区南门1站", "capacity": 50 }, "geometry": { "type": "Point", "coordinates": [ 116.69571535, 40.12722483 ] } },
{ "type": "Feature", "properties": { "station_id": 1845, "name": "彩俸小区南门2站", "capacity": 30 }, "geometry": { "type": "Point", "coordinates": [ 116.69571535, 40.12722483 ] } },
{ "type": "Feature", "properties": { "station_id": 1846, "name": "彩俸小区西门站", "capacity": 60 }, "geometry": { "type": "Point", "coordinates": [ 116.69571535, 40.12722483 ] } },
{ "type": "Feature", "properties": { "station_id": 1847, "name": "彩俸小区北门1站", "capacity": 40 }, "geometry": { "type": "Point", "coordinates": [ 116.69571535, 40.12722483 ] } },
{ "type": "Feature", "properties": { "station_id": 1848, "name": "彩俸小区北门2站", "capacity": 40 }, "geometry": { "type": "Point", "coordinates": [ 116.69571535, 40.12722483 ] } },
{ "type": "Feature", "properties": { "station_id": 1849, "name": "南彩行政中心1站", "capacity": 40 }, "geometry": { "type": "Point", "coordinates": [ 116.67982673, 40.13079207 ] } },
{ "type": "Feature", "properties": { "station_id": 1850, "name": "南彩行政中心2站", "capacity": 40 }, "geometry": { "type": "Point", "coordinates": [ 116.67982673, 40.13079207 ] } },
{ "type": "Feature", "properties": { "station_id": 1851, "name": "曲美家具1站", "capacity": 45 }, "geometry": { "type": "Point", "coordinates": [ 116.35866982, 39.98547564 ] } },
{ "type": "Feature", "properties": { "station_id": 1852, "name": "曲美家具2站", "capacity": 45 }, "geometry": { "type": "Point", "coordinates": [ 116.35866982, 39.98547564 ] } },
{ "type": "Feature", "properties": { "station_id": 1853, "name": "工业委员会站", "capacity": 40 }, "geometry": { "type": "Point", "coordinates": [ 116.73893908, 40.13401111 ] } },
{ "type": "Feature", "properties": { "station_id": 1854, "name": "广华轩工业园1站", "capacity": 30 }, "geometry": { "type": "Point", "coordinates": [ 116.52306329, 39.81570063 ] } },
{ "type": "Feature", "properties": { "station_id": 1855, "name": "广华轩工业园2站", "capacity": 30 }, "geometry": { "type": "Point", "coordinates": [ 116.52306329, 39.81570063 ] } },
{ "type": "Feature", "properties": { "station_id": 1856, "name": "翰昂汽车零件站", "capacity": 55 }, "geometry": { "type": "Point", "coordinates": [ 116.75722253, 40.12619419 ] } },
{ "type": "Feature", "properties": { "station_id": 1857, "name": "地铁俸伯1站", "capacity": 50 }, "geometry": { "type": "Point", "coordinates": [ 116.60288511, 40.12719685 ] } },
{ "type": "Feature", "properties": { "station_id": 1858, "name": "地铁俸伯2站", "capacity": 50 }, "geometry": { "type": "Point", "coordinates": [ 116.60288511, 40.12719685 ] } },
{ "type": "Feature", "properties": { "station_id": 1859, "name": "地铁俸伯3站", "capacity": 50 }, "geometry": { "type": "Point", "coordinates": [ 116.60288511, 40.12719685 ] } },
{ "type": "Feature", "properties": { "station_id": 1860, "name": "微尚生活广场站", "capacity": 50 }, "geometry": { "type": "Point", "coordinates": [ 116.66471077, 40.12539683 ] } },
{ "type": "Feature", "properties": { "station_id": 1861, "name": "澜西园四区南门1站", "capacity": 30 }, "geometry": { "type": "Point", "coordinates": [ 116.62670102, 40.11212709 ] } },
{ "type": "Feature", "properties": { "station_id": 1862, "name": "澜西园四区南门2站", "capacity": 30 }, "geometry": { "type": "Point", "coordinates": [ 116.62670102, 40.11212709 ] } },
{ "type": "Feature", "properties": { "station_id": 1863, "name": "梅香街北门1站", "capacity": 30 }, "geometry": { "type": "Point", "coordinates": [ 116.63199959, 40.11368736 ] } },
{ "type": "Feature", "properties": { "station_id": 1864, "name": "梅香街北门2站", "capacity": 30 }, "geometry": { "type": "Point", "coordinates": [ 116.63199959, 40.11368736 ] } },
{ "type": "Feature", "properties": { "station_id": 1865, "name": "清岚花园西区南门站", "capacity": 40 }, "geometry": { "type": "Point", "coordinates": [ 116.53351113, 40.11892201 ] } },
{ "type": "Feature", "properties": { "station_id": 1866, "name": "机关服务中心站", "capacity": 40 }, "geometry": { "type": "Point", "coordinates": [ 116.63306103, 40.14849922 ] } },
{ "type": "Feature", "properties": { "station_id": 1867, "name": "宏城花园南门站", "capacity": 30 }, "geometry": { "type": "Point", "coordinates": [ 116.63156372, 40.12960913 ] } },
{ "type": "Feature", "properties": { "station_id": 1868, "name": "万科南门站", "capacity": 40 }, "geometry": { "type": "Point", "coordinates": [ 116.63565946, 40.12579239 ] } },
{ "type": "Feature", "properties": { "station_id": 1869, "name": "工程质量监督站", "capacity": 40 }, "geometry": { "type": "Point", "coordinates": [ 116.64487733, 40.11306761 ] } },
{ "type": "Feature", "properties": { "station_id": 1870, "name": "梅沟营车站2站", "capacity": 40 }, "geometry": { "type": "Point", "coordinates": [ 116.49013977, 40.04067353 ] } },
{ "type": "Feature", "properties": { "station_id": 1871, "name": "聚通嘉园北门站", "capacity": 50 }, "geometry": { "type": "Point", "coordinates": [ 116.5333902, 40.1067119 ] } },
{ "type": "Feature", "properties": { "station_id": 1872, "name": "清岚花园南区西门站", "capacity": 40 }, "geometry": { "type": "Point", "coordinates": [ 116.53826276, 40.1166176 ] } },
{ "type": "Feature", "properties": { "station_id": 1873, "name": "清岚花园南区北门站", "capacity": 40 }, "geometry": { "type": "Point", "coordinates": [ 116.53826276, 40.1166176 ] } },
{ "type": "Feature", "properties": { "station_id": 1874, "name": "清岚花园北区西门站", "capacity": 40 }, "geometry": { "type": "Point", "coordinates": [ 116.53792594, 40.11821507 ] } },
{ "type": "Feature", "properties": { "station_id": 1875, "name": "玉马计时大厅1站", "capacity": 40 }, "geometry": { "type": "Point", "coordinates": [ 116.53402423, 40.11545596 ] } },
{ "type": "Feature", "properties": { "station_id": 1876, "name": "玉马计时大厅2站", "capacity": 45 }, "geometry": { "type": "Point", "coordinates": [ 116.53402423, 40.11545596 ] } },
{ "type": "Feature", "properties": { "station_id": 1877, "name": "江山赋东门站", "capacity": 30 }, "geometry": { "type": "Point", "coordinates": [ 116.54712851, 40.10978913 ] } },
{ "type": "Feature", "properties": { "station_id": 1878, "name": "双裕小区南门站", "capacity": 40 }, "geometry": { "type": "Point", "coordinates": [ 116.54846703, 40.10725891 ] } },
{ "type": "Feature", "properties": { "station_id": 1879, "name": "白露雅园南门站", "capacity": 40 }, "geometry": { "type": "Point", "coordinates": [ 116.5430375, 40.10483375 ] } },
{ "type": "Feature", "properties": { "station_id": 1880, "name": "后沙峪政府站", "capacity": 40 }, "geometry": { "type": "Point", "coordinates": [ 116.53819551, 40.10357988 ] } },
{ "type": "Feature", "properties": { "station_id": 1881, "name": "观林阁西门站", "capacity": 40 }, "geometry": { "type": "Point", "coordinates": [ 116.53914439, 40.10147261 ] } },
{ "type": "Feature", "properties": { "station_id": 1882, "name": "空港医院1站", "capacity": 40 }, "geometry": { "type": "Point", "coordinates": [ 116.53743021, 40.10562269 ] } },
{ "type": "Feature", "properties": { "station_id": 1883, "name": "空港医院2站", "capacity": 40 }, "geometry": { "type": "Point", "coordinates": [ 116.53743021, 40.10562269 ] } },
{ "type": "Feature", "properties": { "station_id": 1884, "name": "后沙峪社保中心站", "capacity": 40 }, "geometry": { "type": "Point", "coordinates": [ 116.53449155, 40.11080733 ] } },
{ "type": "Feature", "properties": { "station_id": 1885, "name": "江山赋北门站", "capacity": 30 }, "geometry": { "type": "Point", "coordinates": [ 116.54712851, 40.10978913 ] } },
{ "type": "Feature", "properties": { "station_id": 1886, "name": "石园东苑东门站", "capacity": 40 }, "geometry": { "type": "Point", "coordinates": [ 116.66073456, 40.10434151 ] } },
{ "type": "Feature", "properties": { "station_id": 1887, "name": "玉宴长风站", "capacity": 30 }, "geometry": { "type": "Point", "coordinates": [ 116.54932354, 40.10634122 ] } },
{ "type": "Feature", "properties": { "station_id": 1888, "name": "环卫中心站", "capacity": 30 }, "geometry": { "type": "Point", "coordinates": [ 116.66899833, 40.08942654 ] } },
{ "type": "Feature", "properties": { "station_id": 1889, "name": "花博会1站", "capacity": 40 }, "geometry": { "type": "Point", "coordinates": [ 116.55539987, 40.11845845 ] } },
{ "type": "Feature", "properties": { "station_id": 1890, "name": "花博会2站", "capacity": 35 }, "geometry": { "type": "Point", "coordinates": [ 116.55539987, 40.11845845 ] } },
{ "type": "Feature", "properties": { "station_id": 1891, "name": "地铁后沙峪站1站", "capacity": 50 }, "geometry": { "type": "Point", "coordinates": [ 116.55507877, 40.11893091 ] } },
{ "type": "Feature", "properties": { "station_id": 1892, "name": "地铁后沙峪站2站", "capacity": 50 }, "geometry": { "type": "Point", "coordinates": [ 116.55507877, 40.11893091 ] } },
{ "type": "Feature", "properties": { "station_id": 1893, "name": "地铁后沙峪站3站", "capacity": 50 }, "geometry": { "type": "Point", "coordinates": [ 116.55507877, 40.1189271 ] } },
{ "type": "Feature", "properties": { "station_id": 1894, "name": "地铁后沙峪站4站", "capacity": 50 }, "geometry": { "type": "Point", "coordinates": [ 116.55507877, 40.11893091 ] } },
{ "type": "Feature", "properties": { "station_id": 1895, "name": "田园牧歌站", "capacity": 30 }, "geometry": { "type": "Point", "coordinates": [ 116.54028384, 40.10451135 ] } },
{ "type": "Feature", "properties": { "station_id": 1896, "name": "香花畦家园站", "capacity": 40 }, "geometry": { "type": "Point", "coordinates": [ 116.54255504, 40.10956641 ] } },
{ "type": "Feature", "properties": { "station_id": 1897, "name": "南法信行政中心站", "capacity": 50 }, "geometry": { "type": "Point", "coordinates": [ 116.60235796, 40.13690076 ] } },
{ "type": "Feature", "properties": { "station_id": 1898, "name": "旭辉空港站", "capacity": 30 }, "geometry": { "type": "Point", "coordinates": [ 116.60531058, 40.11390634 ] } },
{ "type": "Feature", "properties": { "station_id": 1899, "name": "新城管理委员会站", "capacity": 40 }, "geometry": { "type": "Point", "coordinates": [ 116.63600664, 40.14973052 ] } },
{ "type": "Feature", "properties": { "station_id": 1900, "name": "中粮祥云小镇1站", "capacity": 40 }, "geometry": { "type": "Point", "coordinates": [ 116.52956613, 40.08910675 ] } },
{ "type": "Feature", "properties": { "station_id": 1901, "name": "中粮祥云小镇2站", "capacity": 40 }, "geometry": { "type": "Point", "coordinates": [ 116.52956613, 40.08910675 ] } },
{ "type": "Feature", "properties": { "station_id": 1902, "name": "中粮社区居委会站", "capacity": 30 }, "geometry": { "type": "Point", "coordinates": [ 116.40128192, 39.90262654 ] } },
{ "type": "Feature", "properties": { "station_id": 1903, "name": "三山菜市场南站站", "capacity": 40 }, "geometry": { "type": "Point", "coordinates": [ 116.53166234, 40.09434909 ] } },
{ "type": "Feature", "properties": { "station_id": 1904, "name": "空港物美1站", "capacity": 35 }, "geometry": { "type": "Point", "coordinates": [ 116.53585508, 40.09787206 ] } },
{ "type": "Feature", "properties": { "station_id": 1905, "name": "空港物美2站", "capacity": 30 }, "geometry": { "type": "Point", "coordinates": [ 116.53585508, 40.09787206 ] } },
{ "type": "Feature", "properties": { "station_id": 1906, "name": "空港万科北门站", "capacity": 30 }, "geometry": { "type": "Point", "coordinates": [ 116.545202, 40.10441854 ] } },
{ "type": "Feature", "properties": { "station_id": 1907, "name": "空港万科南门站", "capacity": 40 }, "geometry": { "type": "Point", "coordinates": [ 116.54574532, 40.10175716 ] } },
{ "type": "Feature", "properties": { "station_id": 1908, "name": "吉祥花园北门东站", "capacity": 30 }, "geometry": { "type": "Point", "coordinates": [ 116.54765146, 40.08574029 ] } },
{ "type": "Feature", "properties": { "station_id": 1909, "name": "汽车检测场站", "capacity": 30 }, "geometry": { "type": "Point", "coordinates": [ 116.59166204, 40.11895295 ] } },
{ "type": "Feature", "properties": { "station_id": 1910, "name": "现代二厂南门1站", "capacity": 40 }, "geometry": { "type": "Point", "coordinates": [ 116.63784176, 40.08122536 ] } },
{ "type": "Feature", "properties": { "station_id": 1911, "name": "现代二厂南门2站", "capacity": 40 }, "geometry": { "type": "Point", "coordinates": [ 116.63784176, 40.08122536 ] } },
{ "type": "Feature", "properties": { "station_id": 1912, "name": "地铁俸伯4站", "capacity": 50 }, "geometry": { "type": "Point", "coordinates": [ 116.60288511, 40.12719685 ] } },
{ "type": "Feature", "properties": { "station_id": 1913, "name": "马坡政府站", "capacity": 30 }, "geometry": { "type": "Point", "coordinates": [ 116.65205316, 40.17019683 ] } },
{ "type": "Feature", "properties": { "station_id": 1914, "name": "马坡花园公交站1站", "capacity": 40 }, "geometry": { "type": "Point", "coordinates": [ 116.64951199, 40.16927463 ] } },
{ "type": "Feature", "properties": { "station_id": 1915, "name": "马坡花园公交站2站", "capacity": 40 }, "geometry": { "type": "Point", "coordinates": [ 116.64951199, 40.16927463 ] } },
{ "type": "Feature", "properties": { "station_id": 1916, "name": "马坡花园一区北门站", "capacity": 60 }, "geometry": { "type": "Point", "coordinates": [ 116.64916149, 40.17317341 ] } },
{ "type": "Feature", "properties": { "station_id": 1917, "name": "泰和宜园南门站", "capacity": 45 }, "geometry": { "type": "Point", "coordinates": [ 116.64251824, 40.17507317 ] } },
{ "type": "Feature", "properties": { "station_id": 1918, "name": "顺兴街十七号院站", "capacity": 30 }, "geometry": { "type": "Point", "coordinates": [ 116.64256292, 40.18306005 ] } },
{ "type": "Feature", "properties": { "station_id": 1919, "name": "顺悦家园东门站", "capacity": 45 }, "geometry": { "type": "Point", "coordinates": [ 116.64516532, 40.18407011 ] } },
{ "type": "Feature", "properties": { "station_id": 1920, "name": "香悦四季东区北门站", "capacity": 35 }, "geometry": { "type": "Point", "coordinates": [ 116.65039324, 40.18023128 ] } },
{ "type": "Feature", "properties": { "station_id": 1921, "name": "花溪渡北门站", "capacity": 40 }, "geometry": { "type": "Point", "coordinates": [ 116.6505754, 40.18387351 ] } },
{ "type": "Feature", "properties": { "station_id": 1922, "name": "马坡邮政1站", "capacity": 35 }, "geometry": { "type": "Point", "coordinates": [ 116.64507345, 40.12710412 ] } },
{ "type": "Feature", "properties": { "station_id": 1923, "name": "马坡邮政2站", "capacity": 35 }, "geometry": { "type": "Point", "coordinates": [ 116.64507345, 40.12710412 ] } },
{ "type": "Feature", "properties": { "station_id": 1924, "name": "西马坡二号院北门站", "capacity": 30 }, "geometry": { "type": "Point", "coordinates": [ 116.63885186, 40.16040973 ] } },
{ "type": "Feature", "properties": { "station_id": 1925, "name": "西马坡三号院东门站", "capacity": 30 }, "geometry": { "type": "Point", "coordinates": [ 116.63713908, 40.16300239 ] } },
{ "type": "Feature", "properties": { "station_id": 1926, "name": "西马坡四号院北门站", "capacity": 30 }, "geometry": { "type": "Point", "coordinates": [ 116.63691851, 40.16175548 ] } },
{ "type": "Feature", "properties": { "station_id": 1927, "name": "阿凯笛亚站", "capacity": 40 }, "geometry": { "type": "Point", "coordinates": [ 116.52069968, 40.11231347 ] } },
{ "type": "Feature", "properties": { "station_id": 1928, "name": "牛栏山小区东门站", "capacity": 50 }, "geometry": { "type": "Point", "coordinates": [ 116.65250515, 40.20659853 ] } },
{ "type": "Feature", "properties": { "station_id": 1929, "name": "香醍漫步二区北门站", "capacity": 35 }, "geometry": { "type": "Point", "coordinates": [ 116.65855413, 40.2024984 ] } },
{ "type": "Feature", "properties": { "station_id": 1930, "name": "香醍漫步一区北门站", "capacity": 30 }, "geometry": { "type": "Point", "coordinates": [ 116.66175703, 40.20229013 ] } },
{ "type": "Feature", "properties": { "station_id": 1931, "name": "香醍溪岸南区北门站", "capacity": 30 }, "geometry": { "type": "Point", "coordinates": [ 116.66394012, 40.20476894 ] } },
{ "type": "Feature", "properties": { "station_id": 1932, "name": "香醍溪岸北区南门西站", "capacity": 30 }, "geometry": { "type": "Point", "coordinates": [ 116.6641833, 40.20686624 ] } },
{ "type": "Feature", "properties": { "station_id": 1933, "name": "张家庄园东门站", "capacity": 30 }, "geometry": { "type": "Point", "coordinates": [ 116.64672466, 40.12734532 ] } },
{ "type": "Feature", "properties": { "station_id": 1934, "name": "下坡屯三区东门站", "capacity": 30 }, "geometry": { "type": "Point", "coordinates": [ 116.66672309, 40.21603428 ] } },
{ "type": "Feature", "properties": { "station_id": 1935, "name": "下坡屯一区东门站", "capacity": 30 }, "geometry": { "type": "Point", "coordinates": [ 116.66704206, 40.2204008 ] } },
{ "type": "Feature", "properties": { "station_id": 1936, "name": "下坡屯二区西门站", "capacity": 30 }, "geometry": { "type": "Point", "coordinates": [ 116.66685975, 40.21820424 ] } },
{ "type": "Feature", "properties": { "station_id": 1937, "name": "好望山西门站", "capacity": 30 }, "geometry": { "type": "Point", "coordinates": [ 116.66775049, 40.21298484 ] } },
{ "type": "Feature", "properties": { "station_id": 1938, "name": "嘉寓股份站", "capacity": 60 }, "geometry": { "type": "Point", "coordinates": [ 116.64925573, 40.21087249 ] } },
{ "type": "Feature", "properties": { "station_id": 1939, "name": "地铁花梨坎1站", "capacity": 50 }, "geometry": { "type": "Point", "coordinates": [ 116.81194455, 40.36372638 ] } },
{ "type": "Feature", "properties": { "station_id": 1940, "name": "地铁花梨坎2站", "capacity": 50 }, "geometry": { "type": "Point", "coordinates": [ 116.81194455, 40.36372638 ] } },
{ "type": "Feature", "properties": { "station_id": 1941, "name": "地铁花梨坎3站", "capacity": 50 }, "geometry": { "type": "Point", "coordinates": [ 116.81194455, 40.36373019 ] } },
{ "type": "Feature", "properties": { "station_id": 1942, "name": "地铁花梨坎4站", "capacity": 50 }, "geometry": { "type": "Point", "coordinates": [ 116.81194455, 40.36373019 ] } },
{ "type": "Feature", "properties": { "station_id": 1943, "name": "地铁国展1站", "capacity": 50 }, "geometry": { "type": "Point", "coordinates": [ 116.81194455, 40.36372638 ] } },
{ "type": "Feature", "properties": { "station_id": 1944, "name": "地铁国展2站", "capacity": 50 }, "geometry": { "type": "Point", "coordinates": [ 116.81194455, 40.36373019 ] } },
{ "type": "Feature", "properties": { "station_id": 1945, "name": "地铁国展3站", "capacity": 50 }, "geometry": { "type": "Point", "coordinates": [ 116.81194455, 40.36372638 ] } },
{ "type": "Feature", "properties": { "station_id": 1946, "name": "枫泉花园北门西站", "capacity": 30 }, "geometry": { "type": "Point", "coordinates": [ 116.70061562, 40.13768003 ] } },
{ "type": "Feature", "properties": { "station_id": 1947, "name": "933国展公交站站", "capacity": 30 }, "geometry": { "type": "Point", "coordinates": [ 116.53642461, 40.0706078 ] } },
{ "type": "Feature", "properties": { "station_id": 1948, "name": "三山行政楼南站", "capacity": 30 }, "geometry": { "type": "Point", "coordinates": [ 116.53137893, 40.09647684 ] } },
{ "type": "Feature", "properties": { "station_id": 1949, "name": "裕祥花园南门西站", "capacity": 40 }, "geometry": { "type": "Point", "coordinates": [ 116.54185222, 40.1023977 ] } },
{ "type": "Feature", "properties": { "station_id": 1950, "name": "裕祥花园北门东站", "capacity": 30 }, "geometry": { "type": "Point", "coordinates": [ 116.54185222, 40.1023977 ] } },
{ "type": "Feature", "properties": { "station_id": 1951, "name": "空港物业东站", "capacity": 50 }, "geometry": { "type": "Point", "coordinates": [ 116.55203158, 40.09450994 ] } },
{ "type": "Feature", "properties": { "station_id": 1952, "name": "吉祥花园北门西站", "capacity": 40 }, "geometry": { "type": "Point", "coordinates": [ 116.54765146, 40.08574029 ] } },
{ "type": "Feature", "properties": { "station_id": 1953, "name": "天裕昕园西区东门站", "capacity": 30 }, "geometry": { "type": "Point", "coordinates": [ 116.51754157, 40.0826669 ] } },
{ "type": "Feature", "properties": { "station_id": 1954, "name": "城市学院南门1站", "capacity": 40 }, "geometry": { "type": "Point", "coordinates": [ 116.80994509, 40.15792738 ] } },
{ "type": "Feature", "properties": { "station_id": 1955, "name": "城市学院南门2站", "capacity": 35 }, "geometry": { "type": "Point", "coordinates": [ 116.80993744, 40.15792737 ] } },
{ "type": "Feature", "properties": { "station_id": 1956, "name": "杨镇一中东门站", "capacity": 40 }, "geometry": { "type": "Point", "coordinates": [ 116.80998391, 40.15311384 ] } },
{ "type": "Feature", "properties": { "station_id": 1957, "name": "双阳南区西门站", "capacity": 30 }, "geometry": { "type": "Point", "coordinates": [ 116.82974301, 40.15476394 ] } },
{ "type": "Feature", "properties": { "station_id": 1958, "name": "杨镇三街车站站", "capacity": 30 }, "geometry": { "type": "Point", "coordinates": [ 116.82491243, 40.15228331 ] } },
{ "type": "Feature", "properties": { "station_id": 1959, "name": "泊悦酒店1站", "capacity": 20 }, "geometry": { "type": "Point", "coordinates": [ 116.80982393, 40.14889494 ] } },
{ "type": "Feature", "properties": { "station_id": 1960, "name": "天竺万通新新家园站", "capacity": 30 }, "geometry": { "type": "Point", "coordinates": [ 116.53047696, 40.0880257 ] } },
{ "type": "Feature", "properties": { "station_id": 1961, "name": "翠一社区站", "capacity": 20 }, "geometry": { "type": "Point", "coordinates": [ 116.55532358, 40.05482224 ] } },
{ "type": "Feature", "properties": { "station_id": 1962, "name": "翠二社区站", "capacity": 30 }, "geometry": { "type": "Point", "coordinates": [ 116.36272958, 39.98687013 ] } },
{ "type": "Feature", "properties": { "station_id": 1963, "name": "满庭芳站", "capacity": 30 }, "geometry": { "type": "Point", "coordinates": [ 116.53980445, 40.0838934 ] } },
{ "type": "Feature", "properties": { "station_id": 1964, "name": "会展誉景站", "capacity": 30 }, "geometry": { "type": "Point", "coordinates": [ 116.53568142, 40.07905891 ] } },
{ "type": "Feature", "properties": { "station_id": 1965, "name": "地铁南法信1站", "capacity": 55 }, "geometry": { "type": "Point", "coordinates": [ 116.60235796, 40.13690076 ] } },
{ "type": "Feature", "properties": { "station_id": 1966, "name": "地铁南法信2站", "capacity": 55 }, "geometry": { "type": "Point", "coordinates": [ 116.60235796, 40.13690076 ] } },
{ "type": "Feature", "properties": { "station_id": 1967, "name": "马可汇站", "capacity": 30 }, "geometry": { "type": "Point", "coordinates": [ 116.60393701, 40.12720395 ] } },
{ "type": "Feature", "properties": { "station_id": 1968, "name": "马坡富力湾站", "capacity": 30 }, "geometry": { "type": "Point", "coordinates": [ 116.65768517, 40.15466988 ] } },
{ "type": "Feature", "properties": { "station_id": 1969, "name": "马坡16号院站", "capacity": 30 }, "geometry": { "type": "Point", "coordinates": [ 116.64252466, 40.18470784 ] } },
{ "type": "Feature", "properties": { "station_id": 1970, "name": "鲁能7号院1站", "capacity": 30 }, "geometry": { "type": "Point", "coordinates": [ 116.65712655, 40.18069169 ] } },
{ "type": "Feature", "properties": { "station_id": 1971, "name": "鲁能7号院2站", "capacity": 30 }, "geometry": { "type": "Point", "coordinates": [ 116.65712655, 40.18069169 ] } },
{ "type": "Feature", "properties": { "station_id": 1972, "name": "双丰街道站", "capacity": 30 }, "geometry": { "type": "Point", "coordinates": [ 116.64103426, 40.17511001 ] } },
{ "type": "Feature", "properties": { "station_id": 1973, "name": "紫薇星站", "capacity": 30 }, "geometry": { "type": "Point", "coordinates": [ 116.61542119, 40.11927296 ] } },
{ "type": "Feature", "properties": { "station_id": 1974, "name": "中航发动机1站", "capacity": 25 }, "geometry": { "type": "Point", "coordinates": [ 116.62700464, 40.11973636 ] } },
{ "type": "Feature", "properties": { "station_id": 1975, "name": "中航发动机2站", "capacity": 25 }, "geometry": { "type": "Point", "coordinates": [ 116.62700464, 40.11973636 ] } },
{ "type": "Feature", "properties": { "station_id": 1976, "name": "北小营政府站", "capacity": 45 }, "geometry": { "type": "Point", "coordinates": [ 116.39218459, 39.85953003 ] } },
{ "type": "Feature", "properties": { "station_id": 1977, "name": "双建北门东站", "capacity": 30 }, "geometry": { "type": "Point", "coordinates": [ 116.62427012, 40.31301826 ] } },
{ "type": "Feature", "properties": { "station_id": 1978, "name": "永利家园站", "capacity": 40 }, "geometry": { "type": "Point", "coordinates": [ 116.72064861, 40.20225785 ] } },
{ "type": "Feature", "properties": { "station_id": 1979, "name": "水色时光五区北门站", "capacity": 40 }, "geometry": { "type": "Point", "coordinates": [ 116.7248227, 40.20730441 ] } },
{ "type": "Feature", "properties": { "station_id": 1980, "name": "水色时光四区南门站", "capacity": 30 }, "geometry": { "type": "Point", "coordinates": [ 116.72452538, 40.20879214 ] } },
{ "type": "Feature", "properties": { "station_id": 1981, "name": "水色时光五区西门站", "capacity": 30 }, "geometry": { "type": "Point", "coordinates": [ 116.71839344, 40.20631052 ] } },
{ "type": "Feature", "properties": { "station_id": 1982, "name": "万集科技站", "capacity": 30 }, "geometry": { "type": "Point", "coordinates": [ 116.73505845, 40.19748506 ] } },
{ "type": "Feature", "properties": { "station_id": 1983, "name": "后鲁西口站", "capacity": 40 }, "geometry": { "type": "Point", "coordinates": [ 116.72253815, 40.19953296 ] } },
{ "type": "Feature", "properties": { "station_id": 1984, "name": "后鲁村委会站", "capacity": 40 }, "geometry": { "type": "Point", "coordinates": [ 116.7315459, 40.18873302 ] } },
{ "type": "Feature", "properties": { "station_id": 1985, "name": "民悦广场站", "capacity": 45 }, "geometry": { "type": "Point", "coordinates": [ 116.71748854, 40.19470114 ] } },
{ "type": "Feature", "properties": { "station_id": 1986, "name": "汇源集团站", "capacity": 30 }, "geometry": { "type": "Point", "coordinates": [ 116.72899946, 40.19751841 ] } },
{ "type": "Feature", "properties": { "station_id": 1987, "name": "汇源公寓站", "capacity": 40 }, "geometry": { "type": "Point", "coordinates": [ 116.72573047, 40.19856176 ] } },
{ "type": "Feature", "properties": { "station_id": 1988, "name": "区政府北门1站", "capacity": 45 }, "geometry": { "type": "Point", "coordinates": [ 116.65286974, 40.15028869 ] } },
{ "type": "Feature", "properties": { "station_id": 1989, "name": "区政府北门2站", "capacity": 40 }, "geometry": { "type": "Point", "coordinates": [ 116.65287735, 40.15028867 ] } },
{ "type": "Feature", "properties": { "station_id": 1990, "name": "区政府北门3站", "capacity": 40 }, "geometry": { "type": "Point", "coordinates": [ 116.65287735, 40.15028867 ] } },
{ "type": "Feature", "properties": { "station_id": 1991, "name": "区政府大楼南门东1站", "capacity": 25 }, "geometry": { "type": "Point", "coordinates": [ 116.33534229, 39.72559418 ] } },
{ "type": "Feature", "properties": { "station_id": 1992, "name": "区政府大楼南门东2站", "capacity": 30 }, "geometry": { "type": "Point", "coordinates": [ 116.33534229, 39.72559418 ] } },
{ "type": "Feature", "properties": { "station_id": 1993, "name": "区政府大楼南门东3站", "capacity": 30 }, "geometry": { "type": "Point", "coordinates": [ 116.33534229, 39.72559418 ] } },
{ "type": "Feature", "properties": { "station_id": 1994, "name": "区政府大楼南门西1站", "capacity": 30 }, "geometry": { "type": "Point", "coordinates": [ 116.33534229, 39.72559036 ] } },
{ "type": "Feature", "properties": { "station_id": 1995, "name": "区政府大楼南门西2站", "capacity": 35 }, "geometry": { "type": "Point", "coordinates": [ 116.33534229, 39.72559418 ] } },
{ "type": "Feature", "properties": { "station_id": 1996, "name": "青少年成长基地站", "capacity": 30 }, "geometry": { "type": "Point", "coordinates": [ 116.31419981, 39.75566411 ] } },
{ "type": "Feature", "properties": { "station_id": 1997, "name": "杨镇一中西门站", "capacity": 40 }, "geometry": { "type": "Point", "coordinates": [ 116.80998391, 40.15311384 ] } },
{ "type": "Feature", "properties": { "station_id": 1998, "name": "顺鑫澜庭西门站", "capacity": 40 }, "geometry": { "type": "Point", "coordinates": [ 116.81639608, 40.16023543 ] } },
{ "type": "Feature", "properties": { "station_id": 1999, "name": "顺鑫朗郡西门站", "capacity": 30 }, "geometry": { "type": "Point", "coordinates": [ 116.82868015, 40.15776763 ] } },
{ "type": "Feature", "properties": { "station_id": 2000, "name": "杨镇政府站", "capacity": 40 }, "geometry": { "type": "Point", "coordinates": [ 116.82491243, 40.15228331 ] } },
{ "type": "Feature", "properties": { "station_id": 2001, "name": "杨镇车站1站", "capacity": 30 }, "geometry": { "type": "Point", "coordinates": [ 116.82489757, 40.14889238 ] } },
{ "type": "Feature", "properties": { "station_id": 2002, "name": "杨镇车站2站", "capacity": 30 }, "geometry": { "type": "Point", "coordinates": [ 116.82489757, 40.14889238 ] } },
{ "type": "Feature", "properties": { "station_id": 2003, "name": "泊悦酒店2站", "capacity": 40 }, "geometry": { "type": "Point", "coordinates": [ 116.80982393, 40.14889494 ] } },
{ "type": "Feature", "properties": { "station_id": 2004, "name": "高顺科技园北门站", "capacity": 50 }, "geometry": { "type": "Point", "coordinates": [ 116.68964763, 40.0865544 ] } },
{ "type": "Feature", "properties": { "station_id": 2005, "name": "李尔岱集团站", "capacity": 30 }, "geometry": { "type": "Point", "coordinates": [ 116.69046921, 40.0885632 ] } },
{ "type": "Feature", "properties": { "station_id": 2006, "name": "北京瑞延科技站", "capacity": 30 }, "geometry": { "type": "Point", "coordinates": [ 116.6902412, 40.08630927 ] } },
{ "type": "Feature", "properties": { "station_id": 2007, "name": "河南村南口站", "capacity": 30 }, "geometry": { "type": "Point", "coordinates": [ 115.97825614, 39.69575447 ] } },
{ "type": "Feature", "properties": { "station_id": 2008, "name": "旺泉西里二区北门1站", "capacity": 35 }, "geometry": { "type": "Point", "coordinates": [ 116.62642116, 40.09694237 ] } },
{ "type": "Feature", "properties": { "station_id": 2009, "name": "旺泉西里二区北门2站", "capacity": 40 }, "geometry": { "type": "Point", "coordinates": [ 116.62642116, 40.09694237 ] } },
{ "type": "Feature", "properties": { "station_id": 2010, "name": "旺泉西里二区北门3站", "capacity": 35 }, "geometry": { "type": "Point", "coordinates": [ 116.62642116, 40.09694237 ] } },
{ "type": "Feature", "properties": { "station_id": 2011, "name": "旺泉西里二区北门4站", "capacity": 40 }, "geometry": { "type": "Point", "coordinates": [ 116.62642116, 40.09694618 ] } },
{ "type": "Feature", "properties": { "station_id": 2012, "name": "西乌鸡村委会站", "capacity": 30 }, "geometry": { "type": "Point", "coordinates": [ 116.72253815, 40.19953296 ] } },
{ "type": "Feature", "properties": { "station_id": 2013, "name": "西乌鸡村东口站", "capacity": 30 }, "geometry": { "type": "Point", "coordinates": [ 116.71942735, 40.22192448 ] } },
{ "type": "Feature", "properties": { "station_id": 2014, "name": "马辛庄村东口站", "capacity": 30 }, "geometry": { "type": "Point", "coordinates": [ 116.70679196, 40.17726353 ] } },
{ "type": "Feature", "properties": { "station_id": 2015, "name": "马辛庄村文化广场站", "capacity": 30 }, "geometry": { "type": "Point", "coordinates": [ 116.72253815, 40.19953296 ] } },
{ "type": "Feature", "properties": { "station_id": 2016, "name": "后礼务村东口站", "capacity": 30 }, "geometry": { "type": "Point", "coordinates": [ 116.70370677, 40.19289825 ] } },
{ "type": "Feature", "properties": { "station_id": 2017, "name": "前鲁村西口站", "capacity": 30 }, "geometry": { "type": "Point", "coordinates": [ 116.73194315, 40.18132186 ] } },
{ "type": "Feature", "properties": { "station_id": 2018, "name": "前鲁社区卫生服务站站", "capacity": 25 }, "geometry": { "type": "Point", "coordinates": [ 116.72253815, 40.19953296 ] } },
{ "type": "Feature", "properties": { "station_id": 2019, "name": "后俸伯村委会站", "capacity": 25 }, "geometry": { "type": "Point", "coordinates": [ 116.69833237, 40.13624165 ] } },
{ "type": "Feature", "properties": { "station_id": 2020, "name": "中航信南门站", "capacity": 30 }, "geometry": { "type": "Point", "coordinates": [ 117.11429575, 40.14443189 ] } },
{ "type": "Feature", "properties": { "station_id": 2021, "name": "中航信东门站", "capacity": 40 }, "geometry": { "type": "Point", "coordinates": [ 116.40128192, 39.90262654 ] } },
{ "type": "Feature", "properties": { "station_id": 2022, "name": "西铁城站", "capacity": 40 }, "geometry": { "type": "Point", "coordinates": [ 116.55737681, 40.07805932 ] } },
{ "type": "Feature", "properties": { "station_id": 2023, "name": "华夏基金站", "capacity": 35 }, "geometry": { "type": "Point", "coordinates": [ 116.54384169, 40.0958601 ] } },
{ "type": "Feature", "properties": { "station_id": 2024, "name": "金城雅苑站", "capacity": 30 }, "geometry": { "type": "Point", "coordinates": [ 116.53209015, 40.10018235 ] } },
{ "type": "Feature", "properties": { "station_id": 2025, "name": "艾迪城南门站", "capacity": 40 }, "geometry": { "type": "Point", "coordinates": [ 116.54570918, 40.08470665 ] } },
{ "type": "Feature", "properties": { "station_id": 2026, "name": "天竺保税区站", "capacity": 30 }, "geometry": { "type": "Point", "coordinates": [ 116.58346189, 40.10720319 ] } },
{ "type": "Feature", "properties": { "station_id": 2027, "name": "建新南区站", "capacity": 30 }, "geometry": { "type": "Point", "coordinates": [ 116.65078903, 40.11771054 ] } },
{ "type": "Feature", "properties": { "station_id": 2028, "name": "恒华西街一号院站", "capacity": 30 }, "geometry": { "type": "Point", "coordinates": [ 116.65042083, 40.20316965 ] } },
{ "type": "Feature", "properties": { "station_id": 2029, "name": "牛栏山一中站", "capacity": 40 }, "geometry": { "type": "Point", "coordinates": [ 116.65833872, 40.22162656 ] } },
{ "type": "Feature", "properties": { "station_id": 2030, "name": "顺和花园站", "capacity": 30 }, "geometry": { "type": "Point", "coordinates": [ 116.66089684, 40.08407904 ] } },
{ "type": "Feature", "properties": { "station_id": 2031, "name": "鼎顺嘉园站", "capacity": 30 }, "geometry": { "type": "Point", "coordinates": [ 116.65956562, 40.08289529 ] } },
{ "type": "Feature", "properties": { "station_id": 2032, "name": "空港国际站", "capacity": 30 }, "geometry": { "type": "Point", "coordinates": [ 116.62611596, 40.10212273 ] } },
{ "type": "Feature", "properties": { "station_id": 2033, "name": "顺义一中站", "capacity": 40 }, "geometry": { "type": "Point", "coordinates": [ 116.66097141, 40.09618586 ] } },
{ "type": "Feature", "properties": { "station_id": 2034, "name": "国门智慧城站", "capacity": 25 }, "geometry": { "type": "Point", "coordinates": [ 116.22054296, 40.21526287 ] } },
{ "type": "Feature", "properties": { "station_id": 2035, "name": "杨二营村委会站", "capacity": 20 }, "geometry": { "type": "Point", "coordinates": [ 116.56429088, 40.09014524 ] } },
{ "type": "Feature", "properties": { "station_id": 2036, "name": "杨二营村南口站", "capacity": 30 }, "geometry": { "type": "Point", "coordinates": [ 116.56429088, 40.09014524 ] } },
{ "type": "Feature", "properties": { "station_id": 2037, "name": "二十里堡村西口站", "capacity": 20 }, "geometry": { "type": "Point", "coordinates": [ 116.56672148, 40.07981858 ] } },
{ "type": "Feature", "properties": { "station_id": 2038, "name": "二十里堡村南口站", "capacity": 30 }, "geometry": { "type": "Point", "coordinates": [ 116.56255075, 40.07481665 ] } },
{ "type": "Feature", "properties": { "station_id": 2039, "name": "裕达隆小学站", "capacity": 50 }, "geometry": { "type": "Point", "coordinates": [ 116.55158372, 40.0682582 ] } },
{ "type": "Feature", "properties": { "station_id": 2040, "name": "小王辛庄村南口一站", "capacity": 20 }, "geometry": { "type": "Point", "coordinates": [ 116.56999194, 40.06899276 ] } },
{ "type": "Feature", "properties": { "station_id": 2041, "name": "小王辛庄村南口二站", "capacity": 30 }, "geometry": { "type": "Point", "coordinates": [ 116.56999194, 40.06899276 ] } },
{ "type": "Feature", "properties": { "station_id": 2042, "name": "天竺中学站", "capacity": 50 }, "geometry": { "type": "Point", "coordinates": [ 116.56774728, 40.06166671 ] } },
{ "type": "Feature", "properties": { "station_id": 2043, "name": "天竺供销社一站", "capacity": 20 }, "geometry": { "type": "Point", "coordinates": [ 116.51832987, 40.14646063 ] } },
{ "type": "Feature", "properties": { "station_id": 2044, "name": "天竺供销社二站", "capacity": 30 }, "geometry": { "type": "Point", "coordinates": [ 116.51832987, 40.14646063 ] } },
{ "type": "Feature", "properties": { "station_id": 2045, "name": "天竺镇政府一站", "capacity": 50 }, "geometry": { "type": "Point", "coordinates": [ 116.54883935, 40.06412603 ] } },
{ "type": "Feature", "properties": { "station_id": 2046, "name": "天竺镇政府二站", "capacity": 50 }, "geometry": { "type": "Point", "coordinates": [ 116.54883935, 40.06412603 ] } },
{ "type": "Feature", "properties": { "station_id": 2047, "name": "小天竺一街站", "capacity": 50 }, "geometry": { "type": "Point", "coordinates": [ 116.58386664, 40.04217847 ] } },
{ "type": "Feature", "properties": { "station_id": 2048, "name": "楼台村北口站", "capacity": 50 }, "geometry": { "type": "Point", "coordinates": [ 116.59171837, 40.03230788 ] } },
{ "type": "Feature", "properties": { "station_id": 2049, "name": "管理服务中心站", "capacity": 32 }, "geometry": { "type": "Point", "coordinates": [ 116.23255254, 40.19557034 ] } },
{ "type": "Feature", "properties": { "station_id": 2050, "name": "富泉花园站", "capacity": 44 }, "geometry": { "type": "Point", "coordinates": [ 116.24202577, 40.20091231 ] } },
{ "type": "Feature", "properties": { "station_id": 2051, "name": "环保局站", "capacity": 38 }, "geometry": { "type": "Point", "coordinates": [ 116.23476638, 40.19917171 ] } },
{ "type": "Feature", "properties": { "station_id": 2052, "name": "北控科技大厦站", "capacity": 38 }, "geometry": { "type": "Point", "coordinates": [ 116.22819154, 40.19913447 ] } },
{ "type": "Feature", "properties": { "station_id": 2053, "name": "水屯桥站", "capacity": 40 }, "geometry": { "type": "Point", "coordinates": [ 116.22298975, 40.19904714 ] } },
{ "type": "Feature", "properties": { "station_id": 2054, "name": "科技园管委站", "capacity": 50 }, "geometry": { "type": "Point", "coordinates": [ 116.27353079, 39.82921601 ] } },
{ "type": "Feature", "properties": { "station_id": 2055, "name": "金隅观澜社区站", "capacity": 40 }, "geometry": { "type": "Point", "coordinates": [ 116.6976414, 39.87969928 ] } },
{ "type": "Feature", "properties": { "station_id": 2056, "name": "世涛天朗小区站", "capacity": 40 }, "geometry": { "type": "Point", "coordinates": [ 116.24479535, 40.2067403 ] } },
{ "type": "Feature", "properties": { "station_id": 2057, "name": "规划分局站", "capacity": 30 }, "geometry": { "type": "Point", "coordinates": [ 116.2368726, 40.20667472 ] } },
{ "type": "Feature", "properties": { "station_id": 2058, "name": "亚东大厦站", "capacity": 46 }, "geometry": { "type": "Point", "coordinates": [ 116.22796915, 40.20625915 ] } },
{ "type": "Feature", "properties": { "station_id": 2059, "name": "昌盛园小区站", "capacity": 36 }, "geometry": { "type": "Point", "coordinates": [ 116.2520737, 40.21046148 ] } },
{ "type": "Feature", "properties": { "station_id": 2060, "name": "北京风景站", "capacity": 36 }, "geometry": { "type": "Point", "coordinates": [ 116.28193285, 40.21159921 ] } },
{ "type": "Feature", "properties": { "station_id": 2061, "name": "四合新村站", "capacity": 44 }, "geometry": { "type": "Point", "coordinates": [ 116.27153183, 40.21279768 ] } },
{ "type": "Feature", "properties": { "station_id": 2062, "name": "广电中心站", "capacity": 58 }, "geometry": { "type": "Point", "coordinates": [ 116.25247015, 40.21222346 ] } },
{ "type": "Feature", "properties": { "station_id": 2063, "name": "城南办事处站", "capacity": 50 }, "geometry": { "type": "Point", "coordinates": [ 116.21684457, 40.21687293 ] } },
{ "type": "Feature", "properties": { "station_id": 2064, "name": "移动公司站", "capacity": 38 }, "geometry": { "type": "Point", "coordinates": [ 116.28670205, 40.20621083 ] } },
{ "type": "Feature", "properties": { "station_id": 2065, "name": "市政管委站", "capacity": 36 }, "geometry": { "type": "Point", "coordinates": [ 116.23690247, 40.21193058 ] } },
{ "type": "Feature", "properties": { "station_id": 2066, "name": "金隅万科城站", "capacity": 48 }, "geometry": { "type": "Point", "coordinates": [ 116.2295195, 40.20643163 ] } },
{ "type": "Feature", "properties": { "station_id": 2067, "name": "商务局站", "capacity": 28 }, "geometry": { "type": "Point", "coordinates": [ 116.22564651, 40.21169285 ] } },
{ "type": "Feature", "properties": { "station_id": 2068, "name": "永安公园站", "capacity": 52 }, "geometry": { "type": "Point", "coordinates": [ 116.21885477, 40.21235126 ] } },
{ "type": "Feature", "properties": { "station_id": 2069, "name": "化工大学西门站", "capacity": 40 }, "geometry": { "type": "Point", "coordinates": [ 116.47657481, 39.87700939 ] } },
{ "type": "Feature", "properties": { "station_id": 2070, "name": "宁馨苑站", "capacity": 36 }, "geometry": { "type": "Point", "coordinates": [ 116.25164576, 40.21632771 ] } },
{ "type": "Feature", "properties": { "station_id": 2071, "name": "清秀园小区", "capacity": 34 }, "geometry": { "type": "Point", "coordinates": [ 116.23858148, 40.21552382 ] } },
{ "type": "Feature", "properties": { "station_id": 2072, "name": "昌平公园东门站", "capacity": 38 }, "geometry": { "type": "Point", "coordinates": [ 116.23106082, 40.21675336 ] } },
{ "type": "Feature", "properties": { "station_id": 2073, "name": "昌平公园站", "capacity": 40 }, "geometry": { "type": "Point", "coordinates": [ 116.22789918, 40.21605756 ] } },
{ "type": "Feature", "properties": { "station_id": 2074, "name": "蓝郡国际花园站", "capacity": 40 }, "geometry": { "type": "Point", "coordinates": [ 116.21935844, 40.21729859 ] } },
{ "type": "Feature", "properties": { "station_id": 2075, "name": "果岭假日广场站", "capacity": 40 }, "geometry": { "type": "Point", "coordinates": [ 116.25887573, 40.22100435 ] } },
{ "type": "Feature", "properties": { "station_id": 2076, "name": "福地家园站", "capacity": 26 }, "geometry": { "type": "Point", "coordinates": [ 116.25085209, 40.21863547 ] } },
{ "type": "Feature", "properties": { "station_id": 2077, "name": "亢山广场站", "capacity": 48 }, "geometry": { "type": "Point", "coordinates": [ 116.24474047, 40.21837333 ] } },
{ "type": "Feature", "properties": { "station_id": 2078, "name": "阳光商厦站", "capacity": 58 }, "geometry": { "type": "Point", "coordinates": [ 116.2385429, 40.21881919 ] } },
{ "type": "Feature", "properties": { "station_id": 2079, "name": "仲裁中心站", "capacity": 40 }, "geometry": { "type": "Point", "coordinates": [ 116.23169434, 40.21915652 ] } },
{ "type": "Feature", "properties": { "station_id": 2080, "name": "区人民检察院站", "capacity": 30 }, "geometry": { "type": "Point", "coordinates": [ 116.62918849, 40.31469357 ] } },
{ "type": "Feature", "properties": { "station_id": 2081, "name": "区政府站", "capacity": 60 }, "geometry": { "type": "Point", "coordinates": [ 116.22454557, 40.21940421 ] } },
{ "type": "Feature", "properties": { "station_id": 2082, "name": "服务中心站", "capacity": 36 }, "geometry": { "type": "Point", "coordinates": [ 116.37714587, 39.93251685 ] } },
{ "type": "Feature", "properties": { "station_id": 2083, "name": "发改委站", "capacity": 48 }, "geometry": { "type": "Point", "coordinates": [ 116.22082518, 40.21903143 ] } },
{ "type": "Feature", "properties": { "station_id": 2084, "name": "财政局站", "capacity": 36 }, "geometry": { "type": "Point", "coordinates": [ 116.233519, 40.22160971 ] } },
{ "type": "Feature", "properties": { "station_id": 2085, "name": "政法大学站", "capacity": 48 }, "geometry": { "type": "Point", "coordinates": [ 116.2376642, 40.22524573 ] } },
{ "type": "Feature", "properties": { "station_id": 2086, "name": "区医院站", "capacity": 48 }, "geometry": { "type": "Point", "coordinates": [ 116.22698123, 40.22725897 ] } },
{ "type": "Feature", "properties": { "station_id": 2087, "name": "安福苑站", "capacity": 38 }, "geometry": { "type": "Point", "coordinates": [ 116.2331903, 40.22451591 ] } },
{ "type": "Feature", "properties": { "station_id": 2088, "name": "西环里社区站", "capacity": 40 }, "geometry": { "type": "Point", "coordinates": [ 116.62965811, 40.14923271 ] } },
{ "type": "Feature", "properties": { "station_id": 2089, "name": "昌平汽车北站", "capacity": 44 }, "geometry": { "type": "Point", "coordinates": [ 116.22713386, 40.22828123 ] } },
{ "type": "Feature", "properties": { "station_id": 2090, "name": "妇幼保健院站", "capacity": 22 }, "geometry": { "type": "Point", "coordinates": [ 116.23340347, 40.22947045 ] } },
{ "type": "Feature", "properties": { "station_id": 2091, "name": "南邵地铁站", "capacity": 56 }, "geometry": { "type": "Point", "coordinates": [ 116.28187257, 40.20628241 ] } },
{ "type": "Feature", "properties": { "station_id": 2092, "name": "育知路地铁站", "capacity": 42 }, "geometry": { "type": "Point", "coordinates": [ 116.322426, 40.07720901 ] } },
{ "type": "Feature", "properties": { "station_id": 2093, "name": "平西府地铁站", "capacity": 48 }, "geometry": { "type": "Point", "coordinates": [ 116.40128192, 39.90262654 ] } },
{ "type": "Feature", "properties": { "station_id": 2094, "name": "回龙观东大街站", "capacity": 36 }, "geometry": { "type": "Point", "coordinates": [ 116.43111816, 40.08130595 ] } },
{ "type": "Feature", "properties": { "station_id": 2095, "name": "霍营地铁站", "capacity": 48 }, "geometry": { "type": "Point", "coordinates": [ 116.34086491, 40.06036029 ] } },
{ "type": "Feature", "properties": { "station_id": 2096, "name": "育新地铁站", "capacity": 34 }, "geometry": { "type": "Point", "coordinates": [ 116.34093359, 40.05907851 ] } },
{ "type": "Feature", "properties": { "station_id": 2097, "name": "回龙观地铁站", "capacity": 48 }, "geometry": { "type": "Point", "coordinates": [ 116.33034329, 40.06993114 ] } },
{ "type": "Feature", "properties": { "station_id": 2098, "name": "龙泽地铁站", "capacity": 36 }, "geometry": { "type": "Point", "coordinates": [ 116.33034329, 40.06993114 ] } },
{ "type": "Feature", "properties": { "station_id": 2099, "name": "流星花园二区站", "capacity": 40 }, "geometry": { "type": "Point", "coordinates": [ 116.33165076, 40.08404974 ] } },
{ "type": "Feature", "properties": { "station_id": 2100, "name": "龙回苑站", "capacity": 40 }, "geometry": { "type": "Point", "coordinates": [ 116.45569217, 39.92430741 ] } },
{ "type": "Feature", "properties": { "station_id": 2101, "name": "龙锦苑一区站", "capacity": 30 }, "geometry": { "type": "Point", "coordinates": [ 116.35261749, 40.08708749 ] } },
{ "type": "Feature", "properties": { "station_id": 2102, "name": "龙锦苑东一区站", "capacity": 38 }, "geometry": { "type": "Point", "coordinates": [ 116.36200103, 40.08464423 ] } },
{ "type": "Feature", "properties": { "station_id": 2103, "name": "回龙观中学站", "capacity": 44 }, "geometry": { "type": "Point", "coordinates": [ 116.31262155, 40.07875736 ] } },
{ "type": "Feature", "properties": { "station_id": 2104, "name": "风雅园三区站", "capacity": 46 }, "geometry": { "type": "Point", "coordinates": [ 116.31847532, 40.07814733 ] } },
{ "type": "Feature", "properties": { "station_id": 2105, "name": "回龙园站", "capacity": 50 }, "geometry": { "type": "Point", "coordinates": [ 116.32115444, 40.08024393 ] } },
{ "type": "Feature", "properties": { "station_id": 2106, "name": "云趣园三区北门站", "capacity": 40 }, "geometry": { "type": "Point", "coordinates": [ 116.32414561, 40.08246581 ] } },
{ "type": "Feature", "properties": { "station_id": 2107, "name": "龙禧苑二区站", "capacity": 40 }, "geometry": { "type": "Point", "coordinates": [ 116.33755002, 40.08636175 ] } },
{ "type": "Feature", "properties": { "station_id": 2108, "name": "龙锦苑五区站", "capacity": 36 }, "geometry": { "type": "Point", "coordinates": [ 116.34511045, 40.08152309 ] } },
{ "type": "Feature", "properties": { "station_id": 2109, "name": "龙锦苑东二区站", "capacity": 40 }, "geometry": { "type": "Point", "coordinates": [ 116.68672032, 39.88506533 ] } },
{ "type": "Feature", "properties": { "station_id": 2110, "name": "龙锦苑东五区站", "capacity": 36 }, "geometry": { "type": "Point", "coordinates": [ 116.36799664, 40.08494593 ] } },
{ "type": "Feature", "properties": { "station_id": 2111, "name": "慧华苑站", "capacity": 60 }, "geometry": { "type": "Point", "coordinates": [ 116.46487699, 39.86647959 ] } },
{ "type": "Feature", "properties": { "station_id": 2112, "name": "龙华园小区站", "capacity": 30 }, "geometry": { "type": "Point", "coordinates": [ 116.31748617, 40.07498705 ] } },
{ "type": "Feature", "properties": { "station_id": 2113, "name": "天使妇儿医院站", "capacity": 40 }, "geometry": { "type": "Point", "coordinates": [ 116.322426, 40.07720901 ] } },
{ "type": "Feature", "properties": { "station_id": 2114, "name": "云趣园三区站", "capacity": 38 }, "geometry": { "type": "Point", "coordinates": [ 116.43361935, 39.83162336 ] } },
{ "type": "Feature", "properties": { "station_id": 2115, "name": "北店时代广场站", "capacity": 38 }, "geometry": { "type": "Point", "coordinates": [ 116.33022796, 40.07896778 ] } },
{ "type": "Feature", "properties": { "station_id": 2116, "name": "龙锦苑六区站", "capacity": 38 }, "geometry": { "type": "Point", "coordinates": [ 116.3381676, 40.07891485 ] } },
{ "type": "Feature", "properties": { "station_id": 2117, "name": "回龙观办事处站", "capacity": 42 }, "geometry": { "type": "Point", "coordinates": [ 116.34104517, 40.07958864 ] } },
{ "type": "Feature", "properties": { "station_id": 2118, "name": "天龙苑站", "capacity": 28 }, "geometry": { "type": "Point", "coordinates": [ 116.35205495, 40.07950146 ] } },
{ "type": "Feature", "properties": { "station_id": 2119, "name": "霍营街道办事处站", "capacity": 32 }, "geometry": { "type": "Point", "coordinates": [ 116.36093522, 40.07984708 ] } },
{ "type": "Feature", "properties": { "station_id": 2120, "name": "龙锦苑东四区站", "capacity": 36 }, "geometry": { "type": "Point", "coordinates": [ 116.33997438, 40.05890857 ] } },
{ "type": "Feature", "properties": { "station_id": 2121, "name": "龙腾苑三区站", "capacity": 42 }, "geometry": { "type": "Point", "coordinates": [ 116.32805153, 40.07431068 ] } },
{ "type": "Feature", "properties": { "station_id": 2122, "name": "龙腾苑二区站", "capacity": 40 }, "geometry": { "type": "Point", "coordinates": [ 116.33079921, 40.07618597 ] } },
{ "type": "Feature", "properties": { "station_id": 2123, "name": "龙跃苑一区站", "capacity": 36 }, "geometry": { "type": "Point", "coordinates": [ 116.3461999, 40.07618864 ] } },
{ "type": "Feature", "properties": { "station_id": 2124, "name": "龙泽调度中心站", "capacity": 42 }, "geometry": { "type": "Point", "coordinates": [ 116.33034329, 40.06993114 ] } },
{ "type": "Feature", "properties": { "station_id": 2125, "name": "育知路南站", "capacity": 40 }, "geometry": { "type": "Point", "coordinates": [ 116.32229672, 40.07626327 ] } },
{ "type": "Feature", "properties": { "station_id": 2126, "name": "龙腾苑四区站", "capacity": 36 }, "geometry": { "type": "Point", "coordinates": [ 116.33609785, 40.07206408 ] } },
{ "type": "Feature", "properties": { "station_id": 2127, "name": "龙跃苑四区站", "capacity": 36 }, "geometry": { "type": "Point", "coordinates": [ 116.34412182, 40.07257229 ] } },
{ "type": "Feature", "properties": { "station_id": 2128, "name": "龙跃苑东二区站", "capacity": 36 }, "geometry": { "type": "Point", "coordinates": [ 116.35009086, 40.0753888 ] } },
{ "type": "Feature", "properties": { "station_id": 2129, "name": "龙博苑三区站", "capacity": 34 }, "geometry": { "type": "Point", "coordinates": [ 116.33856515, 40.06559406 ] } },
{ "type": "Feature", "properties": { "station_id": 2130, "name": "吉晟别墅站", "capacity": 36 }, "geometry": { "type": "Point", "coordinates": [ 116.33335073, 40.06475306 ] } },
{ "type": "Feature", "properties": { "station_id": 2131, "name": "天通苑北A", "capacity": 36 }, "geometry": { "type": "Point", "coordinates": [ 116.40773968, 40.08314717 ] } },
{ "type": "Feature", "properties": { "station_id": 2132, "name": "天通苑北B", "capacity": 52 }, "geometry": { "type": "Point", "coordinates": [ 116.40773968, 40.08314717 ] } },
{ "type": "Feature", "properties": { "station_id": 2133, "name": "地铁天通苑站", "capacity": 40 }, "geometry": { "type": "Point", "coordinates": [ 116.40656515, 40.07373256 ] } },
{ "type": "Feature", "properties": { "station_id": 2134, "name": "地铁天通苑站东", "capacity": 36 }, "geometry": { "type": "Point", "coordinates": [ 116.40310033, 40.12633184 ] } },
{ "type": "Feature", "properties": { "station_id": 2135, "name": "地铁天通苑南站", "capacity": 40 }, "geometry": { "type": "Point", "coordinates": [ 116.40857827, 40.09305368 ] } },
{ "type": "Feature", "properties": { "station_id": 2136, "name": "地铁天通苑南站东", "capacity": 42 }, "geometry": { "type": "Point", "coordinates": [ 116.40984961, 40.06322547 ] } },
{ "type": "Feature", "properties": { "station_id": 2137, "name": "天通西苑北门站", "capacity": 32 }, "geometry": { "type": "Point", "coordinates": [ 116.4312178, 40.07929589 ] } },
{ "type": "Feature", "properties": { "station_id": 2138, "name": "天通北苑三区北门", "capacity": 32 }, "geometry": { "type": "Point", "coordinates": [ 116.42690708, 40.0754981 ] } },
{ "type": "Feature", "properties": { "station_id": 2139, "name": "天通北苑一区站", "capacity": 36 }, "geometry": { "type": "Point", "coordinates": [ 116.41145167, 40.07528018 ] } },
{ "type": "Feature", "properties": { "station_id": 2140, "name": "天通东苑三区站", "capacity": 32 }, "geometry": { "type": "Point", "coordinates": [ 116.4332066, 40.07115136 ] } },
{ "type": "Feature", "properties": { "station_id": 2141, "name": "北一区南门站", "capacity": 44 }, "geometry": { "type": "Point", "coordinates": [ 116.41088689, 40.07276608 ] } },
{ "type": "Feature", "properties": { "station_id": 2142, "name": "北二区南门站", "capacity": 36 }, "geometry": { "type": "Point", "coordinates": [ 116.41892211, 40.07276132 ] } },
{ "type": "Feature", "properties": { "station_id": 2143, "name": "天通北苑二区站", "capacity": 36 }, "geometry": { "type": "Point", "coordinates": [ 116.42214629, 40.07349336 ] } },
{ "type": "Feature", "properties": { "station_id": 2144, "name": "天通北苑三区南门", "capacity": 36 }, "geometry": { "type": "Point", "coordinates": [ 116.42690708, 40.0754981 ] } },
{ "type": "Feature", "properties": { "station_id": 2145, "name": "天通中苑站", "capacity": 36 }, "geometry": { "type": "Point", "coordinates": [ 116.42217701, 40.07225751 ] } },
{ "type": "Feature", "properties": { "station_id": 2146, "name": "丽水园北站站", "capacity": 36 }, "geometry": { "type": "Point", "coordinates": [ 116.41002481, 40.0665556 ] } },
{ "type": "Feature", "properties": { "station_id": 2147, "name": "天通中苑西区站", "capacity": 36 }, "geometry": { "type": "Point", "coordinates": [ 116.41714997, 40.07121856 ] } },
{ "type": "Feature", "properties": { "station_id": 2148, "name": "太平家园站", "capacity": 36 }, "geometry": { "type": "Point", "coordinates": [ 116.29739091, 39.99123067 ] } },
{ "type": "Feature", "properties": { "station_id": 2149, "name": "华联超市站", "capacity": 42 }, "geometry": { "type": "Point", "coordinates": [ 116.40677984, 40.06653859 ] } },
{ "type": "Feature", "properties": { "station_id": 2150, "name": "天通苑六区站", "capacity": 36 }, "geometry": { "type": "Point", "coordinates": [ 116.41864813, 40.06460954 ] } },
{ "type": "Feature", "properties": { "station_id": 2151, "name": "天通苑老六区南门", "capacity": 36 }, "geometry": { "type": "Point", "coordinates": [ 116.4186483, 40.06329737 ] } },
{ "type": "Feature", "properties": { "station_id": 2152, "name": "天通苑西一区站", "capacity": 36 }, "geometry": { "type": "Point", "coordinates": [ 116.40278822, 40.06049878 ] } },
{ "type": "Feature", "properties": { "station_id": 2153, "name": "天通苑站", "capacity": 36 }, "geometry": { "type": "Point", "coordinates": [ 116.41870896, 40.06684869 ] } },
{ "type": "Feature", "properties": { "station_id": 2154, "name": "天通苑东一区站", "capacity": 36 }, "geometry": { "type": "Point", "coordinates": [ 116.42274325, 40.06615122 ] } },
{ "type": "Feature", "properties": { "station_id": 2155, "name": "天通东苑二区站", "capacity": 36 }, "geometry": { "type": "Point", "coordinates": [ 116.43319221, 40.06407933 ] } },
{ "type": "Feature", "properties": { "station_id": 2156, "name": "龙德广场站", "capacity": 38 }, "geometry": { "type": "Point", "coordinates": [ 116.40894924, 40.05823561 ] } },
{ "type": "Feature", "properties": { "station_id": 2157, "name": "东小口镇政府站", "capacity": 30 }, "geometry": { "type": "Point", "coordinates": [ 116.40279631, 40.05688267 ] } },
{ "type": "Feature", "properties": { "station_id": 2158, "name": "万兴集团站", "capacity": 20 }, "geometry": { "type": "Point", "coordinates": [ 116.33835039, 39.71667104 ] } },
{ "type": "Feature", "properties": { "station_id": 2159, "name": "大兴工商局站", "capacity": 20 }, "geometry": { "type": "Point", "coordinates": [ 116.33835039, 39.71667104 ] } },
{ "type": "Feature", "properties": { "station_id": 2160, "name": "火神庙商场站", "capacity": 20 }, "geometry": { "type": "Point", "coordinates": [ 116.33703946, 39.72899333 ] } },
{ "type": "Feature", "properties": { "station_id": 2161, "name": "广电中心站", "capacity": 20 }, "geometry": { "type": "Point", "coordinates": [ 116.33315753, 39.72568216 ] } },
{ "type": "Feature", "properties": { "station_id": 2162, "name": "一中体育馆站", "capacity": 30 }, "geometry": { "type": "Point", "coordinates": [ 116.31797103, 39.66879285 ] } },
{ "type": "Feature", "properties": { "station_id": 2163, "name": "观音寺南里西门站", "capacity": 20 }, "geometry": { "type": "Point", "coordinates": [ 116.31797103, 39.66879285 ] } },
{ "type": "Feature", "properties": { "station_id": 2164, "name": "观音寺北里西门站", "capacity": 20 }, "geometry": { "type": "Point", "coordinates": [ 116.31797103, 39.66879285 ] } },
{ "type": "Feature", "properties": { "station_id": 2165, "name": "双河南里西门站", "capacity": 20 }, "geometry": { "type": "Point", "coordinates": [ 116.31797864, 39.66879284 ] } },
{ "type": "Feature", "properties": { "station_id": 2166, "name": "双河北里西门站", "capacity": 20 }, "geometry": { "type": "Point", "coordinates": [ 116.31797103, 39.66879285 ] } },
{ "type": "Feature", "properties": { "station_id": 2167, "name": "林干院站", "capacity": 14 }, "geometry": { "type": "Point", "coordinates": [ 116.32544105, 39.70830411 ] } },
{ "type": "Feature", "properties": { "station_id": 2168, "name": "金华里西门站", "capacity": 20 }, "geometry": { "type": "Point", "coordinates": [ 116.31797103, 39.66879285 ] } },
{ "type": "Feature", "properties": { "station_id": 2169, "name": "西斯莱公馆南门站", "capacity": 20 }, "geometry": { "type": "Point", "coordinates": [ 116.32238957, 39.762045 ] } },
{ "type": "Feature", "properties": { "station_id": 2170, "name": "高米店站", "capacity": 20 }, "geometry": { "type": "Point", "coordinates": [ 116.33677653, 39.76173167 ] } },
{ "type": "Feature", "properties": { "station_id": 2171, "name": "车站北里东门站", "capacity": 20 }, "geometry": { "type": "Point", "coordinates": [ 116.33322641, 39.7227222 ] } },
{ "type": "Feature", "properties": { "station_id": 2172, "name": "老年大学站", "capacity": 20 }, "geometry": { "type": "Point", "coordinates": [ 116.33917125, 39.72726161 ] } },
{ "type": "Feature", "properties": { "station_id": 2173, "name": "时代龙河北门站", "capacity": 18 }, "geometry": { "type": "Point", "coordinates": [ 116.32737099, 39.73630814 ] } },
{ "type": "Feature", "properties": { "station_id": 2174, "name": "黄村镇政府站", "capacity": 20 }, "geometry": { "type": "Point", "coordinates": [ 116.33099367, 39.74155728 ] } },
{ "type": "Feature", "properties": { "station_id": 2175, "name": "枣园地铁西北口站", "capacity": 20 }, "geometry": { "type": "Point", "coordinates": [ 116.325702, 39.75210621 ] } },
{ "type": "Feature", "properties": { "station_id": 2176, "name": "高米店南站", "capacity": 20 }, "geometry": { "type": "Point", "coordinates": [ 116.32546476, 39.76218403 ] } },
{ "type": "Feature", "properties": { "station_id": 2177, "name": "华堂商场站", "capacity": 20 }, "geometry": { "type": "Point", "coordinates": [ 116.32976623, 39.75668703 ] } },
{ "type": "Feature", "properties": { "station_id": 2178, "name": "校长大厦西站", "capacity": 20 }, "geometry": { "type": "Point", "coordinates": [ 116.31804497, 39.74740647 ] } },
{ "type": "Feature", "properties": { "station_id": 2179, "name": "枣林公园站", "capacity": 20 }, "geometry": { "type": "Point", "coordinates": [ 116.33001056, 39.75070958 ] } },
{ "type": "Feature", "properties": { "station_id": 2180, "name": "街心公园站", "capacity": 20 }, "geometry": { "type": "Point", "coordinates": [ 116.33257112, 39.72775438 ] } },
{ "type": "Feature", "properties": { "station_id": 2181, "name": "兴丰派出所站", "capacity": 30 }, "geometry": { "type": "Point", "coordinates": [ 116.32923639, 39.73264291 ] } },
{ "type": "Feature", "properties": { "station_id": 2182, "name": "金星西路口南站", "capacity": 20 }, "geometry": { "type": "Point", "coordinates": [ 116.32907287, 39.76191395 ] } },
{ "type": "Feature", "properties": { "station_id": 2183, "name": "兴涛园站", "capacity": 16 }, "geometry": { "type": "Point", "coordinates": [ 116.32014785, 39.73161906 ] } },
{ "type": "Feature", "properties": { "station_id": 2184, "name": "顺驰领海站", "capacity": 16 }, "geometry": { "type": "Point", "coordinates": [ 116.31206596, 39.77487323 ] } },
{ "type": "Feature", "properties": { "station_id": 2185, "name": "阳光乐府北站", "capacity": 32 }, "geometry": { "type": "Point", "coordinates": [ 116.32197477, 39.73120361 ] } },
{ "type": "Feature", "properties": { "station_id": 2186, "name": "阳光乐府南站", "capacity": 30 }, "geometry": { "type": "Point", "coordinates": [ 116.32286527, 39.73191515 ] } },
{ "type": "Feature", "properties": { "station_id": 2187, "name": "丽园B区站", "capacity": 30 }, "geometry": { "type": "Point", "coordinates": [ 116.31524331, 39.75062727 ] } },
{ "type": "Feature", "properties": { "station_id": 2188, "name": "风景翠园站", "capacity": 14 }, "geometry": { "type": "Point", "coordinates": [ 116.32000578, 39.77205073 ] } },
{ "type": "Feature", "properties": { "station_id": 2189, "name": "石化学院北站", "capacity": 20 }, "geometry": { "type": "Point", "coordinates": [ 116.31965878, 39.74688082 ] } },
{ "type": "Feature", "properties": { "station_id": 2190, "name": "枣园小区南站", "capacity": 20 }, "geometry": { "type": "Point", "coordinates": [ 116.32221613, 39.74895849 ] } },
{ "type": "Feature", "properties": { "station_id": 2191, "name": "枣园尚城东站", "capacity": 16 }, "geometry": { "type": "Point", "coordinates": [ 116.32125627, 39.75500598 ] } },
{ "type": "Feature", "properties": { "station_id": 2192, "name": "大兴二中站", "capacity": 26 }, "geometry": { "type": "Point", "coordinates": [ 116.33555254, 39.74871575 ] } },
{ "type": "Feature", "properties": { "station_id": 2193, "name": "玫瑰城站", "capacity": 20 }, "geometry": { "type": "Point", "coordinates": [ 116.32917309, 39.75185545 ] } },
{ "type": "Feature", "properties": { "station_id": 2194, "name": "枣园尚城南站", "capacity": 16 }, "geometry": { "type": "Point", "coordinates": [ 116.32115747, 39.7537322 ] } },
{ "type": "Feature", "properties": { "station_id": 2195, "name": "枣园东里南站", "capacity": 24 }, "geometry": { "type": "Point", "coordinates": [ 116.3300184, 39.74885964 ] } },
{ "type": "Feature", "properties": { "station_id": 2196, "name": "经济信息委员会站", "capacity": 18 }, "geometry": { "type": "Point", "coordinates": [ 116.3348545, 39.73030565 ] } },
{ "type": "Feature", "properties": { "station_id": 2197, "name": "团结巷站", "capacity": 16 }, "geometry": { "type": "Point", "coordinates": [ 116.33047009, 39.72829997 ] } },
{ "type": "Feature", "properties": { "station_id": 2198, "name": "法院西门站", "capacity": 20 }, "geometry": { "type": "Point", "coordinates": [ 116.3229682, 39.76106361 ] } },
{ "type": "Feature", "properties": { "station_id": 2199, "name": "滨河西里北区站", "capacity": 22 }, "geometry": { "type": "Point", "coordinates": [ 116.33268212, 39.7531533 ] } },
{ "type": "Feature", "properties": { "station_id": 2200, "name": "瑞康家园站", "capacity": 20 }, "geometry": { "type": "Point", "coordinates": [ 116.33556168, 39.73654824 ] } },
{ "type": "Feature", "properties": { "station_id": 2201, "name": "地税局站", "capacity": 18 }, "geometry": { "type": "Point", "coordinates": [ 116.33306464, 39.73797942 ] } },
{ "type": "Feature", "properties": { "station_id": 2202, "name": "枣园小区东站", "capacity": 20 }, "geometry": { "type": "Point", "coordinates": [ 116.32094478, 39.75022347 ] } },
{ "type": "Feature", "properties": { "station_id": 2203, "name": "建兴物美站", "capacity": 30 }, "geometry": { "type": "Point", "coordinates": [ 116.32817211, 39.72143113 ] } },
{ "type": "Feature", "properties": { "station_id": 2204, "name": "大兴桥西站", "capacity": 20 }, "geometry": { "type": "Point", "coordinates": [ 116.33898174, 39.72081975 ] } },
{ "type": "Feature", "properties": { "station_id": 2205, "name": "车站中里站", "capacity": 22 }, "geometry": { "type": "Point", "coordinates": [ 116.32544105, 39.70830411 ] } },
{ "type": "Feature", "properties": { "station_id": 2206, "name": "百联清城站", "capacity": 16 }, "geometry": { "type": "Point", "coordinates": [ 116.32645757, 39.73617257 ] } },
{ "type": "Feature", "properties": { "station_id": 2207, "name": "林校北里站", "capacity": 14 }, "geometry": { "type": "Point", "coordinates": [ 116.33131591, 39.72135269 ] } },
{ "type": "Feature", "properties": { "station_id": 2208, "name": "公路分局站", "capacity": 22 }, "geometry": { "type": "Point", "coordinates": [ 116.33898174, 39.72081975 ] } },
{ "type": "Feature", "properties": { "station_id": 2209, "name": "行政服务中心站", "capacity": 20 }, "geometry": { "type": "Point", "coordinates": [ 116.32463859, 39.73402102 ] } },
{ "type": "Feature", "properties": { "station_id": 2210, "name": "彩虹新城西站", "capacity": 16 }, "geometry": { "type": "Point", "coordinates": [ 116.32674546, 39.74709224 ] } },
{ "type": "Feature", "properties": { "station_id": 2211, "name": "波普中心站", "capacity": 16 }, "geometry": { "type": "Point", "coordinates": [ 116.3253525, 39.74686987 ] } },
{ "type": "Feature", "properties": { "station_id": 2212, "name": "印刷学院站", "capacity": 24 }, "geometry": { "type": "Point", "coordinates": [ 116.3379667, 39.74105227 ] } },
{ "type": "Feature", "properties": { "station_id": 2213, "name": "首邑西门站", "capacity": 16 }, "geometry": { "type": "Point", "coordinates": [ 116.32828191, 39.75639997 ] } },
{ "type": "Feature", "properties": { "station_id": 2214, "name": "中铁五院站", "capacity": 32 }, "geometry": { "type": "Point", "coordinates": [ 116.33067198, 39.75736044 ] } },
{ "type": "Feature", "properties": { "station_id": 2215, "name": "民生银行站", "capacity": 20 }, "geometry": { "type": "Point", "coordinates": [ 116.3189041, 39.75563223 ] } },
{ "type": "Feature", "properties": { "station_id": 2216, "name": "清源西里西站", "capacity": 20 }, "geometry": { "type": "Point", "coordinates": [ 116.32656327, 39.74311813 ] } },
{ "type": "Feature", "properties": { "station_id": 2217, "name": "康和园南站", "capacity": 20 }, "geometry": { "type": "Point", "coordinates": [ 116.32091359, 39.75615474 ] } },
{ "type": "Feature", "properties": { "station_id": 2218, "name": "八中北门站", "capacity": 32 }, "geometry": { "type": "Point", "coordinates": [ 116.32867014, 39.75626955 ] } },
{ "type": "Feature", "properties": { "station_id": 2219, "name": "丽园社区站", "capacity": 32 }, "geometry": { "type": "Point", "coordinates": [ 116.3341527, 39.74197473 ] } },
{ "type": "Feature", "properties": { "station_id": 2220, "name": "兴涛社区站", "capacity": 20 }, "geometry": { "type": "Point", "coordinates": [ 116.32107889, 39.77342564 ] } },
{ "type": "Feature", "properties": { "station_id": 2221, "name": "华昱家园站", "capacity": 20 }, "geometry": { "type": "Point", "coordinates": [ 116.32231027, 39.72654579 ] } },
{ "type": "Feature", "properties": { "station_id": 2222, "name": "桐城办公行政楼站", "capacity": 40 }, "geometry": { "type": "Point", "coordinates": [ 116.31076913, 39.73553888 ] } },
{ "type": "Feature", "properties": { "station_id": 2223, "name": "怡兴园站", "capacity": 20 }, "geometry": { "type": "Point", "coordinates": [ 116.32287322, 39.72926806 ] } },
{ "type": "Feature", "properties": { "station_id": 2224, "name": "林校街道站", "capacity": 20 }, "geometry": { "type": "Point", "coordinates": [ 116.32597905, 39.72793093 ] } },
{ "type": "Feature", "properties": { "station_id": 2225, "name": "交通学校站", "capacity": 20 }, "geometry": { "type": "Point", "coordinates": [ 116.33488228, 39.75164636 ] } },
{ "type": "Feature", "properties": { "station_id": 2226, "name": "校长大厦北站", "capacity": 20 }, "geometry": { "type": "Point", "coordinates": [ 116.31793852, 39.74643404 ] } },
{ "type": "Feature", "properties": { "station_id": 2227, "name": "博悦府站", "capacity": 16 }, "geometry": { "type": "Point", "coordinates": [ 116.32077183, 39.73321983 ] } },
{ "type": "Feature", "properties": { "station_id": 2228, "name": "北京小学站", "capacity": 20 }, "geometry": { "type": "Point", "coordinates": [ 116.32014785, 39.73161906 ] } },
{ "type": "Feature", "properties": { "station_id": 2229, "name": "原生墅站", "capacity": 20 }, "geometry": { "type": "Point", "coordinates": [ 116.32238957, 39.762045 ] } },
{ "type": "Feature", "properties": { "station_id": 2230, "name": "法院北门站", "capacity": 34 }, "geometry": { "type": "Point", "coordinates": [ 116.32238957, 39.762045 ] } },
{ "type": "Feature", "properties": { "station_id": 2231, "name": "康隆园北站", "capacity": 40 }, "geometry": { "type": "Point", "coordinates": [ 116.32238957, 39.762045 ] } },
{ "type": "Feature", "properties": { "station_id": 2232, "name": "兴华中学站", "capacity": 32 }, "geometry": { "type": "Point", "coordinates": [ 116.32597905, 39.72793093 ] } },
{ "type": "Feature", "properties": { "station_id": 2233, "name": "中建国际港站", "capacity": 16 }, "geometry": { "type": "Point", "coordinates": [ 116.32623524, 39.74885923 ] } },
{ "type": "Feature", "properties": { "station_id": 2234, "name": "可可家园站", "capacity": 40 }, "geometry": { "type": "Point", "coordinates": [ 116.32238957, 39.762045 ] } },
{ "type": "Feature", "properties": { "station_id": 2235, "name": "康盛园北站", "capacity": 40 }, "geometry": { "type": "Point", "coordinates": [ 116.32238957, 39.762045 ] } },
{ "type": "Feature", "properties": { "station_id": 2236, "name": "绿地缤纷城站", "capacity": 40 }, "geometry": { "type": "Point", "coordinates": [ 116.32814409, 39.76284641 ] } },
{ "type": "Feature", "properties": { "station_id": 2237, "name": "西大街地铁B口站", "capacity": 20 }, "geometry": { "type": "Point", "coordinates": [ 116.32778363, 39.72357546 ] } },
{ "type": "Feature", "properties": { "station_id": 2238, "name": "清源路地铁C口站", "capacity": 20 }, "geometry": { "type": "Point", "coordinates": [ 116.32631229, 39.74142889 ] } },
{ "type": "Feature", "properties": { "station_id": 2239, "name": "区政府大院站", "capacity": 16 }, "geometry": { "type": "Point", "coordinates": [ 116.3341527, 39.74197473 ] } },
{ "type": "Feature", "properties": { "station_id": 2240, "name": "T6站", "capacity": 20 }, "geometry": { "type": "Point", "coordinates": [ 116.3341527, 39.74197473 ] } },
{ "type": "Feature", "properties": { "station_id": 2241, "name": "高米店A口站", "capacity": 20 }, "geometry": { "type": "Point", "coordinates": [ 116.32540696, 39.7375172 ] } },
{ "type": "Feature", "properties": { "station_id": 2242, "name": "华润公元九里站", "capacity": 20 }, "geometry": { "type": "Point", "coordinates": [ 116.32238957, 39.762045 ] } },
{ "type": "Feature", "properties": { "station_id": 2243, "name": "水晶之星站", "capacity": 20 }, "geometry": { "type": "Point", "coordinates": [ 116.32867014, 39.75626955 ] } },
{ "type": "Feature", "properties": { "station_id": 2244, "name": "翰林院东门站", "capacity": 20 }, "geometry": { "type": "Point", "coordinates": [ 116.32597905, 39.72793093 ] } },
{ "type": "Feature", "properties": { "station_id": 2245, "name": "滨河西里西门站", "capacity": 20 }, "geometry": { "type": "Point", "coordinates": [ 116.33322641, 39.7227222 ] } },
{ "type": "Feature", "properties": { "station_id": 2246, "name": "区医院站", "capacity": 20 }, "geometry": { "type": "Point", "coordinates": [ 116.32778363, 39.72357546 ] } },
{ "type": "Feature", "properties": { "station_id": 2247, "name": "洪村站", "capacity": 18 }, "geometry": { "type": "Point", "coordinates": [ 116.32540696, 39.7375172 ] } },
{ "type": "Feature", "properties": { "station_id": 2248, "name": "富强西里南门站", "capacity": 18 }, "geometry": { "type": "Point", "coordinates": [ 116.33323994, 39.73624361 ] } },
{ "type": "Feature", "properties": { "station_id": 2249, "name": "黄村西里北门站", "capacity": 20 }, "geometry": { "type": "Point", "coordinates": [ 116.32645757, 39.73617257 ] } },
{ "type": "Feature", "properties": { "station_id": 2250, "name": "清源街道办事处站", "capacity": 20 }, "geometry": { "type": "Point", "coordinates": [ 116.33001056, 39.75070958 ] } },
{ "type": "Feature", "properties": { "station_id": 2251, "name": "兴华园南门站", "capacity": 20 }, "geometry": { "type": "Point", "coordinates": [ 116.33195244, 39.74448482 ] } },
{ "type": "Feature", "properties": { "station_id": 2252, "name": "高米店北里西门站", "capacity": 18 }, "geometry": { "type": "Point", "coordinates": [ 116.3341527, 39.74197473 ] } },
{ "type": "Feature", "properties": { "station_id": 2253, "name": "西斯莱公馆西门站", "capacity": 20 }, "geometry": { "type": "Point", "coordinates": [ 116.3341527, 39.74197473 ] } },
{ "type": "Feature", "properties": { "station_id": 2254, "name": "大兴七街站", "capacity": 20 }, "geometry": { "type": "Point", "coordinates": [ 116.33322641, 39.7227222 ] } },
{ "type": "Feature", "properties": { "station_id": 2255, "name": "兴丰街道站", "capacity": 20 }, "geometry": { "type": "Point", "coordinates": [ 116.32778363, 39.72357546 ] } },
{ "type": "Feature", "properties": { "station_id": 2256, "name": "兴华建材城站", "capacity": 20 }, "geometry": { "type": "Point", "coordinates": [ 116.32597905, 39.72793093 ] } },
{ "type": "Feature", "properties": { "station_id": 2257, "name": "郁花园三里北门站", "capacity": 20 }, "geometry": { "type": "Point", "coordinates": [ 116.31990724, 39.76872864 ] } },
{ "type": "Feature", "properties": { "station_id": 2258, "name": "高米店北里北门站", "capacity": 18 }, "geometry": { "type": "Point", "coordinates": [ 116.33160653, 39.77123515 ] } },
{ "type": "Feature", "properties": { "station_id": 2259, "name": "双高花园南门站", "capacity": 18 }, "geometry": { "type": "Point", "coordinates": [ 116.3341527, 39.74197473 ] } },
{ "type": "Feature", "properties": { "station_id": 2260, "name": "金惠园三里北门站", "capacity": 20 }, "geometry": { "type": "Point", "coordinates": [ 116.33160653, 39.77123515 ] } },
{ "type": "Feature", "properties": { "station_id": 2261, "name": "北师大附小站", "capacity": 20 }, "geometry": { "type": "Point", "coordinates": [ 116.33159892, 39.77123517 ] } },
{ "type": "Feature", "properties": { "station_id": 2262, "name": "香留园B区北门站", "capacity": 20 }, "geometry": { "type": "Point", "coordinates": [ 116.31990724, 39.76872864 ] } },
{ "type": "Feature", "properties": { "station_id": 2263, "name": "香留园A区对面站", "capacity": 20 }, "geometry": { "type": "Point", "coordinates": [ 116.31990724, 39.76872864 ] } },
{ "type": "Feature", "properties": { "station_id": 2264, "name": "青岛嘉园北门站", "capacity": 20 }, "geometry": { "type": "Point", "coordinates": [ 116.328205, 39.76270898 ] } },
{ "type": "Feature", "properties": { "station_id": 2265, "name": "顺驰领海西门站", "capacity": 20 }, "geometry": { "type": "Point", "coordinates": [ 116.31076913, 39.73553888 ] } },
{ "type": "Feature", "properties": { "station_id": 2266, "name": "富强西里东门站", "capacity": 20 }, "geometry": { "type": "Point", "coordinates": [ 116.33299599, 39.73906661 ] } },
{ "type": "Feature", "properties": { "station_id": 2267, "name": "兴华易购市场站", "capacity": 20 }, "geometry": { "type": "Point", "coordinates": [ 116.32540637, 39.74221255 ] } },
{ "type": "Feature", "properties": { "station_id": 2268, "name": "三合北巷7号院站", "capacity": 20 }, "geometry": { "type": "Point", "coordinates": [ 116.31474315, 39.73262492 ] } },
{ "type": "Feature", "properties": { "station_id": 2269, "name": "三合北巷5号院站", "capacity": 18 }, "geometry": { "type": "Point", "coordinates": [ 116.31474315, 39.73262873 ] } },
{ "type": "Feature", "properties": { "station_id": 2270, "name": "郁花园三里南门西站", "capacity": 30 }, "geometry": { "type": "Point", "coordinates": [ 116.32545635, 39.76863406 ] } },
{ "type": "Feature", "properties": { "station_id": 2271, "name": "天宫院西门站", "capacity": 20 }, "geometry": { "type": "Point", "coordinates": [ 116.31488694, 39.67825 ] } },
{ "type": "Feature", "properties": { "station_id": 2272, "name": "生物医药基地站", "capacity": 20 }, "geometry": { "type": "Point", "coordinates": [ 116.31600397, 39.69397341 ] } },
{ "type": "Feature", "properties": { "station_id": 2273, "name": "中粮丰通站", "capacity": 20 }, "geometry": { "type": "Point", "coordinates": [ 116.3095658, 39.6786033 ] } },
{ "type": "Feature", "properties": { "station_id": 2274, "name": "新源时代小区站", "capacity": 20 }, "geometry": { "type": "Point", "coordinates": [ 116.31913299, 39.69030586 ] } },
{ "type": "Feature", "properties": { "station_id": 2275, "name": "药谷1号站", "capacity": 20 }, "geometry": { "type": "Point", "coordinates": [ 116.29064257, 39.69602832 ] } },
{ "type": "Feature", "properties": { "station_id": 2276, "name": "黄村村工商所站", "capacity": 20 }, "geometry": { "type": "Point", "coordinates": [ 116.29634876, 39.67731475 ] } },
{ "type": "Feature", "properties": { "station_id": 2277, "name": "天宫院管委会站", "capacity": 20 }, "geometry": { "type": "Point", "coordinates": [ 116.31614905, 39.6903726 ] } },
{ "type": "Feature", "properties": { "station_id": 2278, "name": "梦狐竹纤维北门站", "capacity": 20 }, "geometry": { "type": "Point", "coordinates": [ 116.31271587, 39.69079106 ] } },
{ "type": "Feature", "properties": { "station_id": 2279, "name": "天宫院地铁D口站", "capacity": 20 }, "geometry": { "type": "Point", "coordinates": [ 116.31382998, 39.66906392 ] } },
{ "type": "Feature", "properties": { "station_id": 2280, "name": "北臧村服务中心站", "capacity": 20 }, "geometry": { "type": "Point", "coordinates": [ 116.30520365, 39.67810023 ] } },
{ "type": "Feature", "properties": { "station_id": 2281, "name": "天宫院街道社区站", "capacity": 18 }, "geometry": { "type": "Point", "coordinates": [ 116.34055015, 39.71968792 ] } },
{ "type": "Feature", "properties": { "station_id": 2282, "name": "香留园B区南门站", "capacity": 20 }, "geometry": { "type": "Point", "coordinates": [ 116.30588521, 39.76855673 ] } },
{ "type": "Feature", "properties": { "station_id": 2283, "name": "念坛公园东门站", "capacity": 30 }, "geometry": { "type": "Point", "coordinates": [ 116.30698189, 39.70412834 ] } },
{ "type": "Feature", "properties": { "station_id": 2284, "name": "兴康家园北门站", "capacity": 20 }, "geometry": { "type": "Point", "coordinates": [ 116.30442511, 39.75543434 ] } },
{ "type": "Feature", "properties": { "station_id": 2285, "name": "康乃馨城北门站", "capacity": 22 }, "geometry": { "type": "Point", "coordinates": [ 116.31076913, 39.73553888 ] } },
{ "type": "Feature", "properties": { "station_id": 2286, "name": "交通学校北站", "capacity": 20 }, "geometry": { "type": "Point", "coordinates": [ 116.33491314, 39.74837365 ] } },
{ "type": "Feature", "properties": { "station_id": 2287, "name": "开发区管委会站", "capacity": 20 }, "geometry": { "type": "Point", "coordinates": [ 116.34180914, 39.7578587 ] } },
{ "type": "Feature", "properties": { "station_id": 2288, "name": "广阳大街路西站", "capacity": 20 }, "geometry": { "type": "Point", "coordinates": [ 116.34882903, 39.75796114 ] } },
{ "type": "Feature", "properties": { "station_id": 2289, "name": "清源公园站", "capacity": 20 }, "geometry": { "type": "Point", "coordinates": [ 116.29331753, 39.74242381 ] } },
{ "type": "Feature", "properties": { "station_id": 2290, "name": "星光影视城北门站", "capacity": 20 }, "geometry": { "type": "Point", "coordinates": [ 116.86628978, 40.1484896 ] } },
{ "type": "Feature", "properties": { "station_id": 2291, "name": "奥宇科技大厦站", "capacity": 30 }, "geometry": { "type": "Point", "coordinates": [ 116.33677653, 39.76173167 ] } },
{ "type": "Feature", "properties": { "station_id": 2292, "name": "旭辉紫郡站", "capacity": 30 }, "geometry": { "type": "Point", "coordinates": [ 116.30759938, 39.75849525 ] } },
{ "type": "Feature", "properties": { "station_id": 2293, "name": "大兴桥东", "capacity": 26 }, "geometry": { "type": "Point", "coordinates": [ 116.34367528, 39.75094775 ] } },
{ "type": "Feature", "properties": { "station_id": 2294, "name": "区医院北", "capacity": 50 }, "geometry": { "type": "Point", "coordinates": [ 116.32653441, 39.73046251 ] } },
{ "type": "Feature", "properties": { "station_id": 2295, "name": "康乃馨南门", "capacity": 40 }, "geometry": { "type": "Point", "coordinates": [ 116.30835489, 39.74372876 ] } },
{ "type": "Feature", "properties": { "station_id": 2296, "name": "自行车管理中心", "capacity": 20 }, "geometry": { "type": "Point", "coordinates": [ 116.3064055, 39.74760383 ] } },
{ "type": "Feature", "properties": { "station_id": 2297, "name": "马赛东", "capacity": 40 }, "geometry": { "type": "Point", "coordinates": [ 116.30835489, 39.74372876 ] } },
{ "type": "Feature", "properties": { "station_id": 2298, "name": "丽园B区南门", "capacity": 30 }, "geometry": { "type": "Point", "coordinates": [ 116.31177994, 39.74881823 ] } },
{ "type": "Feature", "properties": { "station_id": 2299, "name": "三合北巷5号院南", "capacity": 40 }, "geometry": { "type": "Point", "coordinates": [ 116.31629585, 39.73405993 ] } },
{ "type": "Feature", "properties": { "station_id": 2300, "name": "三合北巷7号院南", "capacity": 40 }, "geometry": { "type": "Point", "coordinates": [ 116.31250487, 39.73474988 ] } },
{ "type": "Feature", "properties": { "station_id": 2301, "name": "三合南里北门", "capacity": 40 }, "geometry": { "type": "Point", "coordinates": [ 116.31951585, 39.73322225 ] } },
{ "type": "Feature", "properties": { "station_id": 2302, "name": "三合南里南门", "capacity": 40 }, "geometry": { "type": "Point", "coordinates": [ 116.31951585, 39.73322225 ] } },
{ "type": "Feature", "properties": { "station_id": 2303, "name": "物美大卖场", "capacity": 30 }, "geometry": { "type": "Point", "coordinates": [ 116.33936866, 39.73144927 ] } },
{ "type": "Feature", "properties": { "station_id": 2304, "name": "星城商厦", "capacity": 40 }, "geometry": { "type": "Point", "coordinates": [ 116.33383457, 39.72931203 ] } },
{ "type": "Feature", "properties": { "station_id": 2305, "name": "大中电器", "capacity": 20 }, "geometry": { "type": "Point", "coordinates": [ 116.3333929, 39.73051053 ] } },
{ "type": "Feature", "properties": { "station_id": 2306, "name": "火神庙北", "capacity": 30 }, "geometry": { "type": "Point", "coordinates": [ 116.32323845, 39.7303506 ] } },
{ "type": "Feature", "properties": { "station_id": 2307, "name": "兴华中学南", "capacity": 24 }, "geometry": { "type": "Point", "coordinates": [ 116.325702, 39.75210621 ] } },
{ "type": "Feature", "properties": { "station_id": 2308, "name": "189小区南", "capacity": 40 }, "geometry": { "type": "Point", "coordinates": [ 116.31177994, 39.74881823 ] } },
{ "type": "Feature", "properties": { "station_id": 2309, "name": "189东门", "capacity": 40 }, "geometry": { "type": "Point", "coordinates": [ 116.31100091, 39.7693025 ] } },
{ "type": "Feature", "properties": { "station_id": 2310, "name": "清源西里南门", "capacity": 40 }, "geometry": { "type": "Point", "coordinates": [ 116.32631229, 39.74142889 ] } },
{ "type": "Feature", "properties": { "station_id": 2311, "name": "兴政街物美", "capacity": 40 }, "geometry": { "type": "Point", "coordinates": [ 116.32657294, 39.72670161 ] } },
{ "type": "Feature", "properties": { "station_id": 2312, "name": "科技学院", "capacity": 30 }, "geometry": { "type": "Point", "coordinates": [ 116.31178036, 39.74543497 ] } },
{ "type": "Feature", "properties": { "station_id": 2313, "name": "大兴福音堂", "capacity": 20 }, "geometry": { "type": "Point", "coordinates": [ 116.33195244, 39.74448482 ] } },
{ "type": "Feature", "properties": { "station_id": 2314, "name": "枣园东里东门", "capacity": 30 }, "geometry": { "type": "Point", "coordinates": [ 116.3310837, 39.75208069 ] } },
{ "type": "Feature", "properties": { "station_id": 2315, "name": "台湾街早市", "capacity": 30 }, "geometry": { "type": "Point", "coordinates": [ 116.33483653, 39.75220333 ] } },
{ "type": "Feature", "properties": { "station_id": 2316, "name": "广电中心南门", "capacity": 30 }, "geometry": { "type": "Point", "coordinates": [ 116.33518951, 39.72984732 ] } },
{ "type": "Feature", "properties": { "station_id": 2317, "name": "科技大厦", "capacity": 30 }, "geometry": { "type": "Point", "coordinates": [ 116.32657294, 39.72670161 ] } },
{ "type": "Feature", "properties": { "station_id": 2318, "name": "特警大队", "capacity": 20 }, "geometry": { "type": "Point", "coordinates": [ 116.33782295, 39.7339237 ] } },
{ "type": "Feature", "properties": { "station_id": 2319, "name": "时代龙河东", "capacity": 30 }, "geometry": { "type": "Point", "coordinates": [ 116.33722149, 39.7343787 ] } },
{ "type": "Feature", "properties": { "station_id": 2320, "name": "187北门", "capacity": 28 }, "geometry": { "type": "Point", "coordinates": [ 116.31177911, 39.7554322 ] } },
{ "type": "Feature", "properties": { "station_id": 2321, "name": "50号院北门", "capacity": 40 }, "geometry": { "type": "Point", "coordinates": [ 116.33236963, 39.75623965 ] } },
{ "type": "Feature", "properties": { "station_id": 2322, "name": "安装大厦", "capacity": 30 }, "geometry": { "type": "Point", "coordinates": [ 116.33236963, 39.75623965 ] } },
{ "type": "Feature", "properties": { "station_id": 2323, "name": "骏城东门", "capacity": 28 }, "geometry": { "type": "Point", "coordinates": [ 116.31177911, 39.7554322 ] } },
{ "type": "Feature", "properties": { "station_id": 2324, "name": "丽园路兴丰路口", "capacity": 30 }, "geometry": { "type": "Point", "coordinates": [ 116.33209652, 39.74887478 ] } },
{ "type": "Feature", "properties": { "station_id": 2325, "name": "七中北", "capacity": 26 }, "geometry": { "type": "Point", "coordinates": [ 116.33315523, 39.74404011 ] } },
{ "type": "Feature", "properties": { "station_id": 2326, "name": "金地小区南门", "capacity": 40 }, "geometry": { "type": "Point", "coordinates": [ 116.31137531, 39.75814493 ] } },
{ "type": "Feature", "properties": { "station_id": 2327, "name": "大兴影剧院", "capacity": 28 }, "geometry": { "type": "Point", "coordinates": [ 116.33205851, 39.74841332 ] } },
{ "type": "Feature", "properties": { "station_id": 2328, "name": "妇儿楼", "capacity": 34 }, "geometry": { "type": "Point", "coordinates": [ 116.32653441, 39.73046251 ] } },
{ "type": "Feature", "properties": { "station_id": 2329, "name": "新华书店南", "capacity": 20 }, "geometry": { "type": "Point", "coordinates": [ 116.33205851, 39.74841332 ] } },
{ "type": "Feature", "properties": { "station_id": 2330, "name": "大兴三中", "capacity": 36 }, "geometry": { "type": "Point", "coordinates": [ 116.33617019, 39.74044147 ] } },
{ "type": "Feature", "properties": { "station_id": 2331, "name": "兴丰家园西门", "capacity": 30 }, "geometry": { "type": "Point", "coordinates": [ 116.33410049, 39.73335081 ] } },
{ "type": "Feature", "properties": { "station_id": 2332, "name": "兴旺公园南", "capacity": 38 }, "geometry": { "type": "Point", "coordinates": [ 116.31501761, 39.72924117 ] } },
{ "type": "Feature", "properties": { "station_id": 2333, "name": "兴旺公园北", "capacity": 38 }, "geometry": { "type": "Point", "coordinates": [ 116.31076913, 39.73553888 ] } },
{ "type": "Feature", "properties": { "station_id": 2334, "name": "马赛东门", "capacity": 38 }, "geometry": { "type": "Point", "coordinates": [ 116.33486306, 39.78341969 ] } },
{ "type": "Feature", "properties": { "station_id": 2335, "name": "百联清城南", "capacity": 28 }, "geometry": { "type": "Point", "coordinates": [ 116.32645757, 39.73617257 ] } },
{ "type": "Feature", "properties": { "station_id": 2336, "name": "清城北区", "capacity": 22 }, "geometry": { "type": "Point", "coordinates": [ 116.32090084, 39.73632438 ] } },
{ "type": "Feature", "properties": { "station_id": 2337, "name": "康顺园南口", "capacity": 30 }, "geometry": { "type": "Point", "coordinates": [ 116.33236963, 39.75623965 ] } },
{ "type": "Feature", "properties": { "station_id": 2338, "name": "康顺园", "capacity": 30 }, "geometry": { "type": "Point", "coordinates": [ 116.33565036, 39.75785079 ] } },
{ "type": "Feature", "properties": { "station_id": 2339, "name": "金惠园三里南门", "capacity": 30 }, "geometry": { "type": "Point", "coordinates": [ 116.32131546, 39.76863439 ] } },
{ "type": "Feature", "properties": { "station_id": 2340, "name": "大兴电大3", "capacity": 26 }, "geometry": { "type": "Point", "coordinates": [ 116.32663838, 39.75115465 ] } },
{ "type": "Feature", "properties": { "station_id": 2341, "name": "西斯莱东门", "capacity": 28 }, "geometry": { "type": "Point", "coordinates": [ 116.33405075, 39.76580278 ] } },
{ "type": "Feature", "properties": { "station_id": 2342, "name": "高米店公交站", "capacity": 30 }, "geometry": { "type": "Point", "coordinates": [ 116.33405075, 39.76580278 ] } },
{ "type": "Feature", "properties": { "station_id": 2343, "name": "郁花园一里北门", "capacity": 40 }, "geometry": { "type": "Point", "coordinates": [ 116.33570152, 39.77477101 ] } },
{ "type": "Feature", "properties": { "station_id": 2344, "name": "郁花园二里北门", "capacity": 40 }, "geometry": { "type": "Point", "coordinates": [ 116.32430606, 39.77575 ] } },
{ "type": "Feature", "properties": { "station_id": 2345, "name": "农业银行南", "capacity": 20 }, "geometry": { "type": "Point", "coordinates": [ 116.33344706, 39.7235304 ] } },
{ "type": "Feature", "properties": { "station_id": 2346, "name": "大兴妇幼南", "capacity": 20 }, "geometry": { "type": "Point", "coordinates": [ 116.33323994, 39.73624361 ] } },
{ "type": "Feature", "properties": { "station_id": 2347, "name": "保利西门", "capacity": 40 }, "geometry": { "type": "Point", "coordinates": [ 116.32112478, 39.77172818 ] } },
{ "type": "Feature", "properties": { "station_id": 2348, "name": "郁花园一里南门西", "capacity": 30 }, "geometry": { "type": "Point", "coordinates": [ 116.32888901, 39.77131659 ] } },
{ "type": "Feature", "properties": { "station_id": 2349, "name": "高米店公园", "capacity": 30 }, "geometry": { "type": "Point", "coordinates": [ 116.33405075, 39.76580278 ] } },
{ "type": "Feature", "properties": { "station_id": 2350, "name": "保利东门", "capacity": 30 }, "geometry": { "type": "Point", "coordinates": [ 116.32489273, 39.77130898 ] } },
{ "type": "Feature", "properties": { "station_id": 2351, "name": "东方时尚", "capacity": 36 }, "geometry": { "type": "Point", "coordinates": [ 116.28254928, 39.79050403 ] } },
{ "type": "Feature", "properties": { "station_id": 2352, "name": "君谊中学", "capacity": 20 }, "geometry": { "type": "Point", "coordinates": [ 116.57830336, 39.84756263 ] } },
{ "type": "Feature", "properties": { "station_id": 2353, "name": "兴涛北门", "capacity": 20 }, "geometry": { "type": "Point", "coordinates": [ 116.29640582, 39.76985114 ] } },
{ "type": "Feature", "properties": { "station_id": 2354, "name": "50号院西", "capacity": 40 }, "geometry": { "type": "Point", "coordinates": [ 116.33236963, 39.75623965 ] } },
{ "type": "Feature", "properties": { "station_id": 2355, "name": "康一停车场", "capacity": 30 }, "geometry": { "type": "Point", "coordinates": [ 116.31458094, 39.75151344 ] } },
{ "type": "Feature", "properties": { "station_id": 2356, "name": "红木林南", "capacity": 30 }, "geometry": { "type": "Point", "coordinates": [ 116.31458094, 39.75151344 ] } },
{ "type": "Feature", "properties": { "station_id": 2357, "name": "大兴职介", "capacity": 28 }, "geometry": { "type": "Point", "coordinates": [ 116.3379667, 39.74105227 ] } },
{ "type": "Feature", "properties": { "station_id": 2358, "name": "印刷学院南门", "capacity": 30 }, "geometry": { "type": "Point", "coordinates": [ 116.32631229, 39.74142889 ] } },
{ "type": "Feature", "properties": { "station_id": 2359, "name": "火车站地铁东南口", "capacity": 40 }, "geometry": { "type": "Point", "coordinates": [ 116.32725994, 39.71129094 ] } },
{ "type": "Feature", "properties": { "station_id": 2360, "name": "西大街地铁西北口", "capacity": 30 }, "geometry": { "type": "Point", "coordinates": [ 116.32653441, 39.73046251 ] } },
{ "type": "Feature", "properties": { "station_id": 2361, "name": "火车站地铁东北口", "capacity": 30 }, "geometry": { "type": "Point", "coordinates": [ 116.32725994, 39.71129094 ] } },
{ "type": "Feature", "properties": { "station_id": 2362, "name": "老干部中心", "capacity": 20 }, "geometry": { "type": "Point", "coordinates": [ 116.32903245, 39.71996102 ] } },
{ "type": "Feature", "properties": { "station_id": 2363, "name": "兴水家园", "capacity": 40 }, "geometry": { "type": "Point", "coordinates": [ 116.32321846, 39.70757988 ] } },
{ "type": "Feature", "properties": { "station_id": 2364, "name": "义和庄东里东", "capacity": 20 }, "geometry": { "type": "Point", "coordinates": [ 116.32970923, 39.72551322 ] } },
{ "type": "Feature", "properties": { "station_id": 2365, "name": "漪景园", "capacity": 40 }, "geometry": { "type": "Point", "coordinates": [ 116.32666672, 39.70713081 ] } },
{ "type": "Feature", "properties": { "station_id": 2366, "name": "锦华园小区", "capacity": 40 }, "geometry": { "type": "Point", "coordinates": [ 116.32164953, 39.7145247 ] } },
{ "type": "Feature", "properties": { "station_id": 2367, "name": "锦华园小区东", "capacity": 30 }, "geometry": { "type": "Point", "coordinates": [ 116.32435975, 39.71158638 ] } },
{ "type": "Feature", "properties": { "station_id": 2368, "name": "兴达中学", "capacity": 26 }, "geometry": { "type": "Point", "coordinates": [ 116.34927571, 39.71790699 ] } },
{ "type": "Feature", "properties": { "station_id": 2369, "name": "广厦家园", "capacity": 40 }, "geometry": { "type": "Point", "coordinates": [ 116.33604222, 39.72891888 ] } },
{ "type": "Feature", "properties": { "station_id": 2370, "name": "新安里南", "capacity": 40 }, "geometry": { "type": "Point", "coordinates": [ 116.34893795, 39.73951894 ] } },
{ "type": "Feature", "properties": { "station_id": 2371, "name": "团河早市", "capacity": 38 }, "geometry": { "type": "Point", "coordinates": [ 116.34519237, 39.73516553 ] } },
{ "type": "Feature", "properties": { "station_id": 2372, "name": "医院1", "capacity": 40 }, "geometry": { "type": "Point", "coordinates": [ 116.22568293, 40.22568676 ] } },
{ "type": "Feature", "properties": { "station_id": 2373, "name": "医院2", "capacity": 44 }, "geometry": { "type": "Point", "coordinates": [ 116.22568293, 40.22568676 ] } },
{ "type": "Feature", "properties": { "station_id": 2374, "name": "医院3", "capacity": 44 }, "geometry": { "type": "Point", "coordinates": [ 116.22568293, 40.22568676 ] } },
{ "type": "Feature", "properties": { "station_id": 2375, "name": "医院4", "capacity": 48 }, "geometry": { "type": "Point", "coordinates": [ 116.22568293, 40.22568676 ] } },
{ "type": "Feature", "properties": { "station_id": 2376, "name": "义和庄地铁西南口", "capacity": 38 }, "geometry": { "type": "Point", "coordinates": [ 116.3266736, 39.71301988 ] } },
{ "type": "Feature", "properties": { "station_id": 2377, "name": "义和庄地铁东南口", "capacity": 42 }, "geometry": { "type": "Point", "coordinates": [ 116.3266736, 39.71301988 ] } },
{ "type": "Feature", "properties": { "station_id": 2378, "name": "汇源路公交路站", "capacity": 40 }, "geometry": { "type": "Point", "coordinates": [ 116.72456785, 39.99335238 ] } },
{ "type": "Feature", "properties": { "station_id": 2379, "name": "西红门地铁东北角", "capacity": 40 }, "geometry": { "type": "Point", "coordinates": [ 116.32216551, 39.78849787 ] } },
{ "type": "Feature", "properties": { "station_id": 2380, "name": "西红门地铁西南角", "capacity": 40 }, "geometry": { "type": "Point", "coordinates": [ 116.33865319, 39.79093084 ] } },
{ "type": "Feature", "properties": { "station_id": 2381, "name": "西红门工商银行", "capacity": 40 }, "geometry": { "type": "Point", "coordinates": [ 116.33298345, 39.77836919 ] } },
{ "type": "Feature", "properties": { "station_id": 2382, "name": "经适房北门", "capacity": 40 }, "geometry": { "type": "Point", "coordinates": [ 116.33506863, 39.78313323 ] } },
{ "type": "Feature", "properties": { "station_id": 2383, "name": "曦望山西门", "capacity": 40 }, "geometry": { "type": "Point", "coordinates": [ 116.33450506, 39.78520929 ] } },
{ "type": "Feature", "properties": { "station_id": 2384, "name": "西红门消防队", "capacity": 30 }, "geometry": { "type": "Point", "coordinates": [ 116.32537104, 39.78124061 ] } },
{ "type": "Feature", "properties": { "station_id": 2385, "name": "西红门医院", "capacity": 36 }, "geometry": { "type": "Point", "coordinates": [ 116.338912, 39.79117068 ] } },
{ "type": "Feature", "properties": { "station_id": 2386, "name": "西红门实验学校", "capacity": 26 }, "geometry": { "type": "Point", "coordinates": [ 116.33641424, 39.79749185 ] } },
{ "type": "Feature", "properties": { "station_id": 2387, "name": "西红门九银银行", "capacity": 40 }, "geometry": { "type": "Point", "coordinates": [ 116.35394298, 39.7839744 ] } },
{ "type": "Feature", "properties": { "station_id": 2388, "name": "兴海公园西", "capacity": 40 }, "geometry": { "type": "Point", "coordinates": [ 116.32855194, 39.7883483 ] } },
{ "type": "Feature", "properties": { "station_id": 2389, "name": "兴润水务", "capacity": 30 }, "geometry": { "type": "Point", "coordinates": [ 116.31600802, 39.7226445 ] } },
{ "type": "Feature", "properties": { "station_id": 2390, "name": "宏大北园西门", "capacity": 30 }, "geometry": { "type": "Point", "coordinates": [ 116.33728383, 39.78356017 ] } },
{ "type": "Feature", "properties": { "station_id": 2391, "name": "兴海家园月苑东", "capacity": 40 }, "geometry": { "type": "Point", "coordinates": [ 116.32522492, 39.79312264 ] } },
{ "type": "Feature", "properties": { "station_id": 2392, "name": "西红门镇政府北", "capacity": 40 }, "geometry": { "type": "Point", "coordinates": [ 116.34392938, 39.78880068 ] } },
{ "type": "Feature", "properties": { "station_id": 2393, "name": "西红门镇政府南", "capacity": 40 }, "geometry": { "type": "Point", "coordinates": [ 116.34392938, 39.78880068 ] } },
{ "type": "Feature", "properties": { "station_id": 2394, "name": "社区执法队", "capacity": 26 }, "geometry": { "type": "Point", "coordinates": [ 116.32619142, 39.79480292 ] } },
{ "type": "Feature", "properties": { "station_id": 2395, "name": "兴海公园", "capacity": 24 }, "geometry": { "type": "Point", "coordinates": [ 116.32855194, 39.7883483 ] } },
{ "type": "Feature", "properties": { "station_id": 2396, "name": "大兴电大", "capacity": 38 }, "geometry": { "type": "Point", "coordinates": [ 116.32663838, 39.75115465 ] } },
{ "type": "Feature", "properties": { "station_id": 2397, "name": "清源地铁东南口", "capacity": 48 }, "geometry": { "type": "Point", "coordinates": [ 116.32663838, 39.75115465 ] } },
{ "type": "Feature", "properties": { "station_id": 2398, "name": "高米店地铁东南口", "capacity": 28 }, "geometry": { "type": "Point", "coordinates": [ 116.32742831, 39.76490369 ] } },
{ "type": "Feature", "properties": { "station_id": 2399, "name": "清西巷5号院西", "capacity": 24 }, "geometry": { "type": "Point", "coordinates": [ 116.33200774, 39.78908937 ] } },
{ "type": "Feature", "properties": { "station_id": 2400, "name": "高米店地铁东南角", "capacity": 46 }, "geometry": { "type": "Point", "coordinates": [ 116.32742831, 39.76490369 ] } },
{ "type": "Feature", "properties": { "station_id": 2401, "name": "高米店地铁", "capacity": 28 }, "geometry": { "type": "Point", "coordinates": [ 116.32742831, 39.76490369 ] } },
{ "type": "Feature", "properties": { "station_id": 2402, "name": "观音寺北里北门", "capacity": 30 }, "geometry": { "type": "Point", "coordinates": [ 116.34260448, 39.72951351 ] } },
{ "type": "Feature", "properties": { "station_id": 2403, "name": "北京好景巷东", "capacity": 40 }, "geometry": { "type": "Point", "coordinates": [ 116.30522586, 39.68319581 ] } },
{ "type": "Feature", "properties": { "station_id": 2404, "name": "北京好景巷西", "capacity": 42 }, "geometry": { "type": "Point", "coordinates": [ 116.30522586, 39.68319581 ] } },
{ "type": "Feature", "properties": { "station_id": 2405, "name": "永兴路5号院南门", "capacity": 28 }, "geometry": { "type": "Point", "coordinates": [ 116.93852835, 40.08726077 ] } },
{ "type": "Feature", "properties": { "station_id": 2406, "name": "世农大厦", "capacity": 32 }, "geometry": { "type": "Point", "coordinates": [ 116.3066185, 39.68769773 ] } },
{ "type": "Feature", "properties": { "station_id": 2407, "name": "天荣街南段", "capacity": 40 }, "geometry": { "type": "Point", "coordinates": [ 116.29611288, 39.67587342 ] } },
{ "type": "Feature", "properties": { "station_id": 2408, "name": "思邈路公交站", "capacity": 32 }, "geometry": { "type": "Point", "coordinates": [ 116.30298175, 39.668386 ] } },
{ "type": "Feature", "properties": { "station_id": 2409, "name": "天宫院地铁东北口", "capacity": 30 }, "geometry": { "type": "Point", "coordinates": [ 116.31581481, 39.6848199 ] } },
{ "type": "Feature", "properties": { "station_id": 2410, "name": "金融街", "capacity": 40 }, "geometry": { "type": "Point", "coordinates": [ 116.31404998, 39.67508972 ] } },
{ "type": "Feature", "properties": { "station_id": 2411, "name": "大兴二职", "capacity": 30 }, "geometry": { "type": "Point", "coordinates": [ 116.31322, 39.67706317 ] } },
{ "type": "Feature", "properties": { "station_id": 2412, "name": "民和路东口", "capacity": 40 }, "geometry": { "type": "Point", "coordinates": [ 116.31606499, 39.69302739 ] } },
{ "type": "Feature", "properties": { "station_id": 2413, "name": "新源时代小区南", "capacity": 30 }, "geometry": { "type": "Point", "coordinates": [ 116.32091441, 39.68855557 ] } },
{ "type": "Feature", "properties": { "station_id": 2414, "name": "民和路西口", "capacity": 30 }, "geometry": { "type": "Point", "coordinates": [ 116.31298206, 39.69276627 ] } },
{ "type": "Feature", "properties": { "station_id": 2415, "name": "永大路公交站", "capacity": 32 }, "geometry": { "type": "Point", "coordinates": [ 116.29619529, 39.68679683 ] } },
{ "type": "Feature", "properties": { "station_id": 2416, "name": "永大路天贵口", "capacity": 26 }, "geometry": { "type": "Point", "coordinates": [ 116.30249981, 39.68677452 ] } },
{ "type": "Feature", "properties": { "station_id": 2417, "name": "北臧村镇政府", "capacity": 30 }, "geometry": { "type": "Point", "coordinates": [ 116.29623444, 39.67811208 ] } },
{ "type": "Feature", "properties": { "station_id": 2418, "name": "天河西路中段", "capacity": 30 }, "geometry": { "type": "Point", "coordinates": [ 116.30520365, 39.67810023 ] } },
{ "type": "Feature", "properties": { "station_id": 2419, "name": "新居里西门", "capacity": 22 }, "geometry": { "type": "Point", "coordinates": [ 116.35164128, 39.73865638 ] } },
{ "type": "Feature", "properties": { "station_id": 2420, "name": "新安里东门", "capacity": 40 }, "geometry": { "type": "Point", "coordinates": [ 116.34893795, 39.73951894 ] } },
{ "type": "Feature", "properties": { "station_id": 2421, "name": "观音寺小学", "capacity": 40 }, "geometry": { "type": "Point", "coordinates": [ 116.34358674, 39.72845525 ] } },
{ "type": "Feature", "properties": { "station_id": 2422, "name": "民政局", "capacity": 30 }, "geometry": { "type": "Point", "coordinates": [ 116.34358674, 39.72845525 ] } },
{ "type": "Feature", "properties": { "station_id": 2423, "name": "泰中花园北", "capacity": 30 }, "geometry": { "type": "Point", "coordinates": [ 116.34832634, 39.75905286 ] } },
{ "type": "Feature", "properties": { "station_id": 2424, "name": "泰中花园", "capacity": 42 }, "geometry": { "type": "Point", "coordinates": [ 116.34183957, 39.75801504 ] } },
{ "type": "Feature", "properties": { "station_id": 2425, "name": "观音寺街道", "capacity": 40 }, "geometry": { "type": "Point", "coordinates": [ 116.33876603, 39.74114999 ] } },
{ "type": "Feature", "properties": { "station_id": 2426, "name": "桐城北门", "capacity": 42 }, "geometry": { "type": "Point", "coordinates": [ 116.32173206, 39.72419353 ] } },
{ "type": "Feature", "properties": { "station_id": 2427, "name": "南湖园小区", "capacity": 32 }, "geometry": { "type": "Point", "coordinates": [ 116.34060956, 39.73161868 ] } },
{ "type": "Feature", "properties": { "station_id": 2428, "name": "金星路部队", "capacity": 38 }, "geometry": { "type": "Point", "coordinates": [ 116.28316234, 39.76130823 ] } },
{ "type": "Feature", "properties": { "station_id": 2429, "name": "检察院", "capacity": 30 }, "geometry": { "type": "Point", "coordinates": [ 116.29805152, 39.7620252 ] } },
{ "type": "Feature", "properties": { "station_id": 2430, "name": "兴涛南门", "capacity": 30 }, "geometry": { "type": "Point", "coordinates": [ 116.57830336, 39.84756263 ] } },
{ "type": "Feature", "properties": { "station_id": 2431, "name": "百联清城北", "capacity": 20 }, "geometry": { "type": "Point", "coordinates": [ 116.32540697, 39.73740659 ] } },
{ "type": "Feature", "properties": { "station_id": 2432, "name": "大兴电大2", "capacity": 24 }, "geometry": { "type": "Point", "coordinates": [ 116.32663838, 39.75115465 ] } },
{ "type": "Feature", "properties": { "station_id": 2433, "name": "大兴电大4", "capacity": 46 }, "geometry": { "type": "Point", "coordinates": [ 116.32663838, 39.75115465 ] } },
{ "type": "Feature", "properties": { "station_id": 2434, "name": "大兴交通队", "capacity": 40 }, "geometry": { "type": "Point", "coordinates": [ 116.32170775, 39.73596047 ] } },
{ "type": "Feature", "properties": { "station_id": 2435, "name": "丽园C区北门", "capacity": 38 }, "geometry": { "type": "Point", "coordinates": [ 116.31656805, 39.74883584 ] } },
{ "type": "Feature", "properties": { "station_id": 2436, "name": "兴华园东", "capacity": 30 }, "geometry": { "type": "Point", "coordinates": [ 116.33315523, 39.74404011 ] } },
{ "type": "Feature", "properties": { "station_id": 2437, "name": "绿色庄园", "capacity": 40 }, "geometry": { "type": "Point", "coordinates": [ 116.29223303, 39.95076683 ] } },
{ "type": "Feature", "properties": { "station_id": 2438, "name": "团河所", "capacity": 40 }, "geometry": { "type": "Point", "coordinates": [ 116.36345163, 39.75970576 ] } },
{ "type": "Feature", "properties": { "station_id": 2439, "name": "沐新路1号", "capacity": 40 }, "geometry": { "type": "Point", "coordinates": [ 116.36366779, 39.73708684 ] } },
{ "type": "Feature", "properties": { "station_id": 2440, "name": "团河所东", "capacity": 36 }, "geometry": { "type": "Point", "coordinates": [ 116.1349876, 40.17318602 ] } },
{ "type": "Feature", "properties": { "station_id": 2441, "name": "义和庄停车场", "capacity": 30 }, "geometry": { "type": "Point", "coordinates": [ 116.31475385, 39.70787073 ] } },
{ "type": "Feature", "properties": { "station_id": 2442, "name": "供暖中心", "capacity": 36 }, "geometry": { "type": "Point", "coordinates": [ 116.45968676, 39.92944017 ] } },
{ "type": "Feature", "properties": { "station_id": 2443, "name": "波普公社西", "capacity": 22 }, "geometry": { "type": "Point", "coordinates": [ 116.32623524, 39.74885923 ] } },
{ "type": "Feature", "properties": { "station_id": 2444, "name": "大兴植保站", "capacity": 32 }, "geometry": { "type": "Point", "coordinates": [ 116.31779253, 39.69630042 ] } },
{ "type": "Feature", "properties": { "station_id": 2445, "name": "北京小学翡翠城分", "capacity": 40 }, "geometry": { "type": "Point", "coordinates": [ 116.31078824, 39.76546569 ] } },
{ "type": "Feature", "properties": { "station_id": 2446, "name": "团河苑小区", "capacity": 40 }, "geometry": { "type": "Point", "coordinates": [ 116.36546566, 39.73745842 ] } },
{ "type": "Feature", "properties": { "station_id": 2447, "name": "路政执法队", "capacity": 36 }, "geometry": { "type": "Point", "coordinates": [ 116.38389693, 39.71997311 ] } },
{ "type": "Feature", "properties": { "station_id": 2448, "name": "区委党校", "capacity": 48 }, "geometry": { "type": "Point", "coordinates": [ 116.33995269, 39.92985939 ] } },
{ "type": "Feature", "properties": { "station_id": 2449, "name": "首座御园", "capacity": 50 }, "geometry": { "type": "Point", "coordinates": [ 116.36087939, 39.73987867 ] } },
{ "type": "Feature", "properties": { "station_id": 2450, "name": "大兴卫校", "capacity": 20 }, "geometry": { "type": "Point", "coordinates": [ 116.72456785, 39.99335238 ] } },
{ "type": "Feature", "properties": { "station_id": 2451, "name": "首座御园2", "capacity": 50 }, "geometry": { "type": "Point", "coordinates": [ 116.36087939, 39.73987867 ] } },
{ "type": "Feature", "properties": { "station_id": 2452, "name": "长途站停车场", "capacity": 40 }, "geometry": { "type": "Point", "coordinates": [ 116.33946011, 39.73070533 ] } },
{ "type": "Feature", "properties": { "station_id": 2453, "name": "长途站2", "capacity": 40 }, "geometry": { "type": "Point", "coordinates": [ 116.33946011, 39.73070533 ] } },
{ "type": "Feature", "properties": { "station_id": 2454, "name": "长途站3", "capacity": 40 }, "geometry": { "type": "Point", "coordinates": [ 116.33946011, 39.73070533 ] } },
{ "type": "Feature", "properties": { "station_id": 2455, "name": "T4", "capacity": 36 }, "geometry": { "type": "Point", "coordinates": [ 116.31458094, 39.75151344 ] } },
{ "type": "Feature", "properties": { "station_id": 2456, "name": "高米店北1", "capacity": 26 }, "geometry": { "type": "Point", "coordinates": [ 116.32489273, 39.77130898 ] } },
{ "type": "Feature", "properties": { "station_id": 2457, "name": "高米店北2", "capacity": 22 }, "geometry": { "type": "Point", "coordinates": [ 116.32489273, 39.77130898 ] } },
{ "type": "Feature", "properties": { "station_id": 2458, "name": "西红门地铁西北角", "capacity": 24 }, "geometry": { "type": "Point", "coordinates": [ 116.32266016, 39.78953824 ] } },
{ "type": "Feature", "properties": { "station_id": 2459, "name": "行政服务中心内1", "capacity": 20 }, "geometry": { "type": "Point", "coordinates": [ 116.32553659, 39.73564416 ] } },
{ "type": "Feature", "properties": { "station_id": 2460, "name": "行政服务中心内2", "capacity": 20 }, "geometry": { "type": "Point", "coordinates": [ 116.32553659, 39.73564416 ] } },
{ "type": "Feature", "properties": { "station_id": 2461, "name": "天堂河警务工作站", "capacity": 40 }, "geometry": { "type": "Point", "coordinates": [ 116.32239357, 39.66900557 ] } },
{ "type": "Feature", "properties": { "station_id": 2462, "name": "天堂河戒毒所西", "capacity": 20 }, "geometry": { "type": "Point", "coordinates": [ 116.34809498, 39.66118927 ] } },
{ "type": "Feature", "properties": { "station_id": 2463, "name": "天堂河小区", "capacity": 20 }, "geometry": { "type": "Point", "coordinates": [ 116.32131989, 39.67212372 ] } },
{ "type": "Feature", "properties": { "station_id": 2464, "name": "天堂河小区西", "capacity": 20 }, "geometry": { "type": "Point", "coordinates": [ 116.32061988, 39.66978705 ] } },
{ "type": "Feature", "properties": { "station_id": 2465, "name": "中国银行", "capacity": 26 }, "geometry": { "type": "Point", "coordinates": [ 116.33315753, 39.72568216 ] } },
{ "type": "Feature", "properties": { "station_id": 2466, "name": "天堂河小区东", "capacity": 30 }, "geometry": { "type": "Point", "coordinates": [ 116.32096231, 39.6707132 ] } },
{ "type": "Feature", "properties": { "station_id": 2467, "name": "天堂河", "capacity": 30 }, "geometry": { "type": "Point", "coordinates": [ 116.32239357, 39.66900557 ] } },
{ "type": "Feature", "properties": { "station_id": 2468, "name": "国土局", "capacity": 20 }, "geometry": { "type": "Point", "coordinates": [ 116.31829954, 39.53648689 ] } },
{ "type": "Feature", "properties": { "station_id": 2469, "name": "大兴城管大队", "capacity": 40 }, "geometry": { "type": "Point", "coordinates": [ 116.43289028, 39.97367866 ] } },
{ "type": "Feature", "properties": { "station_id": 2470, "name": "国土局西", "capacity": 40 }, "geometry": { "type": "Point", "coordinates": [ 116.33876603, 39.74114999 ] } },
{ "type": "Feature", "properties": { "station_id": 2471, "name": "火车站分调度1", "capacity": 50 }, "geometry": { "type": "Point", "coordinates": [ 116.32725994, 39.71129094 ] } },
{ "type": "Feature", "properties": { "station_id": 2472, "name": "火车站分调度2", "capacity": 50 }, "geometry": { "type": "Point", "coordinates": [ 116.32725994, 39.71129094 ] } },
{ "type": "Feature", "properties": { "station_id": 2473, "name": "火车站分调度3", "capacity": 50 }, "geometry": { "type": "Point", "coordinates": [ 116.32726755, 39.71129092 ] } },
{ "type": "Feature", "properties": { "station_id": 2474, "name": "火车站分调4", "capacity": 50 }, "geometry": { "type": "Point", "coordinates": [ 116.32725994, 39.71129094 ] } },
{ "type": "Feature", "properties": { "station_id": 2475, "name": "第三分所", "capacity": 48 }, "geometry": { "type": "Point", "coordinates": [ 116.3708533, 39.73158613 ] } },
{ "type": "Feature", "properties": { "station_id": 2476, "name": "天堂河戒毒所", "capacity": 30 }, "geometry": { "type": "Point", "coordinates": [ 116.34809498, 39.66118927 ] } },
{ "type": "Feature", "properties": { "station_id": 2477, "name": "天堂河戒毒所东", "capacity": 20 }, "geometry": { "type": "Point", "coordinates": [ 116.34809498, 39.66118927 ] } },
{ "type": "Feature", "properties": { "station_id": 2478, "name": "利康医院", "capacity": 20 }, "geometry": { "type": "Point", "coordinates": [ 116.43840119, 39.74962646 ] } },
{ "type": "Feature", "properties": { "station_id": 2479, "name": "天堂河少管所", "capacity": 20 }, "geometry": { "type": "Point", "coordinates": [ 116.32239357, 39.66900557 ] } },
{ "type": "Feature", "properties": { "station_id": 2480, "name": "天堂河女看", "capacity": 30 }, "geometry": { "type": "Point", "coordinates": [ 116.43840119, 39.74962646 ] } },
{ "type": "Feature", "properties": { "station_id": 2481, "name": "天宫院地铁西南口", "capacity": 30 }, "geometry": { "type": "Point", "coordinates": [ 116.31581481, 39.6848199 ] } },
{ "type": "Feature", "properties": { "station_id": 2482, "name": "生物医药基地东", "capacity": 30 }, "geometry": { "type": "Point", "coordinates": [ 116.31417919, 39.67673715 ] } },
{ "type": "Feature", "properties": { "station_id": 2483, "name": "疾病预防中心", "capacity": 36 }, "geometry": { "type": "Point", "coordinates": [ 116.32544105, 39.70830411 ] } },
{ "type": "Feature", "properties": { "station_id": 2484, "name": "枣园地铁东南口", "capacity": 32 }, "geometry": { "type": "Point", "coordinates": [ 116.325702, 39.75210621 ] } },
{ "type": "Feature", "properties": { "station_id": 2485, "name": "首邑北门", "capacity": 20 }, "geometry": { "type": "Point", "coordinates": [ 116.32828191, 39.75639997 ] } },
{ "type": "Feature", "properties": { "station_id": 2486, "name": "福苑小区西", "capacity": 30 }, "geometry": { "type": "Point", "coordinates": [ 116.34022424, 39.94974412 ] } },
{ "type": "Feature", "properties": { "station_id": 2487, "name": "福苑小区", "capacity": 40 }, "geometry": { "type": "Point", "coordinates": [ 116.34420018, 39.75439495 ] } },
{ "type": "Feature", "properties": { "station_id": 2488, "name": "金日科技园", "capacity": 40 }, "geometry": { "type": "Point", "coordinates": [ 116.36035725, 39.71258483 ] } },
{ "type": "Feature", "properties": { "station_id": 2489, "name": "开发区工行", "capacity": 20 }, "geometry": { "type": "Point", "coordinates": [ 116.34179437, 39.75422752 ] } },
{ "type": "Feature", "properties": { "station_id": 2490, "name": "精神病院", "capacity": 24 }, "geometry": { "type": "Point", "coordinates": [ 116.32544105, 39.70830411 ] } },
{ "type": "Feature", "properties": { "station_id": 2491, "name": "义和庄东里", "capacity": 28 }, "geometry": { "type": "Point", "coordinates": [ 116.32544105, 39.70830411 ] } },
{ "type": "Feature", "properties": { "station_id": 2492, "name": "仁和医院北", "capacity": 20 }, "geometry": { "type": "Point", "coordinates": [ 116.33319363, 39.74132428 ] } },
{ "type": "Feature", "properties": { "station_id": 2493, "name": "行政服务中心北", "capacity": 20 }, "geometry": { "type": "Point", "coordinates": [ 116.32645757, 39.73617257 ] } },
{ "type": "Feature", "properties": { "station_id": 2494, "name": "三合南里社区", "capacity": 20 }, "geometry": { "type": "Point", "coordinates": [ 116.31951585, 39.73322225 ] } },
{ "type": "Feature", "properties": { "station_id": 2495, "name": "滨河西里北门", "capacity": 40 }, "geometry": { "type": "Point", "coordinates": [ 116.3310837, 39.75208069 ] } },
{ "type": "Feature", "properties": { "station_id": 2496, "name": "枣园地铁A口", "capacity": 40 }, "geometry": { "type": "Point", "coordinates": [ 116.325702, 39.75210621 ] } },
{ "type": "Feature", "properties": { "station_id": 2497, "name": "兴康家园南门", "capacity": 40 }, "geometry": { "type": "Point", "coordinates": [ 116.30383171, 39.75181183 ] } },
{ "type": "Feature", "properties": { "station_id": 2498, "name": "枣园北里南门", "capacity": 36 }, "geometry": { "type": "Point", "coordinates": [ 116.31458094, 39.75151344 ] } },
{ "type": "Feature", "properties": { "station_id": 2499, "name": "高米店地铁东北口", "capacity": 38 }, "geometry": { "type": "Point", "coordinates": [ 116.29805152, 39.7620252 ] } },
{ "type": "Feature", "properties": { "station_id": 2500, "name": "双高小区西", "capacity": 38 }, "geometry": { "type": "Point", "coordinates": [ 116.31990724, 39.76872864 ] } },
{ "type": "Feature", "properties": { "station_id": 2501, "name": "青岛嘉园北东", "capacity": 40 }, "geometry": { "type": "Point", "coordinates": [ 116.32489273, 39.77130898 ] } },
{ "type": "Feature", "properties": { "station_id": 2502, "name": "阳光乐府西", "capacity": 40 }, "geometry": { "type": "Point", "coordinates": [ 116.32081786, 39.73029804 ] } },
{ "type": "Feature", "properties": { "station_id": 2503, "name": "清城南区", "capacity": 18 }, "geometry": { "type": "Point", "coordinates": [ 116.32271266, 39.73494014 ] } },
{ "type": "Feature", "properties": { "station_id": 2504, "name": "兴业银行", "capacity": 30 }, "geometry": { "type": "Point", "coordinates": [ 116.32645757, 39.73617257 ] } },
{ "type": "Feature", "properties": { "station_id": 2505, "name": "文化执法站", "capacity": 34 }, "geometry": { "type": "Point", "coordinates": [ 116.80007663, 40.10879293 ] } },
{ "type": "Feature", "properties": { "station_id": 2506, "name": "宇丰苑小区", "capacity": 16 }, "geometry": { "type": "Point", "coordinates": [ 116.33978895, 39.71884635 ] } },
{ "type": "Feature", "properties": { "station_id": 2507, "name": "海子角东口", "capacity": 30 }, "geometry": { "type": "Point", "coordinates": [ 116.34704467, 39.71829591 ] } },
{ "type": "Feature", "properties": { "station_id": 2508, "name": "长途站路口东", "capacity": 30 }, "geometry": { "type": "Point", "coordinates": [ 116.32323845, 39.7303506 ] } },
{ "type": "Feature", "properties": { "station_id": 2509, "name": "盛嘉华苑东", "capacity": 32 }, "geometry": { "type": "Point", "coordinates": [ 116.34965428, 39.7350284 ] } },
{ "type": "Feature", "properties": { "station_id": 2510, "name": "丽园A区", "capacity": 40 }, "geometry": { "type": "Point", "coordinates": [ 116.31407838, 39.75271208 ] } },
{ "type": "Feature", "properties": { "station_id": 2511, "name": "丽园C区东", "capacity": 40 }, "geometry": { "type": "Point", "coordinates": [ 116.3166142, 39.74497189 ] } },
{ "type": "Feature", "properties": { "station_id": 2512, "name": "187东门", "capacity": 40 }, "geometry": { "type": "Point", "coordinates": [ 116.31100091, 39.7693025 ] } },
{ "type": "Feature", "properties": { "station_id": 2513, "name": "187北门西", "capacity": 32 }, "geometry": { "type": "Point", "coordinates": [ 116.31100091, 39.7693025 ] } },
{ "type": "Feature", "properties": { "station_id": 2514, "name": "香留园B区东门", "capacity": 20 }, "geometry": { "type": "Point", "coordinates": [ 116.31078746, 39.77170211 ] } },
{ "type": "Feature", "properties": { "station_id": 2515, "name": "金地小区北门东", "capacity": 20 }, "geometry": { "type": "Point", "coordinates": [ 116.30474361, 39.76548064 ] } },
{ "type": "Feature", "properties": { "station_id": 2516, "name": "华润公元九里北门", "capacity": 38 }, "geometry": { "type": "Point", "coordinates": [ 116.31078824, 39.76546569 ] } },
{ "type": "Feature", "properties": { "station_id": 2517, "name": "枣园地铁西南口", "capacity": 18 }, "geometry": { "type": "Point", "coordinates": [ 116.33955094, 39.73490083 ] } },
{ "type": "Feature", "properties": { "station_id": 2518, "name": "双河北里东门", "capacity": 40 }, "geometry": { "type": "Point", "coordinates": [ 116.34028101, 39.74109386 ] } },
{ "type": "Feature", "properties": { "station_id": 2519, "name": "妇儿楼内", "capacity": 30 }, "geometry": { "type": "Point", "coordinates": [ 116.32968574, 39.73074638 ] } },
{ "type": "Feature", "properties": { "station_id": 2520, "name": "西红门镇总工会", "capacity": 20 }, "geometry": { "type": "Point", "coordinates": [ 116.32200442, 39.79843463 ] } },
{ "type": "Feature", "properties": { "station_id": 2521, "name": "洪村北", "capacity": 12 }, "geometry": { "type": "Point", "coordinates": [ 116.3261674, 39.74348124 ] } },
{ "type": "Feature", "properties": { "station_id": 2522, "name": "女子监狱南", "capacity": 24 }, "geometry": { "type": "Point", "coordinates": [ 116.33955094, 39.73490083 ] } },
{ "type": "Feature", "properties": { "station_id": 2523, "name": "女子监狱北", "capacity": 26 }, "geometry": { "type": "Point", "coordinates": [ 116.32239357, 39.66900557 ] } },
{ "type": "Feature", "properties": { "station_id": 2524, "name": "大兴分局", "capacity": 24 }, "geometry": { "type": "Point", "coordinates": [ 116.32778363, 39.72357546 ] } },
{ "type": "Feature", "properties": { "station_id": 2525, "name": "大兴残联", "capacity": 34 }, "geometry": { "type": "Point", "coordinates": [ 116.30738746, 39.74851746 ] } },
{ "type": "Feature", "properties": { "station_id": 2526, "name": "兴创屹墅南门", "capacity": 38 }, "geometry": { "type": "Point", "coordinates": [ 116.57830336, 39.84756263 ] } },
{ "type": "Feature", "properties": { "station_id": 2527, "name": "大兴二职东校区", "capacity": 46 }, "geometry": { "type": "Point", "coordinates": [ 116.33949398, 39.70341472 ] } },
{ "type": "Feature", "properties": { "station_id": 2528, "name": "林校街道办事处", "capacity": 24 }, "geometry": { "type": "Point", "coordinates": [ 116.31797103, 39.66879285 ] } },
{ "type": "Feature", "properties": { "station_id": 2529, "name": "清城北区内", "capacity": 22 }, "geometry": { "type": "Point", "coordinates": [ 116.32530049, 39.73668971 ] } },
{ "type": "Feature", "properties": { "station_id": 2530, "name": "政法大学西门", "capacity": 40 }, "geometry": { "type": "Point", "coordinates": [ 116.34402142, 39.96412589 ] } },
{ "type": "Feature", "properties": { "station_id": 2531, "name": "兴政家园东门", "capacity": 20 }, "geometry": { "type": "Point", "coordinates": [ 116.40128192, 39.90262654 ] } },
{ "type": "Feature", "properties": { "station_id": 2532, "name": "奥宇集团", "capacity": 40 }, "geometry": { "type": "Point", "coordinates": [ 116.33955094, 39.73490083 ] } },
{ "type": "Feature", "properties": { "station_id": 2533, "name": "首座北门", "capacity": 40 }, "geometry": { "type": "Point", "coordinates": [ 116.33955094, 39.73490083 ] } },
{ "type": "Feature", "properties": { "station_id": 2534, "name": "华商创意园", "capacity": 20 }, "geometry": { "type": "Point", "coordinates": [ 116.33955094, 39.73490083 ] } },
{ "type": "Feature", "properties": { "station_id": 2535, "name": "福苑东区", "capacity": 40 }, "geometry": { "type": "Point", "coordinates": [ 116.40128192, 39.90262654 ] } },
{ "type": "Feature", "properties": { "station_id": 2536, "name": "高米店保障房", "capacity": 30 }, "geometry": { "type": "Point", "coordinates": [ 116.31797103, 39.66879285 ] } },
{ "type": "Feature", "properties": { "station_id": 2537, "name": "维克多制衣", "capacity": 20 }, "geometry": { "type": "Point", "coordinates": [ 116.33955094, 39.73490083 ] } },
{ "type": "Feature", "properties": { "station_id": 2538, "name": "北京纸箱厂", "capacity": 20 }, "geometry": { "type": "Point", "coordinates": [ 116.33955094, 39.73490083 ] } },
{ "type": "Feature", "properties": { "station_id": 2539, "name": "华润新龙医药", "capacity": 20 }, "geometry": { "type": "Point", "coordinates": [ 116.40128192, 39.90262654 ] } },
{ "type": "Feature", "properties": { "station_id": 2540, "name": "高米店公交站东", "capacity": 30 }, "geometry": { "type": "Point", "coordinates": [ 116.40128192, 39.90262654 ] } },
{ "type": "Feature", "properties": { "station_id": 2541, "name": "义利", "capacity": 20 }, "geometry": { "type": "Point", "coordinates": [ 116.3279293, 39.77603676 ] } },
{ "type": "Feature", "properties": { "station_id": 2542, "name": "华润公元九里东门", "capacity": 20 }, "geometry": { "type": "Point", "coordinates": [ 116.31535596, 39.76293197 ] } },
{ "type": "Feature", "properties": { "station_id": 2543, "name": "宜家南门", "capacity": 20 }, "geometry": { "type": "Point", "coordinates": [ 116.32256894, 39.78849328 ] } },
{ "type": "Feature", "properties": { "station_id": 2544, "name": "念坛公园", "capacity": 20 }, "geometry": { "type": "Point", "coordinates": [ 116.30698189, 39.70412834 ] } },
{ "type": "Feature", "properties": { "station_id": 2545, "name": "鑫苑鑫都汇小区", "capacity": 20 }, "geometry": { "type": "Point", "coordinates": [ 116.31433, 39.68830501 ] } },
{ "type": "Feature", "properties": { "station_id": 2546, "name": "云立方", "capacity": 20 }, "geometry": { "type": "Point", "coordinates": [ 116.31317407, 39.67906565 ] } },
{ "type": "Feature", "properties": { "station_id": 2547, "name": "熙悦春天", "capacity": 20 }, "geometry": { "type": "Point", "coordinates": [ 116.31677509, 39.67554603 ] } },
{ "type": "Feature", "properties": { "station_id": 2548, "name": "龙湖天街西区", "capacity": 20 }, "geometry": { "type": "Point", "coordinates": [ 116.31508391, 39.68583203 ] } },
{ "type": "Feature", "properties": { "station_id": 2549, "name": "保利春天南门", "capacity": 20 }, "geometry": { "type": "Point", "coordinates": [ 116.31586978, 39.67125694 ] } },
{ "type": "Feature", "properties": { "station_id": 2550, "name": "金融街融汇南门", "capacity": 20 }, "geometry": { "type": "Point", "coordinates": [ 116.31677509, 39.67554603 ] } },
{ "type": "Feature", "properties": { "station_id": 2551, "name": "联港嘉园C区北门", "capacity": 20 }, "geometry": { "type": "Point", "coordinates": [ 116.28849463, 39.6974085 ] } },
{ "type": "Feature", "properties": { "station_id": 2552, "name": "联港家园D区北门", "capacity": 20 }, "geometry": { "type": "Point", "coordinates": [ 116.28873074, 39.6974234 ] } },
{ "type": "Feature", "properties": { "station_id": 2553, "name": "永华北里西", "capacity": 20 }, "geometry": { "type": "Point", "coordinates": [ 116.32323845, 39.7303506 ] } },
{ "type": "Feature", "properties": { "station_id": 2554, "name": "滨河公园西门", "capacity": 20 }, "geometry": { "type": "Point", "coordinates": [ 116.32014785, 39.73161906 ] } },
{ "type": "Feature", "properties": { "station_id": 2555, "name": "i立方", "capacity": 20 }, "geometry": { "type": "Point", "coordinates": [ 116.31797103, 39.66879285 ] } },
{ "type": "Feature", "properties": { "station_id": 2556, "name": "天宫院街道", "capacity": 20 }, "geometry": { "type": "Point", "coordinates": [ 116.32079189, 39.6944143 ] } },
{ "type": "Feature", "properties": { "station_id": 2557, "name": "桐城西门", "capacity": 26 }, "geometry": { "type": "Point", "coordinates": [ 117.0611435, 40.06682371 ] } },
{ "type": "Feature", "properties": { "station_id": 2558, "name": "大兴七中西校区", "capacity": 30 }, "geometry": { "type": "Point", "coordinates": [ 116.2956617, 39.75273377 ] } },
{ "type": "Feature", "properties": { "station_id": 2559, "name": "大兴第十小学", "capacity": 30 }, "geometry": { "type": "Point", "coordinates": [ 116.2956617, 39.75273377 ] } },
{ "type": "Feature", "properties": { "station_id": 2560, "name": "育新花园中里", "capacity": 20 }, "geometry": { "type": "Point", "coordinates": [ 116.62987807, 39.65589723 ] } },
{ "type": "Feature", "properties": { "station_id": 2561, "name": "育新花园南里", "capacity": 20 }, "geometry": { "type": "Point", "coordinates": [ 116.62987807, 39.65589723 ] } },
{ "type": "Feature", "properties": { "station_id": 2562, "name": "恒盛波尔多小区", "capacity": 20 }, "geometry": { "type": "Point", "coordinates": [ 116.6330762, 39.64931723 ] } },
{ "type": "Feature", "properties": { "station_id": 2563, "name": "开发区蓝领公寓", "capacity": 20 }, "geometry": { "type": "Point", "coordinates": [ 116.65497033, 39.64866937 ] } },
{ "type": "Feature", "properties": { "station_id": 2564, "name": "综合行政服务中心", "capacity": 20 }, "geometry": { "type": "Point", "coordinates": [ 116.62588854, 39.65535344 ] } },
{ "type": "Feature", "properties": { "station_id": 2565, "name": "百利威物流一分", "capacity": 50 }, "geometry": { "type": "Point", "coordinates": [ 116.33581875, 39.68975539 ] } },
{ "type": "Feature", "properties": { "station_id": 2566, "name": "百利威物流二分", "capacity": 30 }, "geometry": { "type": "Point", "coordinates": [ 116.34582972, 39.69218623 ] } },
{ "type": "Feature", "properties": { "station_id": 2567, "name": "高米店街道", "capacity": 36 }, "geometry": { "type": "Point", "coordinates": [ 116.30864925, 39.76413085 ] } },
{ "type": "Feature", "properties": { "station_id": 2568, "name": "御园D区南门", "capacity": 30 }, "geometry": { "type": "Point", "coordinates": [ 116.31671275, 39.62592995 ] } },
{ "type": "Feature", "properties": { "station_id": 2569, "name": "御园A区北门", "capacity": 30 }, "geometry": { "type": "Point", "coordinates": [ 116.31400222, 39.63066056 ] } },
{ "type": "Feature", "properties": { "station_id": 2570, "name": "华庭苑东区西", "capacity": 40 }, "geometry": { "type": "Point", "coordinates": [ 116.30897043, 39.62999876 ] } },
{ "type": "Feature", "properties": { "station_id": 2571, "name": "庞各庄水务站", "capacity": 40 }, "geometry": { "type": "Point", "coordinates": [ 116.31541167, 39.62110785 ] } },
{ "type": "Feature", "properties": { "station_id": 2572, "name": "庞各庄镇政府", "capacity": 20 }, "geometry": { "type": "Point", "coordinates": [ 116.31718369, 39.63405651 ] } },
{ "type": "Feature", "properties": { "station_id": 2573, "name": "庞各庄供电所", "capacity": 20 }, "geometry": { "type": "Point", "coordinates": [ 116.3031628, 39.62040975 ] } },
{ "type": "Feature", "properties": { "station_id": 2574, "name": "福上集南门", "capacity": 30 }, "geometry": { "type": "Point", "coordinates": [ 116.31718369, 39.63405651 ] } },
{ "type": "Feature", "properties": { "station_id": 2575, "name": "大兴五中北校区", "capacity": 20 }, "geometry": { "type": "Point", "coordinates": [ 116.3277532, 39.7234115 ] } },
{ "type": "Feature", "properties": { "station_id": 2576, "name": "杰奥大厦南", "capacity": 40 }, "geometry": { "type": "Point", "coordinates": [ 116.33891489, 39.76816634 ] } },
{ "type": "Feature", "properties": { "station_id": 2577, "name": "T4停车场2", "capacity": 50 }, "geometry": { "type": "Point", "coordinates": [ 116.30662572, 39.75213861 ] } },
{ "type": "Feature", "properties": { "station_id": 2578, "name": "瑞康家园东门", "capacity": 38 }, "geometry": { "type": "Point", "coordinates": [ 116.33669571, 39.73846472 ] } },
{ "type": "Feature", "properties": { "station_id": 2579, "name": "顺驰领海东门", "capacity": 30 }, "geometry": { "type": "Point", "coordinates": [ 116.31364186, 39.77371832 ] } },
{ "type": "Feature", "properties": { "station_id": 2580, "name": "中粮丰通东", "capacity": 40 }, "geometry": { "type": "Point", "coordinates": [ 116.30916123, 39.68743367 ] } },
{ "type": "Feature", "properties": { "station_id": 2581, "name": "枣园地铁西南口2", "capacity": 50 }, "geometry": { "type": "Point", "coordinates": [ 116.32548125, 39.75210663 ] } },
{ "type": "Feature", "properties": { "station_id": 2582, "name": "枣园东里西", "capacity": 20 }, "geometry": { "type": "Point", "coordinates": [ 116.32870145, 39.74938088 ] } },
{ "type": "Feature", "properties": { "station_id": 2583, "name": "枣园地铁东南口2", "capacity": 50 }, "geometry": { "type": "Point", "coordinates": [ 116.40128192, 39.90262654 ] } },
{ "type": "Feature", "properties": { "station_id": 2584, "name": "北京市监狱", "capacity": 50 }, "geometry": { "type": "Point", "coordinates": [ 116.36254845, 39.73323206 ] } },
{ "type": "Feature", "properties": { "station_id": 2585, "name": "兴丰街道养老院", "capacity": 50 }, "geometry": { "type": "Point", "coordinates": [ 116.31401204, 39.73531153 ] } },
{ "type": "Feature", "properties": { "station_id": 2586, "name": "联港嘉园D区南门", "capacity": 38 }, "geometry": { "type": "Point", "coordinates": [ 116.28819788, 39.69506707 ] } },
{ "type": "Feature", "properties": { "station_id": 2587, "name": "联港嘉园A区南门", "capacity": 50 }, "geometry": { "type": "Point", "coordinates": [ 116.28790784, 39.69999918 ] } },
{ "type": "Feature", "properties": { "station_id": 2588, "name": "兴创大厦", "capacity": 47 }, "geometry": { "type": "Point", "coordinates": [ 116.34346565, 39.722696 ] } },
{ "type": "Feature", "properties": { "station_id": 2589, "name": "兴创大厦1", "capacity": 43 }, "geometry": { "type": "Point", "coordinates": [ 116.34346565, 39.722696 ] } },
{ "type": "Feature", "properties": { "station_id": 2590, "name": "兴创大厦2", "capacity": 48 }, "geometry": { "type": "Point", "coordinates": [ 116.34346565, 39.722696 ] } },
{ "type": "Feature", "properties": { "station_id": 2591, "name": "新媒体服务中心", "capacity": 41 }, "geometry": { "type": "Point", "coordinates": [ 116.34367439, 39.75803852 ] } },
{ "type": "Feature", "properties": { "station_id": 2592, "name": "双河北里小区内", "capacity": 40 }, "geometry": { "type": "Point", "coordinates": [ 116.33999173, 39.74093418 ] } },
{ "type": "Feature", "properties": { "station_id": 2593, "name": "枣园物美", "capacity": 32 }, "geometry": { "type": "Point", "coordinates": [ 116.32920384, 39.74944477 ] } },
{ "type": "Feature", "properties": { "station_id": 2594, "name": "大兴二中北", "capacity": 40 }, "geometry": { "type": "Point", "coordinates": [ 116.33629893, 39.74581934 ] } },
{ "type": "Feature", "properties": { "station_id": 2595, "name": "绿地缤纷城南", "capacity": 40 }, "geometry": { "type": "Point", "coordinates": [ 116.33055704, 39.76345211 ] } },
{ "type": "Feature", "properties": { "station_id": 2596, "name": "康隆园居委会", "capacity": 40 }, "geometry": { "type": "Point", "coordinates": [ 116.31349127, 39.76044096 ] } },
{ "type": "Feature", "properties": { "station_id": 2597, "name": "大兴四中西门", "capacity": 40 }, "geometry": { "type": "Point", "coordinates": [ 116.32858874, 39.73765987 ] } },
{ "type": "Feature", "properties": { "station_id": 2598, "name": "大兴五小北校区南", "capacity": 40 }, "geometry": { "type": "Point", "coordinates": [ 116.32987424, 39.74513337 ] } },
{ "type": "Feature", "properties": { "station_id": 2599, "name": "枣园尚城北区北门", "capacity": 40 }, "geometry": { "type": "Point", "coordinates": [ 116.32115747, 39.7537322 ] } },
{ "type": "Feature", "properties": { "station_id": 2600, "name": "康宜家园北门", "capacity": 40 }, "geometry": { "type": "Point", "coordinates": [ 116.30763159, 39.74437853 ] } },
{ "type": "Feature", "properties": { "station_id": 2601, "name": "康宁家具城", "capacity": 36 }, "geometry": { "type": "Point", "coordinates": [ 116.3234132, 39.73299353 ] } },
{ "type": "Feature", "properties": { "station_id": 2602, "name": "法院北门2", "capacity": 50 }, "geometry": { "type": "Point", "coordinates": [ 116.3229682, 39.76106361 ] } },
{ "type": "Feature", "properties": { "station_id": 2603, "name": "三合南里北区南门", "capacity": 44 }, "geometry": { "type": "Point", "coordinates": [ 116.32500371, 39.73605331 ] } },
{ "type": "Feature", "properties": { "station_id": 2604, "name": "T4停车场内3", "capacity": 20 }, "geometry": { "type": "Point", "coordinates": [ 116.30662572, 39.75213861 ] } },
{ "type": "Feature", "properties": { "station_id": 2605, "name": "清源路公交站", "capacity": 50 }, "geometry": { "type": "Point", "coordinates": [ 116.3387508, 39.74115001 ] } },
{ "type": "Feature", "properties": { "station_id": 2606, "name": "百联清城东", "capacity": 44 }, "geometry": { "type": "Point", "coordinates": [ 116.32645757, 39.73617257 ] } },
{ "type": "Feature", "properties": { "station_id": 2607, "name": "万兴集团南", "capacity": 48 }, "geometry": { "type": "Point", "coordinates": [ 116.33872089, 39.73681326 ] } },
{ "type": "Feature", "properties": { "station_id": 2608, "name": "法院北门3", "capacity": 50 }, "geometry": { "type": "Point", "coordinates": [ 116.3229682, 39.76106361 ] } },
{ "type": "Feature", "properties": { "station_id": 2609, "name": "星城商厦南", "capacity": 40 }, "geometry": { "type": "Point", "coordinates": [ 116.33290588, 39.72919553 ] } },
{ "type": "Feature", "properties": { "station_id": 2610, "name": "畅坤建材城东站", "capacity": 50 }, "geometry": { "type": "Point", "coordinates": [ 116.36287659, 39.66823479 ] } },
{ "type": "Feature", "properties": { "station_id": 2611, "name": "畅坤建材城西站", "capacity": 50 }, "geometry": { "type": "Point", "coordinates": [ 116.36287659, 39.66823479 ] } },
{ "type": "Feature", "properties": { "station_id": 2612, "name": "北京市拘留所", "capacity": 32 }, "geometry": { "type": "Point", "coordinates": [ 116.37192949, 39.71805222 ] } },
{ "type": "Feature", "properties": { "station_id": 2613, "name": "风景翠园2", "capacity": 50 }, "geometry": { "type": "Point", "coordinates": [ 116.31364186, 39.77371832 ] } },
{ "type": "Feature", "properties": { "station_id": 2614, "name": "青岛嘉园西门", "capacity": 50 }, "geometry": { "type": "Point", "coordinates": [ 116.31883367, 39.77098116 ] } },
{ "type": "Feature", "properties": { "station_id": 2615, "name": "滨河西里北门东", "capacity": 20 }, "geometry": { "type": "Point", "coordinates": [ 116.33268212, 39.7531533 ] } },
{ "type": "Feature", "properties": { "station_id": 2616, "name": "台湾街早市西门", "capacity": 20 }, "geometry": { "type": "Point", "coordinates": [ 116.33276585, 39.75319129 ] } },
{ "type": "Feature", "properties": { "station_id": 2617, "name": "顺驰领海东门北", "capacity": 50 }, "geometry": { "type": "Point", "coordinates": [ 116.31316225, 39.77396716 ] } },
{ "type": "Feature", "properties": { "station_id": 2618, "name": "团河苑小区东门", "capacity": 20 }, "geometry": { "type": "Point", "coordinates": [ 116.36772076, 39.73814618 ] } },
{ "type": "Feature", "properties": { "station_id": 2619, "name": "泰中花园公交站", "capacity": 50 }, "geometry": { "type": "Point", "coordinates": [ 116.34030148, 39.75994018 ] } },
{ "type": "Feature", "properties": { "station_id": 2620, "name": "中国青旅", "capacity": 50 }, "geometry": { "type": "Point", "coordinates": [ 116.36035725, 39.71258483 ] } },
{ "type": "Feature", "properties": { "station_id": 2621, "name": "中铁长龙", "capacity": 46 }, "geometry": { "type": "Point", "coordinates": [ 116.34389518, 39.75803813 ] } },
{ "type": "Feature", "properties": { "station_id": 2622, "name": "仙岛大厦", "capacity": 34 }, "geometry": { "type": "Point", "coordinates": [ 116.34389518, 39.75803813 ] } },
{ "type": "Feature", "properties": { "station_id": 2623, "name": "华萨尼生活馆", "capacity": 50 }, "geometry": { "type": "Point", "coordinates": [ 116.3405444, 39.7654438 ] } },
{ "type": "Feature", "properties": { "station_id": 2624, "name": "漪景园西门", "capacity": 20 }, "geometry": { "type": "Point", "coordinates": [ 116.32666672, 39.70713081 ] } },
{ "type": "Feature", "properties": { "station_id": 2625, "name": "汇源路公交站南", "capacity": 40 }, "geometry": { "type": "Point", "coordinates": [ 116.31605374, 39.7222363 ] } },
{ "type": "Feature", "properties": { "station_id": 2626, "name": "西斯莱南门东", "capacity": 50 }, "geometry": { "type": "Point", "coordinates": [ 116.33079312, 39.76257055 ] } },
{ "type": "Feature", "properties": { "station_id": 2627, "name": "精神卫生保健院西", "capacity": 36 }, "geometry": { "type": "Point", "coordinates": [ 116.32022747, 39.70355406 ] } },
{ "type": "Feature", "properties": { "station_id": 2628, "name": "义和庄地铁南", "capacity": 40 }, "geometry": { "type": "Point", "coordinates": [ 116.3266736, 39.71301988 ] } },
{ "type": "Feature", "properties": { "station_id": 2629, "name": "梦狐竹纤维园东", "capacity": 50 }, "geometry": { "type": "Point", "coordinates": [ 116.31271587, 39.69079106 ] } },
{ "type": "Feature", "properties": { "station_id": 2630, "name": "五维凤凰演播厅", "capacity": 50 }, "geometry": { "type": "Point", "coordinates": [ 116.29231272, 39.67741668 ] } },
{ "type": "Feature", "properties": { "station_id": 2631, "name": "食品药品研究所", "capacity": 50 }, "geometry": { "type": "Point", "coordinates": [ 116.29229138, 39.66522699 ] } },
{ "type": "Feature", "properties": { "station_id": 2632, "name": "北臧村镇政府南", "capacity": 50 }, "geometry": { "type": "Point", "coordinates": [ 116.2963858, 39.68563321 ] } },
{ "type": "Feature", "properties": { "station_id": 2633, "name": "天富九号会议中心", "capacity": 50 }, "geometry": { "type": "Point", "coordinates": [ 116.29211424, 39.68129592 ] } },
{ "type": "Feature", "properties": { "station_id": 2634, "name": "中国药检", "capacity": 50 }, "geometry": { "type": "Point", "coordinates": [ 116.30202955, 39.67237719 ] } },
{ "type": "Feature", "properties": { "station_id": 2635, "name": "佟馨家园D区南门", "capacity": 48 }, "geometry": { "type": "Point", "coordinates": [ 116.31013142, 39.72148466 ] } },
{ "type": "Feature", "properties": { "station_id": 2636, "name": "外研社会议中心", "capacity": 50 }, "geometry": { "type": "Point", "coordinates": [ 116.2692872, 39.75505364 ] } },
{ "type": "Feature", "properties": { "station_id": 2637, "name": "中鸿博雅印务", "capacity": 50 }, "geometry": { "type": "Point", "coordinates": [ 116.30298687, 39.68849381 ] } },
{ "type": "Feature", "properties": { "station_id": 2638, "name": "佟馨家园A区北门", "capacity": 40 }, "geometry": { "type": "Point", "coordinates": [ 116.31013142, 39.72148466 ] } },
{ "type": "Feature", "properties": { "station_id": 2639, "name": "佟馨家园C区南门", "capacity": 50 }, "geometry": { "type": "Point", "coordinates": [ 116.31013142, 39.72148466 ] } },
{ "type": "Feature", "properties": { "station_id": 2640, "name": "建筑大学北门1", "capacity": 50 }, "geometry": { "type": "Point", "coordinates": [ 116.28096948, 39.75178687 ] } },
{ "type": "Feature", "properties": { "station_id": 2641, "name": "佟馨家园东门", "capacity": 30 }, "geometry": { "type": "Point", "coordinates": [ 116.31013142, 39.72148466 ] } },
{ "type": "Feature", "properties": { "station_id": 2642, "name": "建筑大学北门2", "capacity": 50 }, "geometry": { "type": "Point", "coordinates": [ 116.28096948, 39.75178687 ] } },
{ "type": "Feature", "properties": { "station_id": 2643, "name": "佟馨家园C区西门", "capacity": 40 }, "geometry": { "type": "Point", "coordinates": [ 116.31013142, 39.72148466 ] } },
{ "type": "Feature", "properties": { "station_id": 2644, "name": "黄鹅路公交站", "capacity": 50 }, "geometry": { "type": "Point", "coordinates": [ 116.2787756, 39.74906245 ] } },
{ "type": "Feature", "properties": { "station_id": 2645, "name": "永大路公交站2", "capacity": 50 }, "geometry": { "type": "Point", "coordinates": [ 116.30249981, 39.68677452 ] } },
{ "type": "Feature", "properties": { "station_id": 2646, "name": "三体校东门", "capacity": 20 }, "geometry": { "type": "Point", "coordinates": [ 116.28520733, 39.73314843 ] } },
{ "type": "Feature", "properties": { "station_id": 2647, "name": "味多美2", "capacity": 34 }, "geometry": { "type": "Point", "coordinates": [ 116.30517388, 39.67258514 ] } },
{ "type": "Feature", "properties": { "station_id": 2648, "name": "君悦国际南门", "capacity": 50 }, "geometry": { "type": "Point", "coordinates": [ 116.30522586, 39.68319581 ] } },
{ "type": "Feature", "properties": { "station_id": 2649, "name": "味多美3", "capacity": 50 }, "geometry": { "type": "Point", "coordinates": [ 116.30515054, 39.67660521 ] } },
{ "type": "Feature", "properties": { "station_id": 2650, "name": "北臧村服务中心2", "capacity": 50 }, "geometry": { "type": "Point", "coordinates": [ 116.30517388, 39.67258514 ] } },
{ "type": "Feature", "properties": { "station_id": 2651, "name": "保利春天南门东", "capacity": 50 }, "geometry": { "type": "Point", "coordinates": [ 116.31794051, 39.66933451 ] } },
{ "type": "Feature", "properties": { "station_id": 2652, "name": "金融街融汇北", "capacity": 48 }, "geometry": { "type": "Point", "coordinates": [ 116.31490193, 39.68014557 ] } },
{ "type": "Feature", "properties": { "station_id": 2653, "name": "生物制药实训基地", "capacity": 40 }, "geometry": { "type": "Point", "coordinates": [ 116.30970355, 39.67282854 ] } },
{ "type": "Feature", "properties": { "station_id": 2654, "name": "天宫院小区南门", "capacity": 50 }, "geometry": { "type": "Point", "coordinates": [ 116.32240658, 39.68675244 ] } },
{ "type": "Feature", "properties": { "station_id": 2655, "name": "利康医院2", "capacity": 50 }, "geometry": { "type": "Point", "coordinates": [ 116.30258641, 39.6637946 ] } },
{ "type": "Feature", "properties": { "station_id": 2656, "name": "熙悦春天南门", "capacity": 50 }, "geometry": { "type": "Point", "coordinates": [ 116.30258641, 39.6637946 ] } },
{ "type": "Feature", "properties": { "station_id": 2657, "name": "明发广场", "capacity": 20 }, "geometry": { "type": "Point", "coordinates": [ 116.31839509, 39.68657326 ] } },
{ "type": "Feature", "properties": { "station_id": 2658, "name": "明发广场北门", "capacity": 50 }, "geometry": { "type": "Point", "coordinates": [ 116.31839509, 39.68657326 ] } },
{ "type": "Feature", "properties": { "station_id": 2659, "name": "金融街融汇南", "capacity": 48 }, "geometry": { "type": "Point", "coordinates": [ 116.31383658, 39.67720694 ] } },
{ "type": "Feature", "properties": { "station_id": 2660, "name": "永兴路5号院", "capacity": 44 }, "geometry": { "type": "Point", "coordinates": [ 116.31762638, 39.68570512 ] } },
{ "type": "Feature", "properties": { "station_id": 2661, "name": "天宫院小区西门", "capacity": 40 }, "geometry": { "type": "Point", "coordinates": [ 116.31383658, 39.67720694 ] } },
{ "type": "Feature", "properties": { "station_id": 2662, "name": "天华大街1号", "capacity": 50 }, "geometry": { "type": "Point", "coordinates": [ 116.29625042, 39.67200192 ] } },
{ "type": "Feature", "properties": { "station_id": 2663, "name": "天华大街1号南", "capacity": 50 }, "geometry": { "type": "Point", "coordinates": [ 116.29625042, 39.67200192 ] } },
{ "type": "Feature", "properties": { "station_id": 2664, "name": "生物医药基地南", "capacity": 20 }, "geometry": { "type": "Point", "coordinates": [ 116.31599769, 39.6832634 ] } },
{ "type": "Feature", "properties": { "station_id": 2665, "name": "双河北里尚城西门", "capacity": 40 }, "geometry": { "type": "Point", "coordinates": [ 116.34188772, 39.73835236 ] } },
{ "type": "Feature", "properties": { "station_id": 2666, "name": "双河南里尚城北门", "capacity": 46 }, "geometry": { "type": "Point", "coordinates": [ 116.34104335, 39.73281939 ] } },
{ "type": "Feature", "properties": { "station_id": 2667, "name": "团河路公交站", "capacity": 42 }, "geometry": { "type": "Point", "coordinates": [ 116.31829954, 39.53648689 ] } },
{ "type": "Feature", "properties": { "station_id": 2668, "name": "双河南里尚城西门", "capacity": 50 }, "geometry": { "type": "Point", "coordinates": [ 116.34104335, 39.73281939 ] } },
{ "type": "Feature", "properties": { "station_id": 2669, "name": "三元基因西", "capacity": 20 }, "geometry": { "type": "Point", "coordinates": [ 116.33955575, 39.7572143 ] } },
{ "type": "Feature", "properties": { "station_id": 2670, "name": "天河西路公交站", "capacity": 20 }, "geometry": { "type": "Point", "coordinates": [ 116.31614905, 39.6903726 ] } },
{ "type": "Feature", "properties": { "station_id": 2671, "name": "天宫院小区北门", "capacity": 40 }, "geometry": { "type": "Point", "coordinates": [ 116.3190353, 39.68019106 ] } },
{ "type": "Feature", "properties": { "station_id": 2672, "name": "奥亚大厦", "capacity": 20 }, "geometry": { "type": "Point", "coordinates": [ 116.34684938, 39.75756393 ] } },
{ "type": "Feature", "properties": { "station_id": 2673, "name": "万科橙", "capacity": 20 }, "geometry": { "type": "Point", "coordinates": [ 116.31839509, 39.68657326 ] } },
{ "type": "Feature", "properties": { "station_id": 2674, "name": "高米店消防队", "capacity": 20 }, "geometry": { "type": "Point", "coordinates": [ 116.35216464, 39.75512558 ] } },
{ "type": "Feature", "properties": { "station_id": 2675, "name": "新源时代小区南门", "capacity": 50 }, "geometry": { "type": "Point", "coordinates": [ 116.31839509, 39.68657326 ] } },
{ "type": "Feature", "properties": { "station_id": 2676, "name": "?利面包", "capacity": 50 }, "geometry": { "type": "Point", "coordinates": [ 116.35063177, 39.77312776 ] } },
{ "type": "Feature", "properties": { "station_id": 2677, "name": "i立方南门东", "capacity": 20 }, "geometry": { "type": "Point", "coordinates": [ 116.32608228, 39.6937214 ] } },
{ "type": "Feature", "properties": { "station_id": 2678, "name": "燕保家园北门", "capacity": 20 }, "geometry": { "type": "Point", "coordinates": [ 116.33765931, 39.76397669 ] } },
{ "type": "Feature", "properties": { "station_id": 2679, "name": "金星桥东", "capacity": 20 }, "geometry": { "type": "Point", "coordinates": [ 116.33700491, 39.76167785 ] } },
{ "type": "Feature", "properties": { "station_id": 2680, "name": "龙湖时代天街南门", "capacity": 20 }, "geometry": { "type": "Point", "coordinates": [ 116.31839509, 39.68657326 ] } },
{ "type": "Feature", "properties": { "station_id": 2681, "name": "云立方北门西", "capacity": 40 }, "geometry": { "type": "Point", "coordinates": [ 116.30255393, 39.68018748 ] } },
{ "type": "Feature", "properties": { "station_id": 2682, "name": "天堂1号", "capacity": 48 }, "geometry": { "type": "Point", "coordinates": [ 116.31797103, 39.66879285 ] } },
{ "type": "Feature", "properties": { "station_id": 2683, "name": "首创悦都汇北门", "capacity": 50 }, "geometry": { "type": "Point", "coordinates": [ 116.4001168, 39.70212738 ] } },
{ "type": "Feature", "properties": { "station_id": 2684, "name": "鑫方盛建材南门", "capacity": 48 }, "geometry": { "type": "Point", "coordinates": [ 116.40852709, 39.71586138 ] } },
{ "type": "Feature", "properties": { "station_id": 2685, "name": "格林云墅东门", "capacity": 50 }, "geometry": { "type": "Point", "coordinates": [ 116.39870595, 39.69467817 ] } },
{ "type": "Feature", "properties": { "station_id": 2686, "name": "首创悦都汇东门", "capacity": 50 }, "geometry": { "type": "Point", "coordinates": [ 116.40109391, 39.70024337 ] } },
{ "type": "Feature", "properties": { "station_id": 2687, "name": "首地浣溪谷南门", "capacity": 50 }, "geometry": { "type": "Point", "coordinates": [ 116.39588926, 39.70314545 ] } },
{ "type": "Feature", "properties": { "station_id": 2688, "name": "格林云墅南门", "capacity": 50 }, "geometry": { "type": "Point", "coordinates": [ 116.3958508, 39.70557507 ] } },
{ "type": "Feature", "properties": { "station_id": 2689, "name": "孙村中学", "capacity": 50 }, "geometry": { "type": "Point", "coordinates": [ 116.40490166, 39.70845638 ] } },
{ "type": "Feature", "properties": { "station_id": 2690, "name": "蓝桥驿苑", "capacity": 50 }, "geometry": { "type": "Point", "coordinates": [ 116.39910095, 39.70907282 ] } },
{ "type": "Feature", "properties": { "station_id": 2691, "name": "海鑫北路9号1", "capacity": 50 }, "geometry": { "type": "Point", "coordinates": [ 116.40852709, 39.71586138 ] } },
{ "type": "Feature", "properties": { "station_id": 2692, "name": "海鑫北路9号2", "capacity": 50 }, "geometry": { "type": "Point", "coordinates": [ 116.40852709, 39.71586138 ] } },
{ "type": "Feature", "properties": { "station_id": 2693, "name": "孙村管委会", "capacity": 50 }, "geometry": { "type": "Point", "coordinates": [ 116.40490166, 39.70845638 ] } },
{ "type": "Feature", "properties": { "station_id": 2694, "name": "孙村卫生院", "capacity": 50 }, "geometry": { "type": "Point", "coordinates": [ 116.38808381, 39.71738142 ] } },
{ "type": "Feature", "properties": { "station_id": 2695, "name": "金色漫香郡南区南", "capacity": 50 }, "geometry": { "type": "Point", "coordinates": [ 116.31100091, 39.7693025 ] } },
{ "type": "Feature", "properties": { "station_id": 2696, "name": "金色漫香郡南区北", "capacity": 50 }, "geometry": { "type": "Point", "coordinates": [ 116.39263808, 39.71234551 ] } },
{ "type": "Feature", "properties": { "station_id": 2697, "name": "金色漫香郡北区南", "capacity": 50 }, "geometry": { "type": "Point", "coordinates": [ 116.39371353, 39.71387104 ] } },
{ "type": "Feature", "properties": { "station_id": 2698, "name": "新兴家园东区南门", "capacity": 50 }, "geometry": { "type": "Point", "coordinates": [ 116.40587792, 39.71536807 ] } },
{ "type": "Feature", "properties": { "station_id": 2699, "name": "金色漫香郡北区北", "capacity": 50 }, "geometry": { "type": "Point", "coordinates": [ 116.39371353, 39.71387104 ] } },
{ "type": "Feature", "properties": { "station_id": 2700, "name": "新兴家园东区北门", "capacity": 50 }, "geometry": { "type": "Point", "coordinates": [ 116.39649816, 39.71494649 ] } },
{ "type": "Feature", "properties": { "station_id": 2701, "name": "新兴家园西区南门", "capacity": 50 }, "geometry": { "type": "Point", "coordinates": [ 116.39371328, 39.71588112 ] } },
{ "type": "Feature", "properties": { "station_id": 2702, "name": "新兴家园西区北门", "capacity": 50 }, "geometry": { "type": "Point", "coordinates": [ 116.39301126, 39.71724287 ] } },
{ "type": "Feature", "properties": { "station_id": 2703, "name": "满庭春苑北门", "capacity": 20 }, "geometry": { "type": "Point", "coordinates": [ 116.62333684, 39.66178329 ] } },
{ "type": "Feature", "properties": { "station_id": 2704, "name": "大兴宾馆内", "capacity": 18 }, "geometry": { "type": "Point", "coordinates": [ 116.40128192, 39.90262654 ] } },
{ "type": "Feature", "properties": { "station_id": 2705, "name": "三合北巷7号北1", "capacity": 26 }, "geometry": { "type": "Point", "coordinates": [ 116.31542041, 39.73441251 ] } },
{ "type": "Feature", "properties": { "station_id": 2706, "name": "三合北巷7号北2", "capacity": 34 }, "geometry": { "type": "Point", "coordinates": [ 116.31542041, 39.73441251 ] } },
{ "type": "Feature", "properties": { "station_id": 2707, "name": "天贵大街南口", "capacity": 40 }, "geometry": { "type": "Point", "coordinates": [ 116.30093771, 39.69717457 ] } },
{ "type": "Feature", "properties": { "station_id": 2708, "name": "大兴节水办", "capacity": 40 }, "geometry": { "type": "Point", "coordinates": [ 116.31706883, 39.7007224 ] } },
{ "type": "Feature", "properties": { "station_id": 2709, "name": "星光影视城东门", "capacity": 30 }, "geometry": { "type": "Point", "coordinates": [ 116.35626714, 39.7731725 ] } },
{ "type": "Feature", "properties": { "station_id": 2710, "name": "大兴民政局院内", "capacity": 20 }, "geometry": { "type": "Point", "coordinates": [ 116.34153921, 39.72480483 ] } },
{ "type": "Feature", "properties": { "station_id": 2711, "name": "康宜家园南区北门", "capacity": 30 }, "geometry": { "type": "Point", "coordinates": [ 116.30763159, 39.74437853 ] } },
{ "type": "Feature", "properties": { "station_id": 2712, "name": "永旺路27号", "capacity": 30 }, "geometry": { "type": "Point", "coordinates": [ 116.30175447, 39.68033383 ] } },
{ "type": "Feature", "properties": { "station_id": 2713, "name": "永华实验学校北门", "capacity": 26 }, "geometry": { "type": "Point", "coordinates": [ 116.31550616, 39.71825532 ] } },
{ "type": "Feature", "properties": { "station_id": 2714, "name": "香海园南门", "capacity": 30 }, "geometry": { "type": "Point", "coordinates": [ 116.30995007, 39.7717647 ] } },
{ "type": "Feature", "properties": { "station_id": 2715, "name": "永华实验学校东门", "capacity": 30 }, "geometry": { "type": "Point", "coordinates": [ 116.31550616, 39.71825532 ] } },
{ "type": "Feature", "properties": { "station_id": 2716, "name": "福苑小区北门", "capacity": 28 }, "geometry": { "type": "Point", "coordinates": [ 116.34420018, 39.75439495 ] } },
{ "type": "Feature", "properties": { "station_id": 2717, "name": "三中西巷", "capacity": 30 }, "geometry": { "type": "Point", "coordinates": [ 116.32355031, 39.73216558 ] } },
{ "type": "Feature", "properties": { "station_id": 2718, "name": "枣园东里西门", "capacity": 20 }, "geometry": { "type": "Point", "coordinates": [ 116.32779546, 39.75073668 ] } },
{ "type": "Feature", "properties": { "station_id": 2719, "name": "首座御园北门东", "capacity": 30 }, "geometry": { "type": "Point", "coordinates": [ 116.34679647, 39.75452403 ] } },
{ "type": "Feature", "properties": { "station_id": 2720, "name": "维修体验测试区", "capacity": 20 }, "geometry": { "type": "Point", "coordinates": [ 116.3379667, 39.74105227 ] } },
{ "type": "Feature", "properties": { "station_id": 2721, "name": "企业大道站", "capacity": 20 }, "geometry": { "type": "Point", "coordinates": [ 116.51525139, 39.77989275 ] } },
{ "type": "Feature", "properties": { "station_id": 2722, "name": "中冀斯巴鲁站", "capacity": 20 }, "geometry": { "type": "Point", "coordinates": [ 116.51141509, 39.78253286 ] } },
{ "type": "Feature", "properties": { "station_id": 2723, "name": "国锐金顶站", "capacity": 20 }, "geometry": { "type": "Point", "coordinates": [ 116.5037795, 39.79154308 ] } },
{ "type": "Feature", "properties": { "station_id": 2724, "name": "开发区总公司站", "capacity": 20 }, "geometry": { "type": "Point", "coordinates": [ 116.50825235, 39.7852472 ] } },
{ "type": "Feature", "properties": { "station_id": 2725, "name": "博大公园北门站", "capacity": 20 }, "geometry": { "type": "Point", "coordinates": [ 116.49874734, 39.79810799 ] } },
{ "type": "Feature", "properties": { "station_id": 2726, "name": "交通银行站", "capacity": 20 }, "geometry": { "type": "Point", "coordinates": [ 116.50177213, 39.79954355 ] } },
{ "type": "Feature", "properties": { "station_id": 2727, "name": "创新大厦站", "capacity": 20 }, "geometry": { "type": "Point", "coordinates": [ 116.50176447, 39.79954353 ] } },
{ "type": "Feature", "properties": { "station_id": 2728, "name": "农业银行站", "capacity": 20 }, "geometry": { "type": "Point", "coordinates": [ 116.50437623, 39.79634333 ] } },
{ "type": "Feature", "properties": { "station_id": 2729, "name": "可口可乐站", "capacity": 20 }, "geometry": { "type": "Point", "coordinates": [ 116.5108163, 39.79509949 ] } },
{ "type": "Feature", "properties": { "station_id": 2730, "name": "上海沙龙南门站", "capacity": 20 }, "geometry": { "type": "Point", "coordinates": [ 116.49544788, 39.78778789 ] } },
{ "type": "Feature", "properties": { "station_id": 2731, "name": "卡尔生活馆南门站", "capacity": 20 }, "geometry": { "type": "Point", "coordinates": [ 116.49118242, 39.78558191 ] } },
{ "type": "Feature", "properties": { "station_id": 2732, "name": "金地格林小镇北门", "capacity": 20 }, "geometry": { "type": "Point", "coordinates": [ 116.49150227, 39.80018812 ] } },
{ "type": "Feature", "properties": { "station_id": 2733, "name": "林肯公园西门站", "capacity": 20 }, "geometry": { "type": "Point", "coordinates": [ 116.48467865, 39.80066755 ] } },
{ "type": "Feature", "properties": { "station_id": 2734, "name": "一栋洋房西门站", "capacity": 20 }, "geometry": { "type": "Point", "coordinates": [ 116.49540897, 39.79273502 ] } },
{ "type": "Feature", "properties": { "station_id": 2735, "name": "米兰天空站", "capacity": 20 }, "geometry": { "type": "Point", "coordinates": [ 116.47443319, 39.79631237 ] } },
{ "type": "Feature", "properties": { "station_id": 2736, "name": "瀛景园北门站", "capacity": 20 }, "geometry": { "type": "Point", "coordinates": [ 116.46987775, 39.79370969 ] } },
{ "type": "Feature", "properties": { "station_id": 2737, "name": "贵园南里丁区站", "capacity": 20 }, "geometry": { "type": "Point", "coordinates": [ 116.47524523, 39.79318687 ] } },
{ "type": "Feature", "properties": { "station_id": 2738, "name": "亦庄镇政府站", "capacity": 20 }, "geometry": { "type": "Point", "coordinates": [ 116.47568862, 39.7990928 ] } },
{ "type": "Feature", "properties": { "station_id": 2739, "name": "供电局站", "capacity": 20 }, "geometry": { "type": "Point", "coordinates": [ 116.50063007, 39.80768391 ] } },
{ "type": "Feature", "properties": { "station_id": 2740, "name": "网通东门站", "capacity": 20 }, "geometry": { "type": "Point", "coordinates": [ 116.49565955, 39.81012178 ] } },
{ "type": "Feature", "properties": { "station_id": 2741, "name": "和路雪站", "capacity": 20 }, "geometry": { "type": "Point", "coordinates": [ 116.5072619, 39.80667353 ] } },
{ "type": "Feature", "properties": { "station_id": 2742, "name": "一品亦庄站", "capacity": 20 }, "geometry": { "type": "Point", "coordinates": [ 116.49614312, 39.80130051 ] } },
{ "type": "Feature", "properties": { "station_id": 2743, "name": "境界家园北门站", "capacity": 20 }, "geometry": { "type": "Point", "coordinates": [ 116.48157755, 39.797359 ] } },
{ "type": "Feature", "properties": { "station_id": 2744, "name": "大雄城市花园西门", "capacity": 20 }, "geometry": { "type": "Point", "coordinates": [ 116.48612627, 39.79889813 ] } },
{ "type": "Feature", "properties": { "station_id": 2745, "name": "隆盛大厦站", "capacity": 20 }, "geometry": { "type": "Point", "coordinates": [ 116.52086269, 39.78284905 ] } },
{ "type": "Feature", "properties": { "station_id": 2746, "name": "三箭和众鼎站", "capacity": 20 }, "geometry": { "type": "Point", "coordinates": [ 116.52479697, 39.78476665 ] } },
{ "type": "Feature", "properties": { "station_id": 2747, "name": "南海家园三里南门", "capacity": 20 }, "geometry": { "type": "Point", "coordinates": [ 116.49228838, 39.76007875 ] } },
{ "type": "Feature", "properties": { "station_id": 2748, "name": "鹿海园三里北门站", "capacity": 20 }, "geometry": { "type": "Point", "coordinates": [ 116.49228838, 39.76007875 ] } },
{ "type": "Feature", "properties": { "station_id": 2749, "name": "泰河园一里南门站", "capacity": 20 }, "geometry": { "type": "Point", "coordinates": [ 116.49462345, 39.76611615 ] } },
{ "type": "Feature", "properties": { "station_id": 2750, "name": "林肯公园南门站", "capacity": 20 }, "geometry": { "type": "Point", "coordinates": [ 116.4878103, 39.80525409 ] } },
{ "type": "Feature", "properties": { "station_id": 2751, "name": "亦庄北岸站", "capacity": 20 }, "geometry": { "type": "Point", "coordinates": [ 116.4501293, 39.79977452 ] } },
{ "type": "Feature", "properties": { "station_id": 2752, "name": "灵秀山庄站", "capacity": 20 }, "geometry": { "type": "Point", "coordinates": [ 116.4501293, 39.79977452 ] } },
{ "type": "Feature", "properties": { "station_id": 2753, "name": "旧宫新苑站", "capacity": 20 }, "geometry": { "type": "Point", "coordinates": [ 116.44804848, 39.79739358 ] } },
{ "type": "Feature", "properties": { "station_id": 2754, "name": "旧宫物美站", "capacity": 20 }, "geometry": { "type": "Point", "coordinates": [ 116.44567064, 39.78586529 ] } },
{ "type": "Feature", "properties": { "station_id": 2755, "name": "党群活动中心站", "capacity": 20 }, "geometry": { "type": "Point", "coordinates": [ 116.51729779, 39.76173461 ] } },
{ "type": "Feature", "properties": { "station_id": 2756, "name": "金风科创二期站", "capacity": 20 }, "geometry": { "type": "Point", "coordinates": [ 116.52398931, 39.75444064 ] } },
{ "type": "Feature", "properties": { "station_id": 2757, "name": "金风科创一期站", "capacity": 20 }, "geometry": { "type": "Point", "coordinates": [ 116.53473187, 39.7725777 ] } },
{ "type": "Feature", "properties": { "station_id": 2758, "name": "京东方宿舍东门站", "capacity": 20 }, "geometry": { "type": "Point", "coordinates": [ 116.51255674, 39.77621193 ] } },
{ "type": "Feature", "properties": { "station_id": 2759, "name": "B7医药平台西站", "capacity": 20 }, "geometry": { "type": "Point", "coordinates": [ 116.40128192, 39.90262654 ] } },
{ "type": "Feature", "properties": { "station_id": 2760, "name": "B7医药平台东站", "capacity": 20 }, "geometry": { "type": "Point", "coordinates": [ 116.40128192, 39.90262654 ] } },
{ "type": "Feature", "properties": { "station_id": 2761, "name": "润星家园站", "capacity": 20 }, "geometry": { "type": "Point", "coordinates": [ 116.43549492, 39.81363381 ] } },
{ "type": "Feature", "properties": { "station_id": 2762, "name": "行政服务中心", "capacity": 20 }, "geometry": { "type": "Point", "coordinates": [ 116.4964188, 39.80141195 ] } },
{ "type": "Feature", "properties": { "station_id": 2763, "name": "京东方八代线东门", "capacity": 20 }, "geometry": { "type": "Point", "coordinates": [ 116.54546259, 39.7862982 ] } },
{ "type": "Feature", "properties": { "station_id": 2764, "name": "瑞森站", "capacity": 20 }, "geometry": { "type": "Point", "coordinates": [ 116.530175, 39.80442054 ] } },
{ "type": "Feature", "properties": { "station_id": 2765, "name": "河西物美站", "capacity": 20 }, "geometry": { "type": "Point", "coordinates": [ 116.49616234, 39.76966043 ] } },
{ "type": "Feature", "properties": { "station_id": 2766, "name": "航天长征站", "capacity": 20 }, "geometry": { "type": "Point", "coordinates": [ 116.56043992, 39.77555171 ] } },
{ "type": "Feature", "properties": { "station_id": 2767, "name": "力宝北门站", "capacity": 20 }, "geometry": { "type": "Point", "coordinates": [ 116.49381456, 39.80463116 ] } },
{ "type": "Feature", "properties": { "station_id": 2768, "name": "博大大厦北门站", "capacity": 20 }, "geometry": { "type": "Point", "coordinates": [ 116.50063175, 39.79403601 ] } },
{ "type": "Feature", "properties": { "station_id": 2769, "name": "北京电子科技学院", "capacity": 20 }, "geometry": { "type": "Point", "coordinates": [ 116.49637682, 39.76928345 ] } },
{ "type": "Feature", "properties": { "station_id": 2770, "name": "奔驰西门站", "capacity": 20 }, "geometry": { "type": "Point", "coordinates": [ 116.50545353, 39.75387383 ] } },
{ "type": "Feature", "properties": { "station_id": 2771, "name": "公租房北门站", "capacity": 20 }, "geometry": { "type": "Point", "coordinates": [ 116.50303244, 39.76377245 ] } },
{ "type": "Feature", "properties": { "station_id": 2772, "name": "公租房西门站", "capacity": 20 }, "geometry": { "type": "Point", "coordinates": [ 116.50303244, 39.76377245 ] } },
{ "type": "Feature", "properties": { "station_id": 2773, "name": "中芯国际1号门站", "capacity": 20 }, "geometry": { "type": "Point", "coordinates": [ 116.50015093, 39.78071863 ] } },
{ "type": "Feature", "properties": { "station_id": 2774, "name": "荣京东街地铁站", "capacity": 20 }, "geometry": { "type": "Point", "coordinates": [ 116.50737093, 39.79182061 ] } },
{ "type": "Feature", "properties": { "station_id": 2775, "name": "开发区交通队站", "capacity": 20 }, "geometry": { "type": "Point", "coordinates": [ 116.52712867, 39.80733092 ] } },
{ "type": "Feature", "properties": { "station_id": 2776, "name": "诺基亚站", "capacity": 20 }, "geometry": { "type": "Point", "coordinates": [ 116.51745462, 39.79394719 ] } },
{ "type": "Feature", "properties": { "station_id": 2777, "name": "可口可乐西门站", "capacity": 20 }, "geometry": { "type": "Point", "coordinates": [ 116.5108163, 39.79509949 ] } },
{ "type": "Feature", "properties": { "station_id": 2778, "name": "华润超市站", "capacity": 20 }, "geometry": { "type": "Point", "coordinates": [ 116.48963379, 39.79881318 ] } },
{ "type": "Feature", "properties": { "station_id": 2779, "name": "亦庄桥地铁站", "capacity": 20 }, "geometry": { "type": "Point", "coordinates": [ 116.47417983, 39.80172427 ] } },
{ "type": "Feature", "properties": { "station_id": 2780, "name": "同济地铁站", "capacity": 20 }, "geometry": { "type": "Point", "coordinates": [ 116.53473187, 39.7725777 ] } },
{ "type": "Feature", "properties": { "station_id": 2781, "name": "中国杂技团站", "capacity": 20 }, "geometry": { "type": "Point", "coordinates": [ 116.52717838, 39.77624771 ] } },
{ "type": "Feature", "properties": { "station_id": 2782, "name": "开发区城管大队站", "capacity": 20 }, "geometry": { "type": "Point", "coordinates": [ 116.52043754, 39.81649082 ] } },
{ "type": "Feature", "properties": { "station_id": 2783, "name": "997公交车总站", "capacity": 20 }, "geometry": { "type": "Point", "coordinates": [ 116.51271233, 39.8186436 ] } },
{ "type": "Feature", "properties": { "station_id": 2784, "name": "荣昌东街地铁站", "capacity": 20 }, "geometry": { "type": "Point", "coordinates": [ 116.42228257, 39.84366883 ] } },
{ "type": "Feature", "properties": { "station_id": 2785, "name": "汇龙森工业园站", "capacity": 20 }, "geometry": { "type": "Point", "coordinates": [ 116.51577945, 39.78168316 ] } },
{ "type": "Feature", "properties": { "station_id": 2786, "name": "经海路站", "capacity": 20 }, "geometry": { "type": "Point", "coordinates": [ 116.55641148, 39.78256039 ] } },
{ "type": "Feature", "properties": { "station_id": 2787, "name": "开发区公安局站", "capacity": 20 }, "geometry": { "type": "Point", "coordinates": [ 116.50737093, 39.79182061 ] } },
{ "type": "Feature", "properties": { "station_id": 2788, "name": "富士康站", "capacity": 20 }, "geometry": { "type": "Point", "coordinates": [ 116.53402802, 39.77191617 ] } },
{ "type": "Feature", "properties": { "station_id": 2789, "name": "京东方八代线南门", "capacity": 20 }, "geometry": { "type": "Point", "coordinates": [ 116.55264207, 39.78967186 ] } },
{ "type": "Feature", "properties": { "station_id": 2790, "name": "亦庄文化园站", "capacity": 20 }, "geometry": { "type": "Point", "coordinates": [ 116.48454019, 39.80561823 ] } },
{ "type": "Feature", "properties": { "station_id": 2791, "name": "万源街地铁站", "capacity": 20 }, "geometry": { "type": "Point", "coordinates": [ 116.49942847, 39.80177183 ] } },
{ "type": "Feature", "properties": { "station_id": 2792, "name": "旧宫地铁站", "capacity": 20 }, "geometry": { "type": "Point", "coordinates": [ 116.44871943, 39.81591779 ] } },
{ "type": "Feature", "properties": { "station_id": 2793, "name": "富源里站", "capacity": 20 }, "geometry": { "type": "Point", "coordinates": [ 116.4745094, 39.79917337 ] } },
{ "type": "Feature", "properties": { "station_id": 2794, "name": "新康家园站", "capacity": 20 }, "geometry": { "type": "Point", "coordinates": [ 116.48467865, 39.80066755 ] } },
{ "type": "Feature", "properties": { "station_id": 2795, "name": "北工大软件园东门", "capacity": 20 }, "geometry": { "type": "Point", "coordinates": [ 116.49377135, 39.78246567 ] } },
{ "type": "Feature", "properties": { "station_id": 2796, "name": "美廉美超市站", "capacity": 20 }, "geometry": { "type": "Point", "coordinates": [ 116.49604411, 39.79681067 ] } },
{ "type": "Feature", "properties": { "station_id": 2797, "name": "贵园南里甲区北门", "capacity": 20 }, "geometry": { "type": "Point", "coordinates": [ 116.4753449, 39.79222593 ] } },
{ "type": "Feature", "properties": { "station_id": 2798, "name": "天宝家园站", "capacity": 20 }, "geometry": { "type": "Point", "coordinates": [ 116.48126453, 39.78960726 ] } },
{ "type": "Feature", "properties": { "station_id": 2799, "name": "金地格林小镇西门", "capacity": 20 }, "geometry": { "type": "Point", "coordinates": [ 116.48860116, 39.78872489 ] } },
{ "type": "Feature", "properties": { "station_id": 2800, "name": "卡尔生活馆北门站", "capacity": 20 }, "geometry": { "type": "Point", "coordinates": [ 116.48860116, 39.78872489 ] } },
{ "type": "Feature", "properties": { "station_id": 2801, "name": "同仁医院站", "capacity": 20 }, "geometry": { "type": "Point", "coordinates": [ 116.40128192, 39.90262654 ] } },
{ "type": "Feature", "properties": { "station_id": 2802, "name": "开发区实验学校站", "capacity": 20 }, "geometry": { "type": "Point", "coordinates": [ 116.48336979, 39.79516716 ] } },
{ "type": "Feature", "properties": { "station_id": 2803, "name": "博兴街道办事处站", "capacity": 20 }, "geometry": { "type": "Point", "coordinates": [ 116.49322238, 39.76274392 ] } },
{ "type": "Feature", "properties": { "station_id": 2804, "name": "南海子公园南门", "capacity": 20 }, "geometry": { "type": "Point", "coordinates": [ 116.28373071, 40.21122299 ] } },
{ "type": "Feature", "properties": { "station_id": 2805, "name": "国家康复医院站", "capacity": 20 }, "geometry": { "type": "Point", "coordinates": [ 116.80902796, 40.15729255 ] } },
{ "type": "Feature", "properties": { "station_id": 2806, "name": "大雄城市花园东门", "capacity": 20 }, "geometry": { "type": "Point", "coordinates": [ 116.48859206, 39.80032821 ] } },
{ "type": "Feature", "properties": { "station_id": 2807, "name": "一栋洋房东门站", "capacity": 20 }, "geometry": { "type": "Point", "coordinates": [ 116.40128192, 39.90262654 ] } },
{ "type": "Feature", "properties": { "station_id": 2808, "name": "东晶国际南门", "capacity": 20 }, "geometry": { "type": "Point", "coordinates": [ 116.48765798, 39.79842587 ] } },
{ "type": "Feature", "properties": { "station_id": 2809, "name": "大雄郁金香北门站", "capacity": 20 }, "geometry": { "type": "Point", "coordinates": [ 116.49735389, 39.79517058 ] } },
{ "type": "Feature", "properties": { "station_id": 2810, "name": "博大公园南门站", "capacity": 40 }, "geometry": { "type": "Point", "coordinates": [ 116.49735389, 39.79517058 ] } },
{ "type": "Feature", "properties": { "station_id": 2811, "name": "金地格林小镇东门", "capacity": 20 }, "geometry": { "type": "Point", "coordinates": [ 116.49259083, 39.79157085 ] } },
{ "type": "Feature", "properties": { "station_id": 2812, "name": "亦庄创意广场站", "capacity": 32 }, "geometry": { "type": "Point", "coordinates": [ 116.19775548, 39.92122484 ] } },
{ "type": "Feature", "properties": { "station_id": 2813, "name": "松下电气站", "capacity": 20 }, "geometry": { "type": "Point", "coordinates": [ 116.50921476, 39.80489787 ] } },
{ "type": "Feature", "properties": { "station_id": 2814, "name": "力宝西门站", "capacity": 20 }, "geometry": { "type": "Point", "coordinates": [ 116.49381456, 39.80463116 ] } },
{ "type": "Feature", "properties": { "station_id": 2815, "name": "宏达工业园", "capacity": 30 }, "geometry": { "type": "Point", "coordinates": [ 116.50255291, 39.80232274 ] } },
{ "type": "Feature", "properties": { "station_id": 2816, "name": "永昌工业园站", "capacity": 20 }, "geometry": { "type": "Point", "coordinates": [ 116.5040921, 39.80274304 ] } },
{ "type": "Feature", "properties": { "station_id": 2817, "name": "安快创业谷站", "capacity": 20 }, "geometry": { "type": "Point", "coordinates": [ 116.80902796, 40.15729255 ] } },
{ "type": "Feature", "properties": { "station_id": 2818, "name": "开发区海关站", "capacity": 20 }, "geometry": { "type": "Point", "coordinates": [ 116.60506169, 40.09244287 ] } },
{ "type": "Feature", "properties": { "station_id": 2819, "name": "创新大厦西门", "capacity": 16 }, "geometry": { "type": "Point", "coordinates": [ 116.50301284, 39.7986699 ] } },
{ "type": "Feature", "properties": { "station_id": 2820, "name": "经济日报站", "capacity": 20 }, "geometry": { "type": "Point", "coordinates": [ 116.50756142, 39.79955292 ] } },
{ "type": "Feature", "properties": { "station_id": 2821, "name": "丰大国际站", "capacity": 20 }, "geometry": { "type": "Point", "coordinates": [ 116.50264573, 39.79476289 ] } },
{ "type": "Feature", "properties": { "station_id": 2822, "name": "眉州东坡", "capacity": 20 }, "geometry": { "type": "Point", "coordinates": [ 116.50437623, 39.79634333 ] } },
{ "type": "Feature", "properties": { "station_id": 2823, "name": "荣华街道办事处站", "capacity": 20 }, "geometry": { "type": "Point", "coordinates": [ 116.49071564, 39.78248326 ] } },
{ "type": "Feature", "properties": { "station_id": 2824, "name": "数码庄园站", "capacity": 20 }, "geometry": { "type": "Point", "coordinates": [ 116.49377135, 39.78246567 ] } },
{ "type": "Feature", "properties": { "station_id": 2825, "name": "SMC二工厂站", "capacity": 20 }, "geometry": { "type": "Point", "coordinates": [ 116.81177437, 40.1383138 ] } },
{ "type": "Feature", "properties": { "station_id": 2826, "name": "百泰生物站", "capacity": 20 }, "geometry": { "type": "Point", "coordinates": [ 116.36660828, 39.85931892 ] } },
{ "type": "Feature", "properties": { "station_id": 2827, "name": "君安国际站", "capacity": 20 }, "geometry": { "type": "Point", "coordinates": [ 116.50316718, 39.78907338 ] } },
{ "type": "Feature", "properties": { "station_id": 2828, "name": "中信新城北门", "capacity": 20 }, "geometry": { "type": "Point", "coordinates": [ 116.47741349, 39.78337107 ] } },
{ "type": "Feature", "properties": { "station_id": 2829, "name": "同仁医院西门站", "capacity": 20 }, "geometry": { "type": "Point", "coordinates": [ 116.51255674, 39.77621193 ] } },
{ "type": "Feature", "properties": { "station_id": 2830, "name": "晓康东里东门站", "capacity": 20 }, "geometry": { "type": "Point", "coordinates": [ 116.51842377, 39.81960554 ] } },
{ "type": "Feature", "properties": { "station_id": 2831, "name": "锋创科技园", "capacity": 20 }, "geometry": { "type": "Point", "coordinates": [ 116.55979734, 39.78105873 ] } },
{ "type": "Feature", "properties": { "station_id": 2832, "name": "企业大道南区站", "capacity": 20 }, "geometry": { "type": "Point", "coordinates": [ 116.51113096, 39.78927203 ] } },
{ "type": "Feature", "properties": { "station_id": 2833, "name": "红星医院站", "capacity": 30 }, "geometry": { "type": "Point", "coordinates": [ 116.80902796, 40.15729255 ] } },
{ "type": "Feature", "properties": { "station_id": 2834, "name": "昆仑燃气", "capacity": 20 }, "geometry": { "type": "Point", "coordinates": [ 116.40128192, 39.90262654 ] } },
{ "type": "Feature", "properties": { "station_id": 2835, "name": "汇龙森科技园站", "capacity": 20 }, "geometry": { "type": "Point", "coordinates": [ 116.52687366, 39.76451024 ] } },
{ "type": "Feature", "properties": { "station_id": 2836, "name": "嘉捷科技园", "capacity": 20 }, "geometry": { "type": "Point", "coordinates": [ 116.52609171, 39.77490228 ] } },
{ "type": "Feature", "properties": { "station_id": 2837, "name": "康盛科技园", "capacity": 20 }, "geometry": { "type": "Point", "coordinates": [ 116.53024036, 39.77040419 ] } },
{ "type": "Feature", "properties": { "station_id": 2838, "name": "亦庄医院站", "capacity": 14 }, "geometry": { "type": "Point", "coordinates": [ 116.47586483, 39.79832661 ] } },
{ "type": "Feature", "properties": { "station_id": 2839, "name": "贵园东里东门站", "capacity": 20 }, "geometry": { "type": "Point", "coordinates": [ 116.48130195, 39.79665253 ] } },
{ "type": "Feature", "properties": { "station_id": 2840, "name": "亦庄文体中心站", "capacity": 20 }, "geometry": { "type": "Point", "coordinates": [ 116.47166898, 39.79686914 ] } },
{ "type": "Feature", "properties": { "station_id": 2841, "name": "贵园南里乙区北门", "capacity": 20 }, "geometry": { "type": "Point", "coordinates": [ 116.40128192, 39.90262654 ] } },
{ "type": "Feature", "properties": { "station_id": 2842, "name": "贵园南里丙区北门", "capacity": 20 }, "geometry": { "type": "Point", "coordinates": [ 116.47723642, 39.79098785 ] } },
{ "type": "Feature", "properties": { "station_id": 2843, "name": "中信西区东门站", "capacity": 20 }, "geometry": { "type": "Point", "coordinates": [ 116.12069143, 39.86353546 ] } },
{ "type": "Feature", "properties": { "station_id": 2844, "name": "中信保障房站", "capacity": 20 }, "geometry": { "type": "Point", "coordinates": [ 116.12069143, 39.86353546 ] } },
{ "type": "Feature", "properties": { "station_id": 2845, "name": "赢海庄园东门站", "capacity": 20 }, "geometry": { "type": "Point", "coordinates": [ 116.48143423, 39.77978959 ] } },
{ "type": "Feature", "properties": { "station_id": 2846, "name": "好景国际站", "capacity": 20 }, "geometry": { "type": "Point", "coordinates": [ 116.49512089, 39.76897837 ] } },
{ "type": "Feature", "properties": { "station_id": 2847, "name": "亦园北门站", "capacity": 20 }, "geometry": { "type": "Point", "coordinates": [ 116.50299345, 39.76949382 ] } },
{ "type": "Feature", "properties": { "station_id": 2848, "name": "悦廷西门站", "capacity": 20 }, "geometry": { "type": "Point", "coordinates": [ 116.37190334, 39.8643598 ] } },
{ "type": "Feature", "properties": { "station_id": 2849, "name": "亦庄医院南院站", "capacity": 20 }, "geometry": { "type": "Point", "coordinates": [ 116.41008407, 39.9016842 ] } },
{ "type": "Feature", "properties": { "station_id": 2850, "name": "中芯花园站", "capacity": 20 }, "geometry": { "type": "Point", "coordinates": [ 116.49983117, 39.76547178 ] } },
{ "type": "Feature", "properties": { "station_id": 2851, "name": "泰河园四里西门站", "capacity": 20 }, "geometry": { "type": "Point", "coordinates": [ 116.49612475, 39.76392739 ] } },
{ "type": "Feature", "properties": { "station_id": 2852, "name": "大族企业湾北门西", "capacity": 20 }, "geometry": { "type": "Point", "coordinates": [ 116.50231257, 39.76399918 ] } },
{ "type": "Feature", "properties": { "station_id": 2853, "name": "大族企业湾北门东", "capacity": 20 }, "geometry": { "type": "Point", "coordinates": [ 116.40128192, 39.90262654 ] } },
{ "type": "Feature", "properties": { "station_id": 2854, "name": "南海家园四里北门", "capacity": 20 }, "geometry": { "type": "Point", "coordinates": [ 116.80902796, 40.15729255 ] } },
{ "type": "Feature", "properties": { "station_id": 2855, "name": "南海家园四里南门", "capacity": 20 }, "geometry": { "type": "Point", "coordinates": [ 116.40128192, 39.90262654 ] } },
{ "type": "Feature", "properties": { "station_id": 2856, "name": "南海家园二里西门", "capacity": 20 }, "geometry": { "type": "Point", "coordinates": [ 116.40128192, 39.90262654 ] } },
{ "type": "Feature", "properties": { "station_id": 2857, "name": "南海家园二里南门", "capacity": 20 }, "geometry": { "type": "Point", "coordinates": [ 116.40128192, 39.90261509 ] } },
{ "type": "Feature", "properties": { "station_id": 2858, "name": "南海家园二里东门", "capacity": 20 }, "geometry": { "type": "Point", "coordinates": [ 116.40128192, 39.90262654 ] } },
{ "type": "Feature", "properties": { "station_id": 2859, "name": "南海家园五里东门", "capacity": 20 }, "geometry": { "type": "Point", "coordinates": [ 116.40128955, 39.90262654 ] } },
{ "type": "Feature", "properties": { "station_id": 2860, "name": "南海家园六里南门", "capacity": 20 }, "geometry": { "type": "Point", "coordinates": [ 116.80902796, 40.15728874 ] } },
{ "type": "Feature", "properties": { "station_id": 2861, "name": "南海家园七里北门", "capacity": 20 }, "geometry": { "type": "Point", "coordinates": [ 116.40128192, 39.90262654 ] } },
{ "type": "Feature", "properties": { "station_id": 2862, "name": "南海家园三里东门", "capacity": 20 }, "geometry": { "type": "Point", "coordinates": [ 116.49317655, 39.76173681 ] } },
{ "type": "Feature", "properties": { "station_id": 2863, "name": "南海家园六里东门", "capacity": 20 }, "geometry": { "type": "Point", "coordinates": [ 116.40128192, 39.90262654 ] } },
{ "type": "Feature", "properties": { "station_id": 2864, "name": "鹿海园五里北门站", "capacity": 20 }, "geometry": { "type": "Point", "coordinates": [ 116.49446362, 39.7580484 ] } },
{ "type": "Feature", "properties": { "station_id": 2865, "name": "鹿海园一里南门站", "capacity": 20 }, "geometry": { "type": "Point", "coordinates": [ 116.40128192, 39.90262654 ] } },
{ "type": "Feature", "properties": { "station_id": 2866, "name": "首航超市鹿海园店", "capacity": 16 }, "geometry": { "type": "Point", "coordinates": [ 116.24577544, 39.8748233 ] } },
{ "type": "Feature", "properties": { "station_id": 2867, "name": "鹿海园五里北门站", "capacity": 20 }, "geometry": { "type": "Point", "coordinates": [ 116.49446362, 39.7580484 ] } },
{ "type": "Feature", "properties": { "station_id": 2868, "name": "博客雅苑站", "capacity": 20 }, "geometry": { "type": "Point", "coordinates": [ 116.40128192, 39.90262654 ] } },
{ "type": "Feature", "properties": { "station_id": 2869, "name": "东方医院站", "capacity": 20 }, "geometry": { "type": "Point", "coordinates": [ 116.4788335, 39.75632776 ] } },
{ "type": "Feature", "properties": { "station_id": 2870, "name": "瀛海家园逸园东门", "capacity": 20 }, "geometry": { "type": "Point", "coordinates": [ 116.40128192, 39.90262654 ] } },
{ "type": "Feature", "properties": { "station_id": 2871, "name": "瀛海家园融园北门", "capacity": 20 }, "geometry": { "type": "Point", "coordinates": [ 116.40128192, 39.90263798 ] } },
{ "type": "Feature", "properties": { "station_id": 2872, "name": "瀛海家园和园东门", "capacity": 20 }, "geometry": { "type": "Point", "coordinates": [ 116.40128955, 39.90262654 ] } },
{ "type": "Feature", "properties": { "station_id": 2873, "name": "瀛海家园瑞园北门", "capacity": 20 }, "geometry": { "type": "Point", "coordinates": [ 116.40128192, 39.90262654 ] } },
{ "type": "Feature", "properties": { "station_id": 2874, "name": "兴海园北门站", "capacity": 20 }, "geometry": { "type": "Point", "coordinates": [ 116.3071088, 40.02844705 ] } },
{ "type": "Feature", "properties": { "station_id": 2875, "name": "瀛海地税站", "capacity": 20 }, "geometry": { "type": "Point", "coordinates": [ 116.44637752, 39.76153512 ] } },
{ "type": "Feature", "properties": { "station_id": 2876, "name": "三槐家园站", "capacity": 20 }, "geometry": { "type": "Point", "coordinates": [ 116.40128192, 39.90262654 ] } },
{ "type": "Feature", "properties": { "station_id": 2877, "name": "瀛海卫生院站", "capacity": 20 }, "geometry": { "type": "Point", "coordinates": [ 116.40128192, 39.90262654 ] } },
{ "type": "Feature", "properties": { "station_id": 2878, "name": "红星中学", "capacity": 20 }, "geometry": { "type": "Point", "coordinates": [ 116.80902796, 40.15729255 ] } },
{ "type": "Feature", "properties": { "station_id": 2879, "name": "三元工业园", "capacity": 20 }, "geometry": { "type": "Point", "coordinates": [ 116.40128192, 39.90262654 ] } },
{ "type": "Feature", "properties": { "station_id": 2880, "name": "瀛海行政服务中心", "capacity": 20 }, "geometry": { "type": "Point", "coordinates": [ 116.54420078, 39.97407163 ] } },
{ "type": "Feature", "properties": { "station_id": 2881, "name": "兴海大厦站", "capacity": 20 }, "geometry": { "type": "Point", "coordinates": [ 116.30309905, 39.88812901 ] } },
{ "type": "Feature", "properties": { "station_id": 2882, "name": "金色漫香林站", "capacity": 20 }, "geometry": { "type": "Point", "coordinates": [ 116.5177648, 39.82426115 ] } },
{ "type": "Feature", "properties": { "station_id": 2883, "name": "小大人幼儿园", "capacity": 20 }, "geometry": { "type": "Point", "coordinates": [ 116.51830112, 39.82084871 ] } },
{ "type": "Feature", "properties": { "station_id": 2884, "name": "三羊里", "capacity": 20 }, "geometry": { "type": "Point", "coordinates": [ 116.40128192, 39.90262654 ] } },
{ "type": "Feature", "properties": { "station_id": 2885, "name": "小康家园", "capacity": 20 }, "geometry": { "type": "Point", "coordinates": [ 116.51558368, 39.81732809 ] } },
{ "type": "Feature", "properties": { "station_id": 2886, "name": "中信保障房西站", "capacity": 20 }, "geometry": { "type": "Point", "coordinates": [ 116.51741214, 39.76568655 ] } },
{ "type": "Feature", "properties": { "station_id": 2887, "name": "北京亦庄实验中学", "capacity": 20 }, "geometry": { "type": "Point", "coordinates": [ 116.48832188, 39.75580255 ] } },
{ "type": "Feature", "properties": { "station_id": 2888, "name": "电子科技学院东北", "capacity": 20 }, "geometry": { "type": "Point", "coordinates": [ 116.27373571, 39.83593684 ] } },
{ "type": "Feature", "properties": { "station_id": 2889, "name": "中航科技工业园站", "capacity": 20 }, "geometry": { "type": "Point", "coordinates": [ 116.5248558, 39.80448334 ] } },
{ "type": "Feature", "properties": { "station_id": 2890, "name": "嘉捷BOX企业汇", "capacity": 20 }, "geometry": { "type": "Point", "coordinates": [ 116.53038895, 39.80714837 ] } },
{ "type": "Feature", "properties": { "station_id": 2891, "name": "OBE站", "capacity": 20 }, "geometry": { "type": "Point", "coordinates": [ 116.40128192, 39.90262654 ] } },
{ "type": "Feature", "properties": { "station_id": 2892, "name": "金域东郡站", "capacity": 20 }, "geometry": { "type": "Point", "coordinates": [ 116.48175924, 39.75254486 ] } },
{ "type": "Feature", "properties": { "station_id": 2893, "name": "永旭嘉园站", "capacity": 20 }, "geometry": { "type": "Point", "coordinates": [ 116.43012015, 39.75359487 ] } },
{ "type": "Feature", "properties": { "station_id": 2894, "name": "经开壹中心南门站", "capacity": 20 }, "geometry": { "type": "Point", "coordinates": [ 116.34116138, 39.8234098 ] } },
{ "type": "Feature", "properties": { "station_id": 2895, "name": "林肯公园B区西门", "capacity": 20 }, "geometry": { "type": "Point", "coordinates": [ 116.48931931, 39.80271056 ] } },
{ "type": "Feature", "properties": { "station_id": 2896, "name": "嘉捷BDA企业汇站", "capacity": 20 }, "geometry": { "type": "Point", "coordinates": [ 116.40128192, 39.90262654 ] } },
{ "type": "Feature", "properties": { "station_id": 2897, "name": "BDA国际广场站", "capacity": 20 }, "geometry": { "type": "Point", "coordinates": [ 116.49326582, 39.78301343 ] } },
{ "type": "Feature", "properties": { "station_id": 2898, "name": "庑殿家苑西区东门", "capacity": 20 }, "geometry": { "type": "Point", "coordinates": [ 116.53038895, 39.80714837 ] } },
{ "type": "Feature", "properties": { "station_id": 2899, "name": "庑殿家苑北区西门", "capacity": 20 }, "geometry": { "type": "Point", "coordinates": [ 116.42642018, 39.81775864 ] } },
{ "type": "Feature", "properties": { "station_id": 2900, "name": "庑殿家苑南区北门", "capacity": 20 }, "geometry": { "type": "Point", "coordinates": [ 116.42708497, 39.81890005 ] } },
{ "type": "Feature", "properties": { "station_id": 2901, "name": "成和园东门", "capacity": 20 }, "geometry": { "type": "Point", "coordinates": [ 116.37087024, 39.83859023 ] } },
{ "type": "Feature", "properties": { "station_id": 2902, "name": "旧宫镇政府站", "capacity": 20 }, "geometry": { "type": "Point", "coordinates": [ 116.4394422, 39.80299483 ] } },
{ "type": "Feature", "properties": { "station_id": 2903, "name": "美丽新世界南门", "capacity": 20 }, "geometry": { "type": "Point", "coordinates": [ 116.43974685, 39.81307306 ] } },
{ "type": "Feature", "properties": { "station_id": 2904, "name": "永辉超市站", "capacity": 30 }, "geometry": { "type": "Point", "coordinates": [ 116.63127454, 39.88004635 ] } },
{ "type": "Feature", "properties": { "station_id": 2905, "name": "德林园南门站", "capacity": 20 }, "geometry": { "type": "Point", "coordinates": [ 116.40128192, 39.90262654 ] } },
{ "type": "Feature", "properties": { "station_id": 2906, "name": "碧海公园站", "capacity": 20 }, "geometry": { "type": "Point", "coordinates": [ 116.43708598, 39.80931484 ] } },
{ "type": "Feature", "properties": { "station_id": 2907, "name": "旧宫医院站", "capacity": 20 }, "geometry": { "type": "Point", "coordinates": [ 116.43841698, 39.80637251 ] } },
{ "type": "Feature", "properties": { "station_id": 2908, "name": "红星楼小区东门站", "capacity": 20 }, "geometry": { "type": "Point", "coordinates": [ 116.33588244, 39.909768 ] } },
{ "type": "Feature", "properties": { "station_id": 2909, "name": "德贤路公交站", "capacity": 20 }, "geometry": { "type": "Point", "coordinates": [ 116.4242009, 39.78095074 ] } },
{ "type": "Feature", "properties": { "station_id": 2910, "name": "清乐园北门站", "capacity": 20 }, "geometry": { "type": "Point", "coordinates": [ 116.42676616, 39.80154786 ] } },
{ "type": "Feature", "properties": { "station_id": 2911, "name": "清欣园西南门", "capacity": 20 }, "geometry": { "type": "Point", "coordinates": [ 116.43433395, 39.80368387 ] } },
{ "type": "Feature", "properties": { "station_id": 2912, "name": "清逸西园东门站", "capacity": 20 }, "geometry": { "type": "Point", "coordinates": [ 116.43870053, 39.80172708 ] } },
{ "type": "Feature", "properties": { "station_id": 2913, "name": "旧宫镇政府旧址站", "capacity": 30 }, "geometry": { "type": "Point", "coordinates": [ 116.37166087, 39.91334605 ] } },
{ "type": "Feature", "properties": { "station_id": 2914, "name": "佳和园新区南门站", "capacity": 20 }, "geometry": { "type": "Point", "coordinates": [ 116.4395109, 39.80402485 ] } },
{ "type": "Feature", "properties": { "station_id": 2915, "name": "旧宫中学站", "capacity": 20 }, "geometry": { "type": "Point", "coordinates": [ 116.4555088, 39.86116522 ] } },
{ "type": "Feature", "properties": { "station_id": 2916, "name": "金色漫香林南门站", "capacity": 20 }, "geometry": { "type": "Point", "coordinates": [ 116.51975544, 39.82285144 ] } },
{ "type": "Feature", "properties": { "station_id": 2917, "name": "旧宫新苑北区东门", "capacity": 20 }, "geometry": { "type": "Point", "coordinates": [ 116.44640298, 39.80237165 ] } },
{ "type": "Feature", "properties": { "station_id": 2918, "name": "美然绿色家园西门", "capacity": 20 }, "geometry": { "type": "Point", "coordinates": [ 116.41542821, 39.85594837 ] } },
{ "type": "Feature", "properties": { "station_id": 2919, "name": "富力盛悦居", "capacity": 20 }, "geometry": { "type": "Point", "coordinates": [ 116.4473974, 39.80350664 ] } },
{ "type": "Feature", "properties": { "station_id": 2920, "name": "朗润园西门", "capacity": 20 }, "geometry": { "type": "Point", "coordinates": [ 116.45346562, 39.79934731 ] } },
{ "type": "Feature", "properties": { "station_id": 2921, "name": "旧宫新苑东门", "capacity": 20 }, "geometry": { "type": "Point", "coordinates": [ 116.44987706, 39.79769893 ] } },
{ "type": "Feature", "properties": { "station_id": 2922, "name": "旧宫新苑南门", "capacity": 20 }, "geometry": { "type": "Point", "coordinates": [ 116.40128192, 39.90262654 ] } },
{ "type": "Feature", "properties": { "station_id": 2923, "name": "五环国际", "capacity": 20 }, "geometry": { "type": "Point", "coordinates": [ 116.44820983, 39.79196988 ] } },
{ "type": "Feature", "properties": { "station_id": 2924, "name": "住总万科广场站", "capacity": 20 }, "geometry": { "type": "Point", "coordinates": [ 116.44825313, 39.81264781 ] } },
{ "type": "Feature", "properties": { "station_id": 2925, "name": "朗润园北门", "capacity": 20 }, "geometry": { "type": "Point", "coordinates": [ 116.44039809, 39.80395785 ] } },
{ "type": "Feature", "properties": { "station_id": 2926, "name": "中冶京城站", "capacity": 20 }, "geometry": { "type": "Point", "coordinates": [ 116.53624684, 39.7723142 ] } },
{ "type": "Feature", "properties": { "station_id": 2927, "name": "新城嘉园A区", "capacity": 20 }, "geometry": { "type": "Point", "coordinates": [ 116.3071112, 39.52043385 ] } },
{ "type": "Feature", "properties": { "station_id": 2928, "name": "新城嘉园D区", "capacity": 20 }, "geometry": { "type": "Point", "coordinates": [ 116.30357125, 39.51870894 ] } },
{ "type": "Feature", "properties": { "station_id": 2929, "name": "科德学院北门", "capacity": 20 }, "geometry": { "type": "Point", "coordinates": [ 116.30343478, 39.51406814 ] } },
{ "type": "Feature", "properties": { "station_id": 2930, "name": "榆垡中学", "capacity": 20 }, "geometry": { "type": "Point", "coordinates": [ 116.31044642, 39.51387987 ] } },
{ "type": "Feature", "properties": { "station_id": 2931, "name": "华联超市", "capacity": 20 }, "geometry": { "type": "Point", "coordinates": [ 116.30982381, 39.50066353 ] } },
{ "type": "Feature", "properties": { "station_id": 2932, "name": "榆垡镇政府", "capacity": 20 }, "geometry": { "type": "Point", "coordinates": [ 116.30982381, 39.50066353 ] } },
{ "type": "Feature", "properties": { "station_id": 2933, "name": "科德学院南门", "capacity": 20 }, "geometry": { "type": "Point", "coordinates": [ 116.30335922, 39.50936624 ] } },
{ "type": "Feature", "properties": { "station_id": 2934, "name": "椿榕园", "capacity": 20 }, "geometry": { "type": "Point", "coordinates": [ 116.31018057, 39.5090296 ] } },
{ "type": "Feature", "properties": { "station_id": 2935, "name": "榆垡工商所", "capacity": 20 }, "geometry": { "type": "Point", "coordinates": [ 116.30982381, 39.50066353 ] } },
{ "type": "Feature", "properties": { "station_id": 2936, "name": "榆垡物美", "capacity": 20 }, "geometry": { "type": "Point", "coordinates": [ 116.31018057, 39.5090296 ] } },
{ "type": "Feature", "properties": { "station_id": 2937, "name": "农商银行", "capacity": 22 }, "geometry": { "type": "Point", "coordinates": [ 116.30820886, 39.5090981 ] } },
{ "type": "Feature", "properties": { "station_id": 2938, "name": "大兴区人民医院南", "capacity": 20 }, "geometry": { "type": "Point", "coordinates": [ 116.30820886, 39.5090981 ] } },
{ "type": "Feature", "properties": { "station_id": 2939, "name": "榆垡社保中心", "capacity": 20 }, "geometry": { "type": "Point", "coordinates": [ 116.40128192, 39.90262654 ] } },
{ "type": "Feature", "properties": { "station_id": 2940, "name": "榆垡建设银行", "capacity": 18 }, "geometry": { "type": "Point", "coordinates": [ 116.40128192, 39.90262654 ] } },
{ "type": "Feature", "properties": { "station_id": 2941, "name": "新城嘉园B区", "capacity": 20 }, "geometry": { "type": "Point", "coordinates": [ 116.30711085, 39.52327493 ] } },
{ "type": "Feature", "properties": { "station_id": 2942, "name": "移动公司站", "capacity": 20 }, "geometry": { "type": "Point", "coordinates": [ 116.6287296, 40.33152401 ] } },
{ "type": "Feature", "properties": { "station_id": 2943, "name": "红螺家园站", "capacity": 24 }, "geometry": { "type": "Point", "coordinates": [ 116.62422818, 40.34421789 ] } },
{ "type": "Feature", "properties": { "station_id": 2944, "name": "人民法院站", "capacity": 30 }, "geometry": { "type": "Point", "coordinates": [ 116.624857, 40.30853637 ] } },
{ "type": "Feature", "properties": { "station_id": 2945, "name": "乐红园站", "capacity": 34 }, "geometry": { "type": "Point", "coordinates": [ 116.62807379, 40.34006745 ] } },
{ "type": "Feature", "properties": { "station_id": 2946, "name": "大中富乐村口站", "capacity": 36 }, "geometry": { "type": "Point", "coordinates": [ 116.63439186, 40.3431816 ] } },
{ "type": "Feature", "properties": { "station_id": 2947, "name": "劳动局站", "capacity": 38 }, "geometry": { "type": "Point", "coordinates": [ 116.63968966, 40.33943199 ] } },
{ "type": "Feature", "properties": { "station_id": 2948, "name": "京北职校站", "capacity": 40 }, "geometry": { "type": "Point", "coordinates": [ 116.63611278, 40.33743944 ] } },
{ "type": "Feature", "properties": { "station_id": 2949, "name": "交通支队站", "capacity": 24 }, "geometry": { "type": "Point", "coordinates": [ 116.62539398, 40.33788963 ] } },
{ "type": "Feature", "properties": { "station_id": 2950, "name": "老干部活动中心站", "capacity": 34 }, "geometry": { "type": "Point", "coordinates": [ 116.28212924, 39.86025915 ] } },
{ "type": "Feature", "properties": { "station_id": 2951, "name": "怀柔区民政局站", "capacity": 30 }, "geometry": { "type": "Point", "coordinates": [ 116.62785367, 40.33472105 ] } },
{ "type": "Feature", "properties": { "station_id": 2952, "name": "湖滨花园站", "capacity": 40 }, "geometry": { "type": "Point", "coordinates": [ 116.61945464, 40.33344242 ] } },
{ "type": "Feature", "properties": { "station_id": 2953, "name": "工商局站", "capacity": 28 }, "geometry": { "type": "Point", "coordinates": [ 116.18166127, 39.93406483 ] } },
{ "type": "Feature", "properties": { "station_id": 2954, "name": "妇幼保健院站", "capacity": 30 }, "geometry": { "type": "Point", "coordinates": [ 116.63398963, 40.33349943 ] } },
{ "type": "Feature", "properties": { "station_id": 2955, "name": "第六小学站", "capacity": 36 }, "geometry": { "type": "Point", "coordinates": [ 116.63772634, 40.33742542 ] } },
{ "type": "Feature", "properties": { "station_id": 2956, "name": "农发地站", "capacity": 36 }, "geometry": { "type": "Point", "coordinates": [ 116.33077894, 39.81495328 ] } },
{ "type": "Feature", "properties": { "station_id": 2957, "name": "北斜街南口站", "capacity": 36 }, "geometry": { "type": "Point", "coordinates": [ 116.62614136, 40.32828971 ] } },
{ "type": "Feature", "properties": { "station_id": 2958, "name": "怀柔区委党校", "capacity": 28 }, "geometry": { "type": "Point", "coordinates": [ 116.62915689, 40.32387701 ] } },
{ "type": "Feature", "properties": { "station_id": 2959, "name": "于家园办公楼站", "capacity": 32 }, "geometry": { "type": "Point", "coordinates": [ 116.63813039, 40.33203991 ] } },
{ "type": "Feature", "properties": { "station_id": 2960, "name": "于家园汽车总站", "capacity": 44 }, "geometry": { "type": "Point", "coordinates": [ 116.63949298, 40.32983339 ] } },
{ "type": "Feature", "properties": { "station_id": 2961, "name": "下元站综合市场站", "capacity": 36 }, "geometry": { "type": "Point", "coordinates": [ 116.64170033, 40.32702666 ] } },
{ "type": "Feature", "properties": { "station_id": 2962, "name": "华嘉学院站", "capacity": 44 }, "geometry": { "type": "Point", "coordinates": [ 116.63676103, 40.32703096 ] } },
{ "type": "Feature", "properties": { "station_id": 2963, "name": "潘家园小区站", "capacity": 36 }, "geometry": { "type": "Point", "coordinates": [ 116.62991755, 40.32915025 ] } },
{ "type": "Feature", "properties": { "station_id": 2964, "name": "政君运家具城站", "capacity": 42 }, "geometry": { "type": "Point", "coordinates": [ 116.62425264, 40.33122484 ] } },
{ "type": "Feature", "properties": { "station_id": 2965, "name": "管理服务中心站", "capacity": 16 }, "geometry": { "type": "Point", "coordinates": [ 116.62378876, 40.32618757 ] } },
{ "type": "Feature", "properties": { "station_id": 2966, "name": "怀柔科委站", "capacity": 30 }, "geometry": { "type": "Point", "coordinates": [ 116.6219691, 40.32344393 ] } },
{ "type": "Feature", "properties": { "station_id": 2967, "name": "滨湖小区站", "capacity": 36 }, "geometry": { "type": "Point", "coordinates": [ 116.63253685, 40.32450901 ] } },
{ "type": "Feature", "properties": { "station_id": 2968, "name": "新贤小区站", "capacity": 36 }, "geometry": { "type": "Point", "coordinates": [ 116.62812148, 40.32388989 ] } },
{ "type": "Feature", "properties": { "station_id": 2969, "name": "怀柔区委站", "capacity": 36 }, "geometry": { "type": "Point", "coordinates": [ 116.62631779, 40.31771412 ] } },
{ "type": "Feature", "properties": { "station_id": 2970, "name": "京客隆站", "capacity": 34 }, "geometry": { "type": "Point", "coordinates": [ 116.65691923, 39.88815016 ] } },
{ "type": "Feature", "properties": { "station_id": 2971, "name": "综合行政服务大厅", "capacity": 40 }, "geometry": { "type": "Point", "coordinates": [ 116.63940849, 40.33608791 ] } },
{ "type": "Feature", "properties": { "station_id": 2972, "name": "开利园站", "capacity": 36 }, "geometry": { "type": "Point", "coordinates": [ 116.63966168, 40.31969254 ] } },
{ "type": "Feature", "properties": { "station_id": 2973, "name": "怀柔镇中心幼儿园", "capacity": 34 }, "geometry": { "type": "Point", "coordinates": [ 116.63508742, 40.31980285 ] } },
{ "type": "Feature", "properties": { "station_id": 2974, "name": "金台小区站", "capacity": 40 }, "geometry": { "type": "Point", "coordinates": [ 116.62861683, 40.32004882 ] } },
{ "type": "Feature", "properties": { "station_id": 2975, "name": "市政管委站", "capacity": 20 }, "geometry": { "type": "Point", "coordinates": [ 116.62861683, 40.32004882 ] } },
{ "type": "Feature", "properties": { "station_id": 2976, "name": "农业局站", "capacity": 36 }, "geometry": { "type": "Point", "coordinates": [ 116.62491592, 40.32463017 ] } },
{ "type": "Feature", "properties": { "station_id": 2977, "name": "泉河街道办事处", "capacity": 30 }, "geometry": { "type": "Point", "coordinates": [ 116.62861683, 40.32004882 ] } },
{ "type": "Feature", "properties": { "station_id": 2978, "name": "青春公园站", "capacity": 40 }, "geometry": { "type": "Point", "coordinates": [ 116.6239879, 40.3169048 ] } },
{ "type": "Feature", "properties": { "station_id": 2979, "name": "怀柔区总工会站", "capacity": 34 }, "geometry": { "type": "Point", "coordinates": [ 116.624857, 40.30853637 ] } },
{ "type": "Feature", "properties": { "station_id": 2980, "name": "怀柔区纪委站", "capacity": 60 }, "geometry": { "type": "Point", "coordinates": [ 116.62903596, 40.3168104 ] } },
{ "type": "Feature", "properties": { "station_id": 2981, "name": "怀柔一中", "capacity": 44 }, "geometry": { "type": "Point", "coordinates": [ 116.62279253, 40.31547231 ] } },
{ "type": "Feature", "properties": { "station_id": 2982, "name": "怀柔区人民政府站", "capacity": 28 }, "geometry": { "type": "Point", "coordinates": [ 116.62624958, 40.31520098 ] } },
{ "type": "Feature", "properties": { "station_id": 2983, "name": "怀柔区检察院站", "capacity": 34 }, "geometry": { "type": "Point", "coordinates": [ 116.62918849, 40.31469357 ] } },
{ "type": "Feature", "properties": { "station_id": 2984, "name": "美丽家园站", "capacity": 40 }, "geometry": { "type": "Point", "coordinates": [ 116.64001206, 40.31723212 ] } },
{ "type": "Feature", "properties": { "station_id": 2985, "name": "八方达客运站", "capacity": 50 }, "geometry": { "type": "Point", "coordinates": [ 116.8224463, 40.06859506 ] } },
{ "type": "Feature", "properties": { "station_id": 2986, "name": "东方腾龙建材城站", "capacity": 30 }, "geometry": { "type": "Point", "coordinates": [ 116.64024081, 40.31378795 ] } },
{ "type": "Feature", "properties": { "station_id": 2987, "name": "东苑小区站", "capacity": 38 }, "geometry": { "type": "Point", "coordinates": [ 116.63472271, 40.31465109 ] } },
{ "type": "Feature", "properties": { "station_id": 2988, "name": "商业街东口站", "capacity": 36 }, "geometry": { "type": "Point", "coordinates": [ 116.40128192, 39.90262654 ] } },
{ "type": "Feature", "properties": { "station_id": 2989, "name": "广电中心站", "capacity": 36 }, "geometry": { "type": "Point", "coordinates": [ 116.624857, 40.30853637 ] } },
{ "type": "Feature", "properties": { "station_id": 2990, "name": "康馨家园站", "capacity": 30 }, "geometry": { "type": "Point", "coordinates": [ 116.62920399, 40.31241294 ] } },
{ "type": "Feature", "properties": { "station_id": 2991, "name": "商业街西口站", "capacity": 30 }, "geometry": { "type": "Point", "coordinates": [ 116.62450432, 40.32799436 ] } },
{ "type": "Feature", "properties": { "station_id": 2992, "name": "镜春园站", "capacity": 30 }, "geometry": { "type": "Point", "coordinates": [ 116.62073704, 40.30997914 ] } },
{ "type": "Feature", "properties": { "station_id": 2993, "name": "怀柔区税务局站", "capacity": 30 }, "geometry": { "type": "Point", "coordinates": [ 116.62693993, 40.33544306 ] } },
{ "type": "Feature", "properties": { "station_id": 2994, "name": "世妇会公园站", "capacity": 36 }, "geometry": { "type": "Point", "coordinates": [ 116.6326607, 40.30793823 ] } },
{ "type": "Feature", "properties": { "station_id": 2995, "name": "南华园三区站", "capacity": 30 }, "geometry": { "type": "Point", "coordinates": [ 116.63080367, 40.30469164 ] } },
{ "type": "Feature", "properties": { "station_id": 2996, "name": "中铁十六局站", "capacity": 28 }, "geometry": { "type": "Point", "coordinates": [ 116.6333, 40.30895173 ] } },
{ "type": "Feature", "properties": { "station_id": 2997, "name": "东关二区站", "capacity": 42 }, "geometry": { "type": "Point", "coordinates": [ 116.6378363, 40.31003537 ] } },
{ "type": "Feature", "properties": { "station_id": 2998, "name": "怀柔中医院站", "capacity": 36 }, "geometry": { "type": "Point", "coordinates": [ 116.62784051, 40.31803243 ] } },
{ "type": "Feature", "properties": { "station_id": 2999, "name": "南华市场站", "capacity": 42 }, "geometry": { "type": "Point", "coordinates": [ 116.63546261, 40.30192727 ] } },
{ "type": "Feature", "properties": { "station_id": 3000, "name": "怀柔新医院南门站", "capacity": 40 }, "geometry": { "type": "Point", "coordinates": [ 116.6536709, 40.31528957 ] } },
{ "type": "Feature", "properties": { "station_id": 3001, "name": "怀柔新医院西门站", "capacity": 36 }, "geometry": { "type": "Point", "coordinates": [ 116.6536709, 40.31528957 ] } },
{ "type": "Feature", "properties": { "station_id": 3002, "name": "平谷四中站", "capacity": 54 }, "geometry": { "type": "Point", "coordinates": [ 117.08079846, 40.1311771 ] } },
{ "type": "Feature", "properties": { "station_id": 3003, "name": "环卫中心站", "capacity": 40 }, "geometry": { "type": "Point", "coordinates": [ 117.1029429, 40.11882228 ] } },
{ "type": "Feature", "properties": { "station_id": 3004, "name": "啤酒厂站", "capacity": 40 }, "geometry": { "type": "Point", "coordinates": [ 116.40128192, 39.90262654 ] } },
{ "type": "Feature", "properties": { "station_id": 3005, "name": "滨河小区西站", "capacity": 38 }, "geometry": { "type": "Point", "coordinates": [ 117.10546673, 40.13202504 ] } },
{ "type": "Feature", "properties": { "station_id": 3006, "name": "园田小区站", "capacity": 60 }, "geometry": { "type": "Point", "coordinates": [ 116.84226571, 40.37086735 ] } },
{ "type": "Feature", "properties": { "station_id": 3007, "name": "向阳南街南口站", "capacity": 28 }, "geometry": { "type": "Point", "coordinates": [ 117.11272483, 40.13225904 ] } },
{ "type": "Feature", "properties": { "station_id": 3008, "name": "滨河小区站", "capacity": 50 }, "geometry": { "type": "Point", "coordinates": [ 117.10961062, 40.13211546 ] } },
{ "type": "Feature", "properties": { "station_id": 3009, "name": "南小区南门站", "capacity": 30 }, "geometry": { "type": "Point", "coordinates": [ 116.46836018, 39.86797277 ] } },
{ "type": "Feature", "properties": { "station_id": 3010, "name": "绿都供暖站", "capacity": 36 }, "geometry": { "type": "Point", "coordinates": [ 117.11068688, 40.13160896 ] } },
{ "type": "Feature", "properties": { "station_id": 3011, "name": "林荫家园东门站", "capacity": 36 }, "geometry": { "type": "Point", "coordinates": [ 117.09674662, 40.13402035 ] } },
{ "type": "Feature", "properties": { "station_id": 3012, "name": "林荫家园南门站", "capacity": 30 }, "geometry": { "type": "Point", "coordinates": [ 117.09587733, 40.1326928 ] } },
{ "type": "Feature", "properties": { "station_id": 3013, "name": "国家电网站", "capacity": 32 }, "geometry": { "type": "Point", "coordinates": [ 116.38350056, 39.89924603 ] } },
{ "type": "Feature", "properties": { "station_id": 3014, "name": "青少年活动中心站", "capacity": 30 }, "geometry": { "type": "Point", "coordinates": [ 117.11068688, 40.13160896 ] } },
{ "type": "Feature", "properties": { "station_id": 3015, "name": "海关西园西站", "capacity": 36 }, "geometry": { "type": "Point", "coordinates": [ 117.08322873, 40.13631011 ] } },
{ "type": "Feature", "properties": { "station_id": 3016, "name": "仁和小区站", "capacity": 60 }, "geometry": { "type": "Point", "coordinates": [ 117.0851877, 40.13460825 ] } },
{ "type": "Feature", "properties": { "station_id": 3017, "name": "海关西园东站", "capacity": 30 }, "geometry": { "type": "Point", "coordinates": [ 117.08971568, 40.13527486 ] } },
{ "type": "Feature", "properties": { "station_id": 3018, "name": "金海小区站", "capacity": 50 }, "geometry": { "type": "Point", "coordinates": [ 117.09328409, 40.13529387 ] } },
{ "type": "Feature", "properties": { "station_id": 3019, "name": "林荫家园北门站", "capacity": 40 }, "geometry": { "type": "Point", "coordinates": [ 117.09538888, 40.13525595 ] } },
{ "type": "Feature", "properties": { "station_id": 3020, "name": "党校站", "capacity": 48 }, "geometry": { "type": "Point", "coordinates": [ 117.09909583, 40.13468084 ] } },
{ "type": "Feature", "properties": { "station_id": 3021, "name": "环保局站", "capacity": 28 }, "geometry": { "type": "Point", "coordinates": [ 117.10237608, 40.1355441 ] } },
{ "type": "Feature", "properties": { "station_id": 3022, "name": "大襟胡同站", "capacity": 24 }, "geometry": { "type": "Point", "coordinates": [ 117.10532147, 40.13407326 ] } },
{ "type": "Feature", "properties": { "station_id": 3023, "name": "鼎基公寓站", "capacity": 44 }, "geometry": { "type": "Point", "coordinates": [ 117.10548887, 40.13765119 ] } },
{ "type": "Feature", "properties": { "station_id": 3024, "name": "南岔子街站", "capacity": 26 }, "geometry": { "type": "Point", "coordinates": [ 117.11948859, 40.13644224 ] } },
{ "type": "Feature", "properties": { "station_id": 3025, "name": "建兰馨居站", "capacity": 28 }, "geometry": { "type": "Point", "coordinates": [ 117.11255642, 40.13575663 ] } },
{ "type": "Feature", "properties": { "station_id": 3026, "name": "建设街东站", "capacity": 38 }, "geometry": { "type": "Point", "coordinates": [ 117.11115956, 40.13574024 ] } },
{ "type": "Feature", "properties": { "station_id": 3027, "name": "广电中心站", "capacity": 38 }, "geometry": { "type": "Point", "coordinates": [ 117.1251319, 40.13827588 ] } },
{ "type": "Feature", "properties": { "station_id": 3028, "name": "妇幼医院站", "capacity": 24 }, "geometry": { "type": "Point", "coordinates": [ 117.11948859, 40.13644224 ] } },
{ "type": "Feature", "properties": { "station_id": 3029, "name": "影剧院站", "capacity": 56 }, "geometry": { "type": "Point", "coordinates": [ 117.11593781, 40.13940234 ] } },
{ "type": "Feature", "properties": { "station_id": 3030, "name": "区政府站", "capacity": 20 }, "geometry": { "type": "Point", "coordinates": [ 116.62427012, 40.31301826 ] } },
{ "type": "Feature", "properties": { "station_id": 3031, "name": "平中北门站", "capacity": 54 }, "geometry": { "type": "Point", "coordinates": [ 116.48886113, 40.16017476 ] } },
{ "type": "Feature", "properties": { "station_id": 3032, "name": "区委站", "capacity": 42 }, "geometry": { "type": "Point", "coordinates": [ 117.1125102, 40.13890341 ] } },
{ "type": "Feature", "properties": { "station_id": 3033, "name": "幸福小区站", "capacity": 54 }, "geometry": { "type": "Point", "coordinates": [ 117.10513008, 40.13875332 ] } },
{ "type": "Feature", "properties": { "station_id": 3034, "name": "建委站", "capacity": 36 }, "geometry": { "type": "Point", "coordinates": [ 116.64072063, 40.12649366 ] } },
{ "type": "Feature", "properties": { "station_id": 3035, "name": "龙凤鑫园站", "capacity": 32 }, "geometry": { "type": "Point", "coordinates": [ 117.10513008, 40.13875332 ] } },
{ "type": "Feature", "properties": { "station_id": 3036, "name": "渔阳大厦站", "capacity": 40 }, "geometry": { "type": "Point", "coordinates": [ 116.64406113, 40.12901687 ] } },
{ "type": "Feature", "properties": { "station_id": 3037, "name": "世纪广场南门", "capacity": 42 }, "geometry": { "type": "Point", "coordinates": [ 117.10513008, 40.13875332 ] } },
{ "type": "Feature", "properties": { "station_id": 3038, "name": "公园壹号站", "capacity": 30 }, "geometry": { "type": "Point", "coordinates": [ 116.40128192, 39.90262654 ] } },
{ "type": "Feature", "properties": { "station_id": 3039, "name": "广场西站", "capacity": 100 }, "geometry": { "type": "Point", "coordinates": [ 117.09907977, 40.14066168 ] } },
{ "type": "Feature", "properties": { "station_id": 3040, "name": "东方国际公寓站", "capacity": 34 }, "geometry": { "type": "Point", "coordinates": [ 116.35510339, 40.00180321 ] } },
{ "type": "Feature", "properties": { "station_id": 3041, "name": "信息大厦", "capacity": 36 }, "geometry": { "type": "Point", "coordinates": [ 116.35015272, 39.88833984 ] } },
{ "type": "Feature", "properties": { "station_id": 3042, "name": "岳协医院", "capacity": 46 }, "geometry": { "type": "Point", "coordinates": [ 117.09503753, 40.13931433 ] } },
{ "type": "Feature", "properties": { "station_id": 3043, "name": "平谷镇政府站", "capacity": 34 }, "geometry": { "type": "Point", "coordinates": [ 116.72255339, 40.19952914 ] } },
{ "type": "Feature", "properties": { "station_id": 3044, "name": "社会服务中心", "capacity": 176 }, "geometry": { "type": "Point", "coordinates": [ 117.08079846, 40.1311771 ] } },
{ "type": "Feature", "properties": { "station_id": 3045, "name": "民防局站", "capacity": 26 }, "geometry": { "type": "Point", "coordinates": [ 117.08944849, 40.1379411 ] } },
{ "type": "Feature", "properties": { "station_id": 3046, "name": "法院北门站", "capacity": 36 }, "geometry": { "type": "Point", "coordinates": [ 117.10106317, 40.14068526 ] } },
{ "type": "Feature", "properties": { "station_id": 3047, "name": "农业局站", "capacity": 30 }, "geometry": { "type": "Point", "coordinates": [ 117.10106317, 40.14068526 ] } },
{ "type": "Feature", "properties": { "station_id": 3048, "name": "中卫世纪城", "capacity": 60 }, "geometry": { "type": "Point", "coordinates": [ 117.10105554, 40.14068525 ] } },
{ "type": "Feature", "properties": { "station_id": 3049, "name": "步行街西口站", "capacity": 46 }, "geometry": { "type": "Point", "coordinates": [ 117.10532042, 40.14190023 ] } },
{ "type": "Feature", "properties": { "station_id": 3050, "name": "步行街东口站", "capacity": 36 }, "geometry": { "type": "Point", "coordinates": [ 117.11240299, 40.14149705 ] } },
{ "type": "Feature", "properties": { "station_id": 3051, "name": "平粮小区南站", "capacity": 42 }, "geometry": { "type": "Point", "coordinates": [ 117.11605985, 40.14022254 ] } },
{ "type": "Feature", "properties": { "station_id": 3052, "name": "人力社保局站", "capacity": 30 }, "geometry": { "type": "Point", "coordinates": [ 117.11657112, 40.14215308 ] } },
{ "type": "Feature", "properties": { "station_id": 3053, "name": "八方达汽车北站", "capacity": 46 }, "geometry": { "type": "Point", "coordinates": [ 117.10513008, 40.13875332 ] } },
{ "type": "Feature", "properties": { "station_id": 3054, "name": "八方达汽车南站", "capacity": 76 }, "geometry": { "type": "Point", "coordinates": [ 117.1127766, 40.14464417 ] } },
{ "type": "Feature", "properties": { "station_id": 3055, "name": "和平街站", "capacity": 26 }, "geometry": { "type": "Point", "coordinates": [ 117.12394726, 40.14454896 ] } },
{ "type": "Feature", "properties": { "station_id": 3056, "name": "老公安局站", "capacity": 30 }, "geometry": { "type": "Point", "coordinates": [ 117.11705209, 40.142432 ] } },
{ "type": "Feature", "properties": { "station_id": 3057, "name": "自来水公司站", "capacity": 38 }, "geometry": { "type": "Point", "coordinates": [ 117.1141049, 40.14440502 ] } },
{ "type": "Feature", "properties": { "station_id": 3058, "name": "平粮小区站", "capacity": 28 }, "geometry": { "type": "Point", "coordinates": [ 117.11628099, 40.14225197 ] } },
{ "type": "Feature", "properties": { "station_id": 3059, "name": "渔阳花园站", "capacity": 30 }, "geometry": { "type": "Point", "coordinates": [ 117.12394726, 40.14454896 ] } },
{ "type": "Feature", "properties": { "station_id": 3060, "name": "北大市场", "capacity": 60 }, "geometry": { "type": "Point", "coordinates": [ 117.10886852, 40.14542308 ] } },
{ "type": "Feature", "properties": { "station_id": 3061, "name": "承平园站", "capacity": 42 }, "geometry": { "type": "Point", "coordinates": [ 117.10802929, 40.14334752 ] } },
{ "type": "Feature", "properties": { "station_id": 3062, "name": "规划分局站", "capacity": 40 }, "geometry": { "type": "Point", "coordinates": [ 117.12394726, 40.14454896 ] } },
{ "type": "Feature", "properties": { "station_id": 3063, "name": "金乡嘉园站", "capacity": 44 }, "geometry": { "type": "Point", "coordinates": [ 117.10628146, 40.14523449 ] } },
{ "type": "Feature", "properties": { "station_id": 3064, "name": "海泰家园站", "capacity": 40 }, "geometry": { "type": "Point", "coordinates": [ 117.12394726, 40.14454896 ] } },
{ "type": "Feature", "properties": { "station_id": 3065, "name": "盈谷中心站", "capacity": 50 }, "geometry": { "type": "Point", "coordinates": [ 117.104351, 40.14460405 ] } },
{ "type": "Feature", "properties": { "station_id": 3066, "name": "区医院东站", "capacity": 46 }, "geometry": { "type": "Point", "coordinates": [ 117.09924703, 40.14479263 ] } },
{ "type": "Feature", "properties": { "station_id": 3067, "name": "工商分局站", "capacity": 54 }, "geometry": { "type": "Point", "coordinates": [ 117.12394726, 40.14454896 ] } },
{ "type": "Feature", "properties": { "station_id": 3068, "name": "区医院西站", "capacity": 30 }, "geometry": { "type": "Point", "coordinates": [ 117.09924703, 40.14479263 ] } },
{ "type": "Feature", "properties": { "station_id": 3069, "name": "利农胡同站", "capacity": 30 }, "geometry": { "type": "Point", "coordinates": [ 117.09472389, 40.14646612 ] } },
{ "type": "Feature", "properties": { "station_id": 3070, "name": "紫贵庄园", "capacity": 34 }, "geometry": { "type": "Point", "coordinates": [ 117.09505219, 40.14373512 ] } },
{ "type": "Feature", "properties": { "station_id": 3071, "name": "金谷御景站", "capacity": 40 }, "geometry": { "type": "Point", "coordinates": [ 117.12394726, 40.14454896 ] } },
{ "type": "Feature", "properties": { "station_id": 3072, "name": "迎宾花园东门站", "capacity": 38 }, "geometry": { "type": "Point", "coordinates": [ 117.08951635, 40.14359009 ] } },
{ "type": "Feature", "properties": { "station_id": 3073, "name": "迎宾花园北门站", "capacity": 44 }, "geometry": { "type": "Point", "coordinates": [ 117.08688641, 40.14274756 ] } },
{ "type": "Feature", "properties": { "station_id": 3074, "name": "体育中心南门站", "capacity": 50 }, "geometry": { "type": "Point", "coordinates": [ 117.07007074, 40.14716318 ] } },
{ "type": "Feature", "properties": { "station_id": 3075, "name": "华联商场站", "capacity": 56 }, "geometry": { "type": "Point", "coordinates": [ 116.33295669, 39.9905769 ] } },
{ "type": "Feature", "properties": { "station_id": 3076, "name": "万德福广场", "capacity": 50 }, "geometry": { "type": "Point", "coordinates": [ 116.42927087, 39.94063915 ] } },
{ "type": "Feature", "properties": { "station_id": 3077, "name": "大发路北口站", "capacity": 30 }, "geometry": { "type": "Point", "coordinates": [ 117.09210821, 40.14708386 ] } },
{ "type": "Feature", "properties": { "station_id": 3078, "name": "金乡西小区站", "capacity": 44 }, "geometry": { "type": "Point", "coordinates": [ 117.09463211, 40.14846479 ] } },
{ "type": "Feature", "properties": { "station_id": 3079, "name": "平谷五中站", "capacity": 48 }, "geometry": { "type": "Point", "coordinates": [ 116.40815549, 39.93646406 ] } },
{ "type": "Feature", "properties": { "station_id": 3080, "name": "金乡东小区站", "capacity": 38 }, "geometry": { "type": "Point", "coordinates": [ 117.00990439, 40.18534936 ] } },
{ "type": "Feature", "properties": { "station_id": 3081, "name": "园丁小区南站", "capacity": 30 }, "geometry": { "type": "Point", "coordinates": [ 117.10255747, 40.14834882 ] } },
{ "type": "Feature", "properties": { "station_id": 3082, "name": "劳动力市场站", "capacity": 30 }, "geometry": { "type": "Point", "coordinates": [ 117.11640315, 40.14221776 ] } },
{ "type": "Feature", "properties": { "station_id": 3083, "name": "光明西小区站", "capacity": 52 }, "geometry": { "type": "Point", "coordinates": [ 116.40158908, 39.9477488 ] } },
{ "type": "Feature", "properties": { "station_id": 3084, "name": "新星社区站", "capacity": 30 }, "geometry": { "type": "Point", "coordinates": [ 117.1078831, 40.15224999 ] } },
{ "type": "Feature", "properties": { "station_id": 3085, "name": "东晓酒店", "capacity": 38 }, "geometry": { "type": "Point", "coordinates": [ 117.08941697, 40.14557735 ] } },
{ "type": "Feature", "properties": { "station_id": 3086, "name": "光明西小区东站", "capacity": 38 }, "geometry": { "type": "Point", "coordinates": [ 117.11149359, 40.14927367 ] } },
{ "type": "Feature", "properties": { "station_id": 3087, "name": "保安街北口站", "capacity": 30 }, "geometry": { "type": "Point", "coordinates": [ 117.11654755, 40.14716505 ] } },
{ "type": "Feature", "properties": { "station_id": 3088, "name": "大牌楼站", "capacity": 28 }, "geometry": { "type": "Point", "coordinates": [ 117.08941697, 40.14557735 ] } },
{ "type": "Feature", "properties": { "station_id": 3089, "name": "平翔东路南口站", "capacity": 30 }, "geometry": { "type": "Point", "coordinates": [ 117.12235042, 40.14978789 ] } },
{ "type": "Feature", "properties": { "station_id": 3090, "name": "太和园", "capacity": 30 }, "geometry": { "type": "Point", "coordinates": [ 117.1235573, 40.14797754 ] } },
{ "type": "Feature", "properties": { "station_id": 3091, "name": "北二环东口站", "capacity": 30 }, "geometry": { "type": "Point", "coordinates": [ 117.12566529, 40.14762161 ] } },
{ "type": "Feature", "properties": { "station_id": 3092, "name": "纸寨站", "capacity": 30 }, "geometry": { "type": "Point", "coordinates": [ 117.1051132, 40.15084465 ] } },
{ "type": "Feature", "properties": { "station_id": 3093, "name": "自行车服务中心站", "capacity": 26 }, "geometry": { "type": "Point", "coordinates": [ 117.12322833, 40.15231017 ] } },
{ "type": "Feature", "properties": { "station_id": 3094, "name": "鑫海韵通大卖场", "capacity": 50 }, "geometry": { "type": "Point", "coordinates": [ 116.65094596, 40.14080989 ] } },
{ "type": "Feature", "properties": { "station_id": 3095, "name": "和平家园", "capacity": 46 }, "geometry": { "type": "Point", "coordinates": [ 117.11635597, 40.15243239 ] } },
{ "type": "Feature", "properties": { "station_id": 3096, "name": "乐园东小区站", "capacity": 48 }, "geometry": { "type": "Point", "coordinates": [ 117.11222596, 40.15237909 ] } },
{ "type": "Feature", "properties": { "station_id": 3097, "name": "乐园西小区南站", "capacity": 42 }, "geometry": { "type": "Point", "coordinates": [ 117.10797465, 40.1525056 ] } },
{ "type": "Feature", "properties": { "station_id": 3098, "name": "乐园西小区北站", "capacity": 38 }, "geometry": { "type": "Point", "coordinates": [ 117.10797465, 40.1525056 ] } },
{ "type": "Feature", "properties": { "station_id": 3099, "name": "大红果饭店", "capacity": 28 }, "geometry": { "type": "Point", "coordinates": [ 117.1049528, 40.15204224 ] } },
{ "type": "Feature", "properties": { "station_id": 3100, "name": "园丁小区", "capacity": 44 }, "geometry": { "type": "Point", "coordinates": [ 117.09952074, 40.1515936 ] } },
{ "type": "Feature", "properties": { "station_id": 3101, "name": "永安家园", "capacity": 40 }, "geometry": { "type": "Point", "coordinates": [ 117.09485275, 40.15230199 ] } },
{ "type": "Feature", "properties": { "station_id": 3102, "name": "瑞丰花园站", "capacity": 38 }, "geometry": { "type": "Point", "coordinates": [ 117.09935239, 40.15549555 ] } },
{ "type": "Feature", "properties": { "station_id": 3103, "name": "兴谷街道站", "capacity": 36 }, "geometry": { "type": "Point", "coordinates": [ 117.11203444, 40.15754346 ] } },
{ "type": "Feature", "properties": { "station_id": 3104, "name": "兴谷园小区站", "capacity": 46 }, "geometry": { "type": "Point", "coordinates": [ 117.11635597, 40.15243239 ] } },
{ "type": "Feature", "properties": { "station_id": 3105, "name": "腾龙源城", "capacity": 56 }, "geometry": { "type": "Point", "coordinates": [ 117.10553989, 40.15550975 ] } },
{ "type": "Feature", "properties": { "station_id": 3106, "name": "水务局站", "capacity": 60 }, "geometry": { "type": "Point", "coordinates": [ 117.10389144, 40.15762197 ] } },
{ "type": "Feature", "properties": { "station_id": 3107, "name": "公交总站", "capacity": 50 }, "geometry": { "type": "Point", "coordinates": [ 117.10473845, 40.1572181 ] } },
{ "type": "Feature", "properties": { "station_id": 3108, "name": "兴谷管委会站", "capacity": 40 }, "geometry": { "type": "Point", "coordinates": [ 117.1265117, 40.15810433 ] } },
{ "type": "Feature", "properties": { "station_id": 3109, "name": "交通支队站", "capacity": 40 }, "geometry": { "type": "Point", "coordinates": [ 117.11727974, 40.15287195 ] } },
{ "type": "Feature", "properties": { "station_id": 3110, "name": "兴谷家园站", "capacity": 48 }, "geometry": { "type": "Point", "coordinates": [ 117.10977467, 40.16097454 ] } },
{ "type": "Feature", "properties": { "station_id": 3111, "name": "王辛庄镇政府站", "capacity": 48 }, "geometry": { "type": "Point", "coordinates": [ 117.09727712, 40.15940079 ] } },
{ "type": "Feature", "properties": { "station_id": 3112, "name": "大兴庄镇政府站", "capacity": 40 }, "geometry": { "type": "Point", "coordinates": [ 116.33486306, 39.78341969 ] } },
{ "type": "Feature", "properties": { "station_id": 3113, "name": "夏各庄镇政府站", "capacity": 60 }, "geometry": { "type": "Point", "coordinates": [ 117.13591116, 40.13482376 ] } },
{ "type": "Feature", "properties": { "station_id": 3114, "name": "东高村政府站", "capacity": 48 }, "geometry": { "type": "Point", "coordinates": [ 117.10752354, 40.10174786 ] } },
{ "type": "Feature", "properties": { "station_id": 3115, "name": "司法局", "capacity": 54 }, "geometry": { "type": "Point", "coordinates": [ 116.30064369, 39.91817276 ] } },
{ "type": "Feature", "properties": { "station_id": 3116, "name": "温泉别墅", "capacity": 30 }, "geometry": { "type": "Point", "coordinates": [ 116.55677418, 40.00589965 ] } },
{ "type": "Feature", "properties": { "station_id": 3117, "name": "地税局", "capacity": 60 }, "geometry": { "type": "Point", "coordinates": [ 116.40128192, 39.90262654 ] } },
{ "type": "Feature", "properties": { "station_id": 3118, "name": "八方达汽车南站2", "capacity": 40 }, "geometry": { "type": "Point", "coordinates": [ 116.40128192, 39.90262654 ] } },
{ "type": "Feature", "properties": { "station_id": 3119, "name": "八方达汽车北站2", "capacity": 20 }, "geometry": { "type": "Point", "coordinates": [ 116.40128192, 39.90262654 ] } },
{ "type": "Feature", "properties": { "station_id": 3120, "name": "广场西站2", "capacity": 50 }, "geometry": { "type": "Point", "coordinates": [ 117.09907977, 40.14066168 ] } },
{ "type": "Feature", "properties": { "station_id": 3121, "name": "司法局", "capacity": 54 }, "geometry": { "type": "Point", "coordinates": [ 117.10553989, 40.15550975 ] } },
{ "type": "Feature", "properties": { "station_id": 3122, "name": "温泉别墅", "capacity": 30 }, "geometry": { "type": "Point", "coordinates": [ 117.10553989, 40.15550975 ] } },
{ "type": "Feature", "properties": { "station_id": 3123, "name": "旭辉墅西门", "capacity": 38 }, "geometry": { "type": "Point", "coordinates": [ 117.0699322, 40.15810648 ] } },
{ "type": "Feature", "properties": { "station_id": 3124, "name": "918总站", "capacity": 30 }, "geometry": { "type": "Point", "coordinates": [ 117.0699322, 40.15810648 ] } },
{ "type": "Feature", "properties": { "station_id": 3125, "name": "香墅湾", "capacity": 40 }, "geometry": { "type": "Point", "coordinates": [ 117.10961062, 40.13211546 ] } },
{ "type": "Feature", "properties": { "station_id": 3126, "name": "东寺渠市场", "capacity": 30 }, "geometry": { "type": "Point", "coordinates": [ 117.11409129, 40.13204662 ] } },
{ "type": "Feature", "properties": { "station_id": 3127, "name": "马坊环岛东站", "capacity": 50 }, "geometry": { "type": "Point", "coordinates": [ 116.40128192, 39.90262654 ] } },
{ "type": "Feature", "properties": { "station_id": 3128, "name": "马坊环岛西站", "capacity": 50 }, "geometry": { "type": "Point", "coordinates": [ 116.40128192, 39.90262654 ] } },
{ "type": "Feature", "properties": { "station_id": 3129, "name": "中心幼儿园站", "capacity": 54 }, "geometry": { "type": "Point", "coordinates": [ 116.40128192, 39.90262654 ] } },
{ "type": "Feature", "properties": { "station_id": 3130, "name": "文体中心站", "capacity": 54 }, "geometry": { "type": "Point", "coordinates": [ 117.0074443, 40.06219536 ] } },
{ "type": "Feature", "properties": { "station_id": 3131, "name": "镇政府站", "capacity": 60 }, "geometry": { "type": "Point", "coordinates": [ 117.00549268, 40.05932889 ] } },
{ "type": "Feature", "properties": { "station_id": 3132, "name": "新华联慧谷站", "capacity": 50 }, "geometry": { "type": "Point", "coordinates": [ 117.01069524, 40.06192637 ] } },
{ "type": "Feature", "properties": { "station_id": 3133, "name": "打铁庄小区站", "capacity": 50 }, "geometry": { "type": "Point", "coordinates": [ 117.00332028, 40.06092987 ] } },
{ "type": "Feature", "properties": { "station_id": 3134, "name": "北师大附中站", "capacity": 52 }, "geometry": { "type": "Point", "coordinates": [ 116.99678892, 40.05980155 ] } },
{ "type": "Feature", "properties": { "station_id": 3135, "name": "新农家园站", "capacity": 46 }, "geometry": { "type": "Point", "coordinates": [ 117.0065479, 40.0633233 ] } },
{ "type": "Feature", "properties": { "station_id": 3136, "name": "打铁庄站", "capacity": 44 }, "geometry": { "type": "Point", "coordinates": [ 117.00156498, 40.06770203 ] } },
{ "type": "Feature", "properties": { "station_id": 3137, "name": "公共自行车管理中", "capacity": 50 }, "geometry": { "type": "Point", "coordinates": [ 117.12284648, 40.15230209 ] } },
{ "type": "Feature", "properties": { "station_id": 3138, "name": "海关大楼", "capacity": 40 }, "geometry": { "type": "Point", "coordinates": [ 117.10018538, 40.14435429 ] } },
{ "type": "Feature", "properties": { "station_id": 3139, "name": "新华联慧谷北站", "capacity": 30 }, "geometry": { "type": "Point", "coordinates": [ 116.40128192, 39.90262654 ] } },
{ "type": "Feature", "properties": { "station_id": 3140, "name": "腾飞园", "capacity": 30 }, "geometry": { "type": "Point", "coordinates": [ 116.99196043, 40.04677841 ] } },
{ "type": "Feature", "properties": { "station_id": 3141, "name": "马坊医院北", "capacity": 30 }, "geometry": { "type": "Point", "coordinates": [ 117.00287312, 40.05364558 ] } },
{ "type": "Feature", "properties": { "station_id": 3142, "name": "华远澜悦站", "capacity": 24 }, "geometry": { "type": "Point", "coordinates": [ 116.83584255, 40.39639074 ] } },
{ "type": "Feature", "properties": { "station_id": 3143, "name": "檀营生态城站", "capacity": 40 }, "geometry": { "type": "Point", "coordinates": [ 116.86320477, 40.38951965 ] } },
{ "type": "Feature", "properties": { "station_id": 3144, "name": "梧桐苑小区东门站", "capacity": 50 }, "geometry": { "type": "Point", "coordinates": [ 116.8533125, 40.39019255 ] } },
{ "type": "Feature", "properties": { "station_id": 3145, "name": "久润花园东区站", "capacity": 36 }, "geometry": { "type": "Point", "coordinates": [ 116.85767475, 40.38951242 ] } },
{ "type": "Feature", "properties": { "station_id": 3146, "name": "百合园站", "capacity": 50 }, "geometry": { "type": "Point", "coordinates": [ 116.85402338, 40.38735644 ] } },
{ "type": "Feature", "properties": { "station_id": 3147, "name": "云秀花园别墅南门站", "capacity": 40 }, "geometry": { "type": "Point", "coordinates": [ 116.31284014, 39.97530377 ] } },
{ "type": "Feature", "properties": { "station_id": 3148, "name": "行宫御东园站", "capacity": 40 }, "geometry": { "type": "Point", "coordinates": [ 116.85749181, 40.3863623 ] } },
{ "type": "Feature", "properties": { "station_id": 3149, "name": "宾阳北里站", "capacity": 78 }, "geometry": { "type": "Point", "coordinates": [ 116.85461193, 40.38509214 ] } },
{ "type": "Feature", "properties": { "station_id": 3150, "name": "车站南路社区站", "capacity": 70 }, "geometry": { "type": "Point", "coordinates": [ 116.44198357, 40.02772006 ] } },
{ "type": "Feature", "properties": { "station_id": 3151, "name": "沿湖小区站", "capacity": 36 }, "geometry": { "type": "Point", "coordinates": [ 116.84497689, 40.38466136 ] } },
{ "type": "Feature", "properties": { "station_id": 3152, "name": "百事城西门站", "capacity": 50 }, "geometry": { "type": "Point", "coordinates": [ 116.84531522, 40.36811916 ] } },
{ "type": "Feature", "properties": { "station_id": 3153, "name": "滨河园站", "capacity": 40 }, "geometry": { "type": "Point", "coordinates": [ 116.83908454, 40.385658 ] } },
{ "type": "Feature", "properties": { "station_id": 3154, "name": "密西花园站", "capacity": 40 }, "geometry": { "type": "Point", "coordinates": [ 116.83542331, 40.38745523 ] } },
{ "type": "Feature", "properties": { "station_id": 3155, "name": "大唐庄东区站", "capacity": 40 }, "geometry": { "type": "Point", "coordinates": [ 116.83089089, 40.3862305 ] } },
{ "type": "Feature", "properties": { "station_id": 3156, "name": "职业中学站", "capacity": 24 }, "geometry": { "type": "Point", "coordinates": [ 116.82023664, 40.37562457 ] } },
{ "type": "Feature", "properties": { "station_id": 3157, "name": "唐源云居站", "capacity": 40 }, "geometry": { "type": "Point", "coordinates": [ 116.82023664, 40.37562457 ] } },
{ "type": "Feature", "properties": { "station_id": 3158, "name": "绿地国际花都站", "capacity": 24 }, "geometry": { "type": "Point", "coordinates": [ 116.83085324, 40.38180305 ] } },
{ "type": "Feature", "properties": { "station_id": 3159, "name": "滨河公园站", "capacity": 40 }, "geometry": { "type": "Point", "coordinates": [ 116.85490258, 40.38236597 ] } },
{ "type": "Feature", "properties": { "station_id": 3160, "name": "沿湖小区南门站", "capacity": 40 }, "geometry": { "type": "Point", "coordinates": [ 116.84497689, 40.38466136 ] } },
{ "type": "Feature", "properties": { "station_id": 3161, "name": "玉兰公园站", "capacity": 40 }, "geometry": { "type": "Point", "coordinates": [ 116.84531522, 40.36811916 ] } },
{ "type": "Feature", "properties": { "station_id": 3162, "name": "法制公园站", "capacity": 40 }, "geometry": { "type": "Point", "coordinates": [ 116.8566979, 40.38196432 ] } },
{ "type": "Feature", "properties": { "station_id": 3163, "name": "石桥西区站", "capacity": 40 }, "geometry": { "type": "Point", "coordinates": [ 116.86110547, 40.38118852 ] } },
{ "type": "Feature", "properties": { "station_id": 3164, "name": "行宫小区站", "capacity": 40 }, "geometry": { "type": "Point", "coordinates": [ 116.85665229, 40.38019482 ] } },
{ "type": "Feature", "properties": { "station_id": 3165, "name": "行宫南区站", "capacity": 40 }, "geometry": { "type": "Point", "coordinates": [ 116.86042617, 40.37730937 ] } },
{ "type": "Feature", "properties": { "station_id": 3166, "name": "宾阳西里站", "capacity": 42 }, "geometry": { "type": "Point", "coordinates": [ 116.85112082, 40.3815671 ] } },
{ "type": "Feature", "properties": { "station_id": 3167, "name": "宾阳西里小区站", "capacity": 38 }, "geometry": { "type": "Point", "coordinates": [ 116.8527561, 40.37970864 ] } },
{ "type": "Feature", "properties": { "station_id": 3168, "name": "密东广场站", "capacity": 24 }, "geometry": { "type": "Point", "coordinates": [ 116.85029636, 40.37578464 ] } },
{ "type": "Feature", "properties": { "station_id": 3169, "name": "富民新区东门站", "capacity": 40 }, "geometry": { "type": "Point", "coordinates": [ 116.84406121, 40.37399744 ] } },
{ "type": "Feature", "properties": { "station_id": 3170, "name": "密云县中医院站", "capacity": 40 }, "geometry": { "type": "Point", "coordinates": [ 116.45679483, 39.91967541 ] } },
{ "type": "Feature", "properties": { "station_id": 3171, "name": "图书馆站", "capacity": 40 }, "geometry": { "type": "Point", "coordinates": [ 116.34142189, 39.93076081 ] } },
{ "type": "Feature", "properties": { "station_id": 3172, "name": "密云县委党校站", "capacity": 40 }, "geometry": { "type": "Point", "coordinates": [ 116.83696745, 40.38561612 ] } },
{ "type": "Feature", "properties": { "station_id": 3173, "name": "新华书店站", "capacity": 40 }, "geometry": { "type": "Point", "coordinates": [ 116.84012534, 40.37465043 ] } },
{ "type": "Feature", "properties": { "station_id": 3174, "name": "县政府站", "capacity": 78 }, "geometry": { "type": "Point", "coordinates": [ 116.83706808, 40.37564035 ] } },
{ "type": "Feature", "properties": { "station_id": 3175, "name": "康居南区南门站", "capacity": 40 }, "geometry": { "type": "Point", "coordinates": [ 116.83163338, 40.37794147 ] } },
{ "type": "Feature", "properties": { "station_id": 3176, "name": "康居南区西门站", "capacity": 40 }, "geometry": { "type": "Point", "coordinates": [ 116.46630065, 39.99045575 ] } },
{ "type": "Feature", "properties": { "station_id": 3177, "name": "果园新里北区东门站", "capacity": 78 }, "geometry": { "type": "Point", "coordinates": [ 116.82584744, 40.37478847 ] } },
{ "type": "Feature", "properties": { "station_id": 3178, "name": "果园新里中区站", "capacity": 40 }, "geometry": { "type": "Point", "coordinates": [ 116.82761334, 40.37348755 ] } },
{ "type": "Feature", "properties": { "station_id": 3179, "name": "果园新里北区北门站", "capacity": 50 }, "geometry": { "type": "Point", "coordinates": [ 116.82534351, 40.37024568 ] } },
{ "type": "Feature", "properties": { "station_id": 3180, "name": "季庄小区站", "capacity": 30 }, "geometry": { "type": "Point", "coordinates": [ 116.82335518, 40.37730832 ] } },
{ "type": "Feature", "properties": { "station_id": 3181, "name": "康馨雅苑站", "capacity": 40 }, "geometry": { "type": "Point", "coordinates": [ 116.8191206, 40.37575977 ] } },
{ "type": "Feature", "properties": { "station_id": 3182, "name": "学府花园北门站", "capacity": 40 }, "geometry": { "type": "Point", "coordinates": [ 116.81705719, 40.37218652 ] } },
{ "type": "Feature", "properties": { "station_id": 3183, "name": "学府花园西门站", "capacity": 40 }, "geometry": { "type": "Point", "coordinates": [ 116.81705719, 40.37218652 ] } },
{ "type": "Feature", "properties": { "station_id": 3184, "name": "首师大密云附属中学站", "capacity": 40 }, "geometry": { "type": "Point", "coordinates": [ 116.81842567, 40.37053021 ] } },
{ "type": "Feature", "properties": { "station_id": 3185, "name": "兴云医院站", "capacity": 40 }, "geometry": { "type": "Point", "coordinates": [ 116.81559751, 40.36977751 ] } },
{ "type": "Feature", "properties": { "station_id": 3186, "name": "海怡庄园站", "capacity": 40 }, "geometry": { "type": "Point", "coordinates": [ 116.80684608, 40.36589468 ] } },
{ "type": "Feature", "properties": { "station_id": 3187, "name": "博世庄园站", "capacity": 34 }, "geometry": { "type": "Point", "coordinates": [ 116.80156551, 40.36063043 ] } },
{ "type": "Feature", "properties": { "station_id": 3188, "name": "十里堡镇政府站", "capacity": 20 }, "geometry": { "type": "Point", "coordinates": [ 116.79501678, 40.35695479 ] } },
{ "type": "Feature", "properties": { "station_id": 3189, "name": "明珠花园站", "capacity": 34 }, "geometry": { "type": "Point", "coordinates": [ 116.34409703, 39.78754928 ] } },
{ "type": "Feature", "properties": { "station_id": 3190, "name": "广电局站", "capacity": 40 }, "geometry": { "type": "Point", "coordinates": [ 116.81194455, 40.36372638 ] } },
{ "type": "Feature", "properties": { "station_id": 3191, "name": "果园西里西门站", "capacity": 40 }, "geometry": { "type": "Point", "coordinates": [ 116.82295794, 40.37539322 ] } },
{ "type": "Feature", "properties": { "station_id": 3192, "name": "果园西里甲区站", "capacity": 40 }, "geometry": { "type": "Point", "coordinates": [ 116.82295794, 40.37539322 ] } },
{ "type": "Feature", "properties": { "station_id": 3193, "name": "果园西里北门站", "capacity": 40 }, "geometry": { "type": "Point", "coordinates": [ 116.82295794, 40.37539322 ] } },
{ "type": "Feature", "properties": { "station_id": 3194, "name": "果园新里南区站", "capacity": 40 }, "geometry": { "type": "Point", "coordinates": [ 116.82610042, 40.36902297 ] } },
{ "type": "Feature", "properties": { "station_id": 3195, "name": "首经贸大学密云分校", "capacity": 34 }, "geometry": { "type": "Point", "coordinates": [ 116.82317296, 40.36759125 ] } },
{ "type": "Feature", "properties": { "station_id": 3196, "name": "赏云轩嘉园站", "capacity": 34 }, "geometry": { "type": "Point", "coordinates": [ 116.83222358, 40.36495003 ] } },
{ "type": "Feature", "properties": { "station_id": 3197, "name": "长安小区南区站", "capacity": 50 }, "geometry": { "type": "Point", "coordinates": [ 116.83641115, 40.37264561 ] } },
{ "type": "Feature", "properties": { "station_id": 3198, "name": "长安小区站", "capacity": 50 }, "geometry": { "type": "Point", "coordinates": [ 116.83641115, 40.37264561 ] } },
{ "type": "Feature", "properties": { "station_id": 3199, "name": "京客隆站", "capacity": 30 }, "geometry": { "type": "Point", "coordinates": [ 116.83869693, 40.36845103 ] } },
{ "type": "Feature", "properties": { "station_id": 3200, "name": "白檀小区站", "capacity": 50 }, "geometry": { "type": "Point", "coordinates": [ 116.84108094, 40.37240214 ] } },
{ "type": "Feature", "properties": { "station_id": 3201, "name": "檀州家园站", "capacity": 34 }, "geometry": { "type": "Point", "coordinates": [ 116.83653421, 40.36657476 ] } },
{ "type": "Feature", "properties": { "station_id": 3202, "name": "檀州家园东区站", "capacity": 40 }, "geometry": { "type": "Point", "coordinates": [ 116.83822329, 40.36677225 ] } },
{ "type": "Feature", "properties": { "station_id": 3203, "name": "绿港家园站", "capacity": 40 }, "geometry": { "type": "Point", "coordinates": [ 116.65775627, 40.13343933 ] } },
{ "type": "Feature", "properties": { "station_id": 3204, "name": "太扬家园站", "capacity": 34 }, "geometry": { "type": "Point", "coordinates": [ 116.83118479, 40.35914777 ] } },
{ "type": "Feature", "properties": { "station_id": 3205, "name": "蓝河湾站", "capacity": 34 }, "geometry": { "type": "Point", "coordinates": [ 116.83446393, 40.35843299 ] } },
{ "type": "Feature", "properties": { "station_id": 3206, "name": "宁静之都站", "capacity": 40 }, "geometry": { "type": "Point", "coordinates": [ 116.84463534, 40.36626466 ] } },
{ "type": "Feature", "properties": { "station_id": 3207, "name": "花园小区南门站", "capacity": 30 }, "geometry": { "type": "Point", "coordinates": [ 116.84847855, 40.3700158 ] } },
{ "type": "Feature", "properties": { "station_id": 3208, "name": "檀城东区站", "capacity": 40 }, "geometry": { "type": "Point", "coordinates": [ 116.84794395, 40.36776499 ] } },
{ "type": "Feature", "properties": { "station_id": 3209, "name": "阳光家园站", "capacity": 40 }, "geometry": { "type": "Point", "coordinates": [ 116.36386609, 40.03515674 ] } },
{ "type": "Feature", "properties": { "station_id": 3210, "name": "国土分局/农业委站", "capacity": 26 }, "geometry": { "type": "Point", "coordinates": [ 116.85193314, 40.36235988 ] } },
{ "type": "Feature", "properties": { "station_id": 3211, "name": "东菜园小区站", "capacity": 40 }, "geometry": { "type": "Point", "coordinates": [ 116.85571345, 40.3739051 ] } },
{ "type": "Feature", "properties": { "station_id": 3212, "name": "财政局站", "capacity": 40 }, "geometry": { "type": "Point", "coordinates": [ 116.67049947, 39.8854616 ] } },
{ "type": "Feature", "properties": { "station_id": 3213, "name": "县卫生局站", "capacity": 40 }, "geometry": { "type": "Point", "coordinates": [ 116.81194455, 40.36372638 ] } },
{ "type": "Feature", "properties": { "station_id": 3214, "name": "县医院南门站", "capacity": 40 }, "geometry": { "type": "Point", "coordinates": [ 116.85952573, 40.37036386 ] } },
{ "type": "Feature", "properties": { "station_id": 3215, "name": "建委站", "capacity": 30 }, "geometry": { "type": "Point", "coordinates": [ 116.86422306, 40.36932872 ] } },
{ "type": "Feature", "properties": { "station_id": 3216, "name": "保利花园（北区）站", "capacity": 40 }, "geometry": { "type": "Point", "coordinates": [ 116.86019773, 40.37170328 ] } },
{ "type": "Feature", "properties": { "station_id": 3217, "name": "妇幼保健院站", "capacity": 40 }, "geometry": { "type": "Point", "coordinates": [ 116.83869693, 40.36845103 ] } },
{ "type": "Feature", "properties": { "station_id": 3218, "name": "银河湾西门站", "capacity": 40 }, "geometry": { "type": "Point", "coordinates": [ 116.85672994, 40.37026468 ] } },
{ "type": "Feature", "properties": { "station_id": 3219, "name": "银河湾南门站", "capacity": 40 }, "geometry": { "type": "Point", "coordinates": [ 116.85672994, 40.37026468 ] } },
{ "type": "Feature", "properties": { "station_id": 3220, "name": "保利花园南区站", "capacity": 34 }, "geometry": { "type": "Point", "coordinates": [ 116.85844898, 40.36808957 ] } },
{ "type": "Feature", "properties": { "station_id": 3221, "name": "河南寨镇政府站", "capacity": 40 }, "geometry": { "type": "Point", "coordinates": [ 116.82255847, 40.33083868 ] } },
{ "type": "Feature", "properties": { "station_id": 3222, "name": "区政府院内", "capacity": 22 }, "geometry": { "type": "Point", "coordinates": [ 116.40128192, 39.90262654 ] } },
{ "type": "Feature", "properties": { "station_id": 3223, "name": "火车站北广场站", "capacity": 35 }, "geometry": { "type": "Point", "coordinates": [ 115.97784364, 40.43791835 ] } },
{ "type": "Feature", "properties": { "station_id": 3224, "name": "妫河丽景站", "capacity": 20 }, "geometry": { "type": "Point", "coordinates": [ 115.97690744, 40.44495255 ] } },
{ "type": "Feature", "properties": { "station_id": 3225, "name": "菜园南街西口站", "capacity": 30 }, "geometry": { "type": "Point", "coordinates": [ 115.9700102, 40.44320691 ] } },
{ "type": "Feature", "properties": { "station_id": 3226, "name": "延庆光荣院站", "capacity": 30 }, "geometry": { "type": "Point", "coordinates": [ 115.97654948, 40.44934632 ] } },
{ "type": "Feature", "properties": { "station_id": 3227, "name": "湖北西路站", "capacity": 30 }, "geometry": { "type": "Point", "coordinates": [ 115.96840384, 40.45578706 ] } },
{ "type": "Feature", "properties": { "station_id": 3228, "name": "延庆农业局站", "capacity": 35 }, "geometry": { "type": "Point", "coordinates": [ 115.96377149, 40.45749273 ] } },
{ "type": "Feature", "properties": { "station_id": 3229, "name": "湖北东路站", "capacity": 30 }, "geometry": { "type": "Point", "coordinates": [ 115.97840381, 40.45766867 ] } },
{ "type": "Feature", "properties": { "station_id": 3230, "name": "妫川广场站", "capacity": 40 }, "geometry": { "type": "Point", "coordinates": [ 115.97071571, 40.45711134 ] } },
{ "type": "Feature", "properties": { "station_id": 3231, "name": "延庆县医院", "capacity": 25 }, "geometry": { "type": "Point", "coordinates": [ 115.96725458, 40.46204368 ] } },
{ "type": "Feature", "properties": { "station_id": 3232, "name": "金宸大厦站", "capacity": 30 }, "geometry": { "type": "Point", "coordinates": [ 115.97625137, 40.46142705 ] } },
{ "type": "Feature", "properties": { "station_id": 3233, "name": "湖北小区站", "capacity": 25 }, "geometry": { "type": "Point", "coordinates": [ 115.97713396, 40.4575237 ] } },
{ "type": "Feature", "properties": { "station_id": 3234, "name": "东外大街东口站", "capacity": 30 }, "geometry": { "type": "Point", "coordinates": [ 115.99027189, 40.46377962 ] } },
{ "type": "Feature", "properties": { "station_id": 3235, "name": "百佳商场站", "capacity": 25 }, "geometry": { "type": "Point", "coordinates": [ 115.9709203, 40.46299813 ] } },
{ "type": "Feature", "properties": { "station_id": 3236, "name": "高塔路西口站", "capacity": 30 }, "geometry": { "type": "Point", "coordinates": [ 115.96550499, 40.46358514 ] } },
{ "type": "Feature", "properties": { "station_id": 3237, "name": "胜芳园站", "capacity": 30 }, "geometry": { "type": "Point", "coordinates": [ 115.96976433, 40.46277642 ] } },
{ "type": "Feature", "properties": { "station_id": 3238, "name": "川北小区站", "capacity": 25 }, "geometry": { "type": "Point", "coordinates": [ 115.97555163, 40.46255013 ] } },
{ "type": "Feature", "properties": { "station_id": 3239, "name": "香苑街站", "capacity": 30 }, "geometry": { "type": "Point", "coordinates": [ 115.96873089, 40.45572514 ] } },
{ "type": "Feature", "properties": { "station_id": 3240, "name": "体育场小区站", "capacity": 30 }, "geometry": { "type": "Point", "coordinates": [ 115.96316207, 40.46446845 ] } },
{ "type": "Feature", "properties": { "station_id": 3241, "name": "新兴小区西区站", "capacity": 30 }, "geometry": { "type": "Point", "coordinates": [ 115.97907932, 40.46736327 ] } },
{ "type": "Feature", "properties": { "station_id": 3242, "name": "尚书苑站", "capacity": 30 }, "geometry": { "type": "Point", "coordinates": [ 115.97290467, 40.46712962 ] } },
{ "type": "Feature", "properties": { "station_id": 3243, "name": "文化馆小剧场站", "capacity": 30 }, "geometry": { "type": "Point", "coordinates": [ 115.97043272, 40.46964563 ] } },
{ "type": "Feature", "properties": { "station_id": 3244, "name": "格兰山水二期站", "capacity": 40 }, "geometry": { "type": "Point", "coordinates": [ 115.96455361, 40.46814811 ] } },
{ "type": "Feature", "properties": { "station_id": 3245, "name": "延庆电大站", "capacity": 30 }, "geometry": { "type": "Point", "coordinates": [ 115.96910183, 40.46933289 ] } },
{ "type": "Feature", "properties": { "station_id": 3246, "name": "观澜国际公寓站", "capacity": 20 }, "geometry": { "type": "Point", "coordinates": [ 115.9690406, 40.47234534 ] } },
{ "type": "Feature", "properties": { "station_id": 3247, "name": "南菜园二区南区站", "capacity": 30 }, "geometry": { "type": "Point", "coordinates": [ 115.96954619, 40.4438412 ] } },
{ "type": "Feature", "properties": { "station_id": 3248, "name": "儒林苑小区站", "capacity": 30 }, "geometry": { "type": "Point", "coordinates": [ 116.49362455, 39.79288608 ] } },
{ "type": "Feature", "properties": { "station_id": 3249, "name": "莲花苑小区西门站", "capacity": 30 }, "geometry": { "type": "Point", "coordinates": [ 115.98657933, 40.44404283 ] } },
{ "type": "Feature", "properties": { "station_id": 3250, "name": "双路小区站", "capacity": 30 }, "geometry": { "type": "Point", "coordinates": [ 115.996552, 40.46313512 ] } },
{ "type": "Feature", "properties": { "station_id": 3251, "name": "燕水佳园站", "capacity": 25 }, "geometry": { "type": "Point", "coordinates": [ 116.44150903, 39.970093 ] } },
{ "type": "Feature", "properties": { "station_id": 3252, "name": "颖泽州小区站", "capacity": 30 }, "geometry": { "type": "Point", "coordinates": [ 115.97470953, 40.44701424 ] } },
{ "type": "Feature", "properties": { "station_id": 3253, "name": "新兴小区西区东门站", "capacity": 30 }, "geometry": { "type": "Point", "coordinates": [ 115.98294188, 40.4680114 ] } },
{ "type": "Feature", "properties": { "station_id": 3254, "name": "延庆三幼站", "capacity": 30 }, "geometry": { "type": "Point", "coordinates": [ 115.97935361, 40.46303465 ] } },
{ "type": "Feature", "properties": { "station_id": 3255, "name": "延庆中医院站", "capacity": 20 }, "geometry": { "type": "Point", "coordinates": [ 115.97725407, 40.46969459 ] } },
{ "type": "Feature", "properties": { "station_id": 3256, "name": "延庆妇幼站", "capacity": 25 }, "geometry": { "type": "Point", "coordinates": [ 116.46889599, 39.92994119 ] } },
{ "type": "Feature", "properties": { "station_id": 3257, "name": "百泉街道站", "capacity": 10 }, "geometry": { "type": "Point", "coordinates": [ 115.97480931, 40.43976135 ] } },
{ "type": "Feature", "properties": { "station_id": 3258, "name": "延庆交通局站", "capacity": 30 }, "geometry": { "type": "Point", "coordinates": [ 115.97730352, 40.43971975 ] } },
{ "type": "Feature", "properties": { "station_id": 3259, "name": "南菜园二区站", "capacity": 35 }, "geometry": { "type": "Point", "coordinates": [ 115.96986548, 40.44492323 ] } },
{ "type": "Feature", "properties": { "station_id": 3260, "name": "延庆法院站", "capacity": 30 }, "geometry": { "type": "Point", "coordinates": [ 115.96404634, 40.44951118 ] } },
{ "type": "Feature", "properties": { "station_id": 3261, "name": "颖泽州商厦站", "capacity": 30 }, "geometry": { "type": "Point", "coordinates": [ 115.97612379, 40.44815406 ] } },
{ "type": "Feature", "properties": { "station_id": 3262, "name": "湖南小区站", "capacity": 25 }, "geometry": { "type": "Point", "coordinates": [ 115.97897493, 40.45119617 ] } },
{ "type": "Feature", "properties": { "station_id": 3263, "name": "延庆五中站", "capacity": 25 }, "geometry": { "type": "Point", "coordinates": [ 115.98454821, 40.45226243 ] } },
{ "type": "Feature", "properties": { "station_id": 3264, "name": "小营小区站", "capacity": 20 }, "geometry": { "type": "Point", "coordinates": [ 115.98298868, 40.45880275 ] } },
{ "type": "Feature", "properties": { "station_id": 3265, "name": "延庆体育局站", "capacity": 30 }, "geometry": { "type": "Point", "coordinates": [ 115.97630534, 40.45565772 ] } },
{ "type": "Feature", "properties": { "station_id": 3266, "name": "延康路站", "capacity": 25 }, "geometry": { "type": "Point", "coordinates": [ 115.96441844, 40.45441002 ] } },
{ "type": "Feature", "properties": { "station_id": 3267, "name": "悦安居站", "capacity": 40 }, "geometry": { "type": "Point", "coordinates": [ 115.9506616, 40.46207834 ] } },
{ "type": "Feature", "properties": { "station_id": 3268, "name": "北关小区站", "capacity": 35 }, "geometry": { "type": "Point", "coordinates": [ 115.96294155, 40.46381319 ] } },
{ "type": "Feature", "properties": { "station_id": 3269, "name": "延庆一小站", "capacity": 30 }, "geometry": { "type": "Point", "coordinates": [ 115.96364933, 40.46108878 ] } },
{ "type": "Feature", "properties": { "station_id": 3270, "name": "沃尔玛站", "capacity": 30 }, "geometry": { "type": "Point", "coordinates": [ 115.96893564, 40.46045659 ] } },
{ "type": "Feature", "properties": { "station_id": 3271, "name": "中踏广场站", "capacity": 30 }, "geometry": { "type": "Point", "coordinates": [ 115.97012228, 40.45886321 ] } },
{ "type": "Feature", "properties": { "station_id": 3272, "name": "妫水北街南站", "capacity": 20 }, "geometry": { "type": "Point", "coordinates": [ 115.97087497, 40.46066085 ] } },
{ "type": "Feature", "properties": { "station_id": 3273, "name": "公交石河营站", "capacity": 20 }, "geometry": { "type": "Point", "coordinates": [ 115.977605, 40.46070623 ] } },
{ "type": "Feature", "properties": { "station_id": 3274, "name": "延庆水务局站", "capacity": 30 }, "geometry": { "type": "Point", "coordinates": [ 115.99301662, 40.46330605 ] } },
{ "type": "Feature", "properties": { "station_id": 3275, "name": "兴运嘉园站", "capacity": 30 }, "geometry": { "type": "Point", "coordinates": [ 115.99278062, 40.46570899 ] } },
{ "type": "Feature", "properties": { "station_id": 3276, "name": "香水苑公园东站", "capacity": 25 }, "geometry": { "type": "Point", "coordinates": [ 115.98945723, 40.47266263 ] } },
{ "type": "Feature", "properties": { "station_id": 3277, "name": "延庆教委会站", "capacity": 20 }, "geometry": { "type": "Point", "coordinates": [ 115.98484294, 40.466286 ] } },
{ "type": "Feature", "properties": { "station_id": 3278, "name": "新兴小区3号楼站", "capacity": 30 }, "geometry": { "type": "Point", "coordinates": [ 115.97928471, 40.46663818 ] } },
{ "type": "Feature", "properties": { "station_id": 3279, "name": "川北小区11号楼站", "capacity": 35 }, "geometry": { "type": "Point", "coordinates": [ 115.97606853, 40.46408147 ] } },
{ "type": "Feature", "properties": { "station_id": 3280, "name": "延庆博物馆站", "capacity": 30 }, "geometry": { "type": "Point", "coordinates": [ 115.97136105, 40.46573846 ] } },
{ "type": "Feature", "properties": { "station_id": 3281, "name": "温泉南区东里西站", "capacity": 30 }, "geometry": { "type": "Point", "coordinates": [ 115.96714732, 40.46811053 ] } },
{ "type": "Feature", "properties": { "station_id": 3282, "name": "恒安中街北口站", "capacity": 35 }, "geometry": { "type": "Point", "coordinates": [ 115.97670663, 40.46920051 ] } },
{ "type": "Feature", "properties": { "station_id": 3283, "name": "会展中心站", "capacity": 35 }, "geometry": { "type": "Point", "coordinates": [ 115.9724175, 40.47074957 ] } },
{ "type": "Feature", "properties": { "station_id": 3284, "name": "延庆检察院站", "capacity": 30 }, "geometry": { "type": "Point", "coordinates": [ 115.97393784, 40.47545045 ] } },
{ "type": "Feature", "properties": { "station_id": 3285, "name": "疾控中心站", "capacity": 30 }, "geometry": { "type": "Point", "coordinates": [ 115.95812954, 40.4360281 ] } },
{ "type": "Feature", "properties": { "station_id": 3286, "name": "城隍庙街站", "capacity": 20 }, "geometry": { "type": "Point", "coordinates": [ 116.13240538, 39.73399116 ] } },
{ "type": "Feature", "properties": { "station_id": 3287, "name": "高铁延庆站", "capacity": 50 }, "geometry": { "type": "Point", "coordinates": [ 115.96873089, 40.45572514 ] } },
{ "type": "Feature", "properties": { "station_id": 3288, "name": "保障房站", "capacity": 35 }, "geometry": { "type": "Point", "coordinates": [ 116.40128192, 39.90262654 ] } },
{ "type": "Feature", "properties": { "station_id": 3289, "name": "延庆车站站", "capacity": 30 }, "geometry": { "type": "Point", "coordinates": [ 115.977605, 40.46070623 ] } },
{ "type": "Feature", "properties": { "station_id": 3290, "name": "永安小区站", "capacity": 20 }, "geometry": { "type": "Point", "coordinates": [ 115.96403763, 40.4582737 ] } },
{ "type": "Feature", "properties": { "station_id": 3291, "name": "延庆旅游局站", "capacity": 20 }, "geometry": { "type": "Point", "coordinates": [ 115.97400893, 40.45466917 ] } },
{ "type": "Feature", "properties": { "station_id": 3292, "name": "庆园街东口站", "capacity": 25 }, "geometry": { "type": "Point", "coordinates": [ 115.99301662, 40.46330605 ] } }
]
}
